Serial,PO Number,Tender Reference,Supplier,Country,Items Count,Total Amount,Currency,Budget Source,Status,Received Date,Transferred Date,Mode of Shipment,Remark
,4500010303,,Humanwell Pharmaceuticals Ethiopia PLC,Ethiopia,0,0.0,,,,,,,
,4500008737,"EPSA-ICB-G-0009-2018-BID-OPEN,LOT 1",Afrovision Pharmaceuticals,Ethiopia,1,23475530.21,ETB,RDF,,,2025-12-23,Truck,
,4500008549,,Haset Meditech PLC,Ethiopia,0,0.0,,,,,,,
,4500007543,ICB/EPSA6/RDF-ROUTINE/MI/21/21,Beeveejay Limited,,0,0.0,,,,,,,
,4500007381,,Hummanwell Pharmaceutical Ethiopia LTD,,0,,ETB,,,,,,
1633,4500011747,,Hetro Labs Limited,,0,0.0,,,,,,,
1615,4500011769,,Laurus Labs Limited,India,0,0.0,,,,,,,
1531,7473,NCB/EPSA6/RDF-R/PH/04/22,Humanwell Pharmaceutical Ethiopia PLC,Ethiopia,1,102636951.5,ETB,,,,,,
1416,7310,ICB/FRAMEWORK/PFSA6/RDF-R/PH/01/19,Novartis Pharma Services AG,Switzerland,1,8557.42,,RDF,,,,,
1414,7364,NCB/EPSA6/RDF-R/MS/05/22,Adama Development PLC,Ethiopia,1,275427369.0,ETB,RDF,,,,,
1343,7183,ICB/FW/PFSA6/RDF-R/MS/LS/02/19,GST Corporation Ltd,India,1,168433.06,USD,RDF,,,,,"7138 returned to tender 
Changed"
1332,7529,iCB/EPSA6/RDF-R/PH/13/22,SCOTT EDIL PHARMACIA LTD,India,2,59549.0,USD,RDF,,,,,Please enter PG expiry date
1331,4500005312,ET-MOH-400009-GO-RFB,"Jiangsu Saikang Medical Co.,Ltd",China,1,4357721.4,USD,WB,,,2025-07-03,,
1330,4500004837,EPSA-NCB-G-0055-2017-BID,Humanwell Pharmaceutical Ethiopa Plc,Ethiopia,2,40519914.0,ETB,RDF,,,2025-07-04,,
1329,4500004713,EPSA-ICB-G-0077-2017-BID-Re-bld (Treasury,Abbott Gmbh wiesbadan,German,1,394284.74,USD,Treasury,,,2025-07-25,,
1328,4500004710,EPSA-ICB-G-0077-2017-BID-Re-bld (SDG,Abbott Gmbh wiesbadan,German,1,104987.91,USD,SDG,,,2025-08-10,,
1327,4500004804,EPSA-ICB-G-008-2017-BID/HIV/HEP,"Hangzhou Alltest Biotech Co.,Ltd","Shzhou
 China",1,65870.0,USD,Treasury,,,2025-07-22,,
1326,4500002549,ICB/PFSA6/RDF/FW/Placement/20/18,Roche Kenya Limited Diagnostica division,Germany,1,1047094.54,USD,RDF,,,,,Please enter PG expiry date
1325,4500004094,EPSA-ICB-G-0018-2017-BID,Abbott Rapid DX International Ltd,Ireland,1,221555.66,USD,SDG,,,2025-06-10,,Please enter PG expiry date
1324,4500004114,EPSA-ICB-G-0012-2017-BID,Pil pharmaceutical Ltd,India,1,699812.3,USD,RDF,Cleared to Warehouse,,,,Please enter PG expiry date | 60 BT Short landed & 240 BT(228.5mg) low &240 BT over(457mg) total 300 BT Remain
1323,PO4500003852,NCB-G-0019-2017-BID,Pharmacure PLC,Ethiopia,4,284722555.7,ETB,RDF,,,,,Please enter PG expiry date
1322,4500004698,EPSA-ICB-G-0077-2017-BID-Re-bid (GF,Abbott Gmbh wiesbadan,German,1,2138372.81,USD,Treasury,,,,,LC extended
1321,4500004307,EPSA-NCB-G-0019-2017-BID,Addis pharmaceutical Factory Sc.,Ethiopia,10,610988379.5,ETB,RDF,,,,,Please enter PG expiry date
1320,4500004057,EPSA-NCB-G-0072-2017-BID,Afrovision pharmaceuticals,Ethiopia,7,11043986.0,ETB,Treasury,,,2025-05-13,,Please enter PG expiry date
1319,4500004182,ICB/EPSS6/RDF-R2016/MS/LS/12/23,Gst Corporation Ltd,India,2,6411.37,USD,RDF,,,,,Please enter PG expiry date
1318,4500003403,"ICB/EPSS6/SDG
/ELISA/BLOOD
/MS/LR/28/23",Avian International,India,2,83200.0,USD,SDG,,,2025-04-24,,Please enter PG expiry date
1317,4500009550,,Delta Instrument technology PLC,,1,,,,,,,,
1316,4500008389,ICB/EPSA6/RDF-ROUTINE/MI/21/21,Beeveejay Limited,,0,0.0,,,,,,,
1315,PO-4500004107,,"Beijing Aeonmed Co,.ltd",China,1,,,SDG,Active,,,,
1314,4500006026,,Beximco pharmaceuticals Ltd,Bangladesh,1,,,,Fully Delivered,,,,
1642,4500010516,EPSA-ICB-G-0014-2017-BID,Shanghai yuansheng international trade ;co,China,1,1535419.38,USD,RDF,,2026-07-27,2026-07-27,Sea,
1640,4500011934,EPSA-ICB-G-0012-2017-BID,Rise Global GMBH,Germany,1,427413.6,USD,RDF,,2026-07-24,,Sea,
1639,4500011901,EPSA-ICB-G-0134-2018-BID,Kilitch Drugs india ltd,Mumbai India,1,55358.4,USD,Treasury,,2026-07-24,,Sea,
1313,4500011208,ICB/PFSA6/RDF/FW/Placement/LR/2018,Fenway Trading co. Ltd,Taiwan,2,25775.9,USD,RDF,,2026-07-22,,Air,
1312,4500012464,EPSA-NCB-G-0119-2018,Novle Industrial Group,Ethiopia,1,13729170.0,ETB,RDF,Awaiting Delivery,2026-07-21,2026-07-21,Truck,
1311,4500012461,EPSA-NCB-G-0119-2018,Novle Industrial Group,Ethiopia,1,13729170.0,ETB,RDF,Awaiting Delivery,2026-07-21,2026-07-21,Truck,
1310,4500012102,ICB/EPSS6/RDF-R/PH/23/23,Bliss Gvs Phama Limited,india,1,232888.5,USD,RDF,On LC Opening Process,2026-07-17,2026-07-21,Air,
1309,4500012804,ICB/PFSA6/KI03/LR/18/22,Cliber Chemicals pvt.ltd,India,1,1215360.0,USD,Treasury,Awaiting Budget,2026-07-17,,Sea,
1308,4500011740,EPSA-ICB-G-0061-20187BID,Milan Laboratorie PVT LTD,India,1,10358.8,USD,SDG,Awaiting Budget,2026-07-17,,Sea,
1307,4500012363,EPSA-ICB-G-0111-2018-BID,Abbott Rapid Dx INt' LTD,Ireland,1,3055932.75,USD,GF,Awaiting PG,2026-07-17,2026-07-20,Sea,
1306,4500012364,EPSA-ICB-G-0111-2018-BID,Abbott Rapid Dx INt' LTD,Ireland,1,1971157.5,USD,SDG,Awaiting PG,2026-07-17,2026-07-20,Sea,
1305,4500011422,EPSA-ICB-G-0152-2018-BID,Hexagone Nutrition,China,1,2463700.36,USD,SDG,On LC Opening Process,2026-07-15,2026-07-20,Sea,
1304,4500012373,EPSA-ICB-G-0097-2018-BD,Jiangying jinfenng medical equipment Co.L,China,5,772073.94,USD,RDF,Awaiting PG,2026-07-14,2026-07-20,Sea,
1303,4500010940,EPSA-ICB-G-0097-2018-BID,Jiangying jinfenng medical equipment Co.L,China,0,772069.01,USD,RDF,Awaiting PG,2026-07-14,2026-07-20,Sea,
1302,4500011205,EPSS6/RT2/RDF-R/PLACMENT /LR/20/18,High Technology Inc,USA,2,4700.0,USD,RDF,Awaiting PG,2026-07-13,2026-07-13,Air,
1638,4500012044,EPSA-NCB-G-0119-2018-BID,Bahita Hailu G/yohanise / Lemamat Trading and Insustry,Ethiopia,1,687235808.0,ETB,RDF,,2026-07-06,2026-07-08,Truck,
1637,4500011203,EPSS6/RT2/RDF-R/PLACMENT /LR/20/18,High Technology Inc,USA,4,118677.58,USD,RDF,,2026-07-06,2026-07-06,Sea,
1636,4500010127,EPSA-NCB-G-0081-2018-BID,Life Cre Pharmceuticals trading,Ethiopia,1,3837650.7,ETB,GF,,2026-07-03,2027-06-30,Truck,
1635,4500011969,EPSA-NCB-G-0153-2018-BID,sanaheng Pharmaceutical PLC,Ethiopia,1,765950400.0,ETB,SDG,,2026-07-03,,Truck,
1634,4500012302,ICB/EPSS6/SDG and RDF/MD/19/24,Medoglobal Group FZC,UAE,1,2388000.0,USD,RDF,,2026-07-03,2026-07-21,Sea,
1338,4500011427,EPSA-ICB-G-0152-2018-BID,Tenama International FZ LLC,Utd.Arab. Emir,2,439649.25,USD,SDG,Awaiting PG,2026-07-03,2026-07-14,Sea,
1337,4500011434,EPSA-ICB-G-0152-2018-BID,Tenama International FZ LLC,Utd.Arab. Emir,2,1106646.64,USD,SDG,Awaiting PG,2026-07-03,2026-07-14,Sea,
1336,4500011438,EPSA-ICB-G-0152-2018-BID,Tenama International FZ LLC,Utd.Arab. Emir,2,3695596.52,USD,SDG,Awaiting PG,2026-07-03,2026-07-14,Sea,
1335,4500011433,EPSA-ICB-G-0152-2018-BID,Tenama International FZ LLC,Utd.Arab. Emir,2,236523.4,USD,SDG,Awaiting PG,2026-07-03,2026-07-14,Sea,
1334,4500011436,EPSA-ICB-G-0152-2018-BID,Tenama International FZ LLC,Utd.Arab. Emir,2,397313.18,USD,SDG,Awaiting PG,2026-07-03,2026-07-14,Sea,
1333,4500011440,EPSA-ICB-G-0152-2018-BID,Tenama International FZ LLC,Utd.Arab. Emir,2,4708489.94,USD,Treasury,Awaiting PG,2026-07-03,2026-07-14,Sea,
1632,4500011418,EPSA-ICB-G-0152-2018-BID,Hexagone Nutrition,China,1,737749.1,USD,SDG,,2026-07-01,,Sea,
1631,4500011425,EPSA-ICB-G-0152-2018-BID,Hexagone Nutrition,China,1,607380.2,USD,Treasury,,2026-07-01,,Sea,
1630,4500011423,EPSA-ICB-G-0152-2018-BID,Hexagone Nutrition,China,1,659450.65,USD,SDG,,2026-07-01,,Sea,
1629,4500011421,EPSA-ICB-G-0152-2018-BID,Hexagon Nutrition,China,1,380162.64,USD,Treasury,,2026-07-01,,Sea,
1628,4500011420,EPSA-ICB-G-0152-2018-BID,Hexagon Nutrition,China,1,3139008.62,USD,Treasury,,2026-07-01,2026-07-03,Sea,
1627,4500010938,EPSA-NCB-G-0122-2018-BID,Life care pharmaceutical tradiing,Ethiopia,2,43632897.73,ETB,Treasury,,2026-07-01,2026-07-01,Truck,
1626,4500010939,EPSA-NCB-G-0122-2018-BID,Life care pharmaceutical tradiing,Ethiopia,1,559333.08,ETB,GF,,2026-07-01,2026-07-01,Truck,
1535,7486,NCB/EPSA6/RDF-R/PH/04/22,Humanwell Pharmaceutical Ethiopia PLC,Ethiopia,3,82288680.0,ETB,,,2026-06-30,,,
1301,4500011751,ICB/FW/EPSA6/MOH-GF/ARV/PH/01/23,Mylan Laboratories,India,2,1212699.6,USD,GF,Awaiting PG,2026-06-30,2026-07-13,Sea,
1300,4500011741,ICB/EPSA6/MOH/GF/NFMIII/ARV/OI/PH/20/23,Mylan Laboratories,India,2,591807.12,USD,GF,Awaiting PG,2026-06-30,2026-07-13,Sea,
1625,4500011685,EPSA-ICB-G-0134-2018-BID,Leben laboratories,India,1,786842.83,USD,Treasury,,2026-06-29,2026-06-30,Sea,
1624,4500011308,EPSA-NCB-G-0119-2018-BID,Afrovision Pharmaceuticals,Ethiopia,1,3283632.0,ETB,SDG,,2026-06-29,,Truck,
1623,4500011295,EPSA-NCB-G-0119-2018-BID,Afrovision Pharmaceuticals,Ethiopia,3,857261.0,ETB,Treasury,,2026-06-29,,Truck,
1622,4500012130,EPSA-NCB-G-0119-2018-BID,Afrovision Pharmaceuticals,Ethiopia,4,17425437.25,ETB,RDF,,2026-06-29,2026-07-01,Truck,
1621,4500011902,EPSA-NCB-G-0119-2018-BID,Afrovision Pharmaceuticals,Ethiopia,2,288425.0,ETB,Treasury,,2026-06-29,,Truck,
1620,4500011957,EPSA-NCB-G-0119-2018-BID,Afrovision Pharmaceuticals,Ethiopia,2,11419921.2,ETB,RDF,,2026-06-29,2026-07-01,Truck,
1619,4500012129,EPSA-NCB-G-0119-2018-BID,Afrovision Pharmaceuticals,Ethiopia,2,6481029.0,ETB,RDF,,2026-06-29,2026-07-01,Truck,
1618,4500011286,EPSA-NCB-G-0119-2018-BID,Afrovision Pharmaceuticals,Ethiopia,3,134924.0,ETB,GF,,2026-06-29,2026-07-01,Truck,
1613,4500011772,EPSA-NCB-G-0133-2018-BID,M/S Hilina Enriched food PLC,Ethiopia,1,885794000.0,ETB,Treasury,,2026-06-29,2026-06-30,Truck,
1594,4500012139,EPSA-NCB-G-0119-2024,Folliumm Trading PLC,Ethiopia,1,1424422.0,ETB,RDF,,2026-06-29,2026-06-25,Truck,
1593,4500012137,EPSA-NCB-G-0119-2023,Folliumm Trading PLC,Ethiopia,1,712810.0,ETB,RDF,,2026-06-28,2026-06-25,Truck,
1617,4500012150,EPSA-NCB-G-0101-2018-BID,Axial Importer and manufacturing,Ethiopia,1,10800000.0,ETB,Treasury,,2026-06-26,,Truck,
1616,4500012152,EPSA-NCB-G-0101-2018-BID,Axial Importer and manufacturing,Ethiopia,1,27900000.0,ETB,RDF,,2026-06-26,2026-06-30,Truck,
1299,4500011681,EPSA-ICB-G-0109-2017-BID,Syngenta crop  protection,Switherland,2,2522741.76,USD,SDG,On LC Opening Process,2026-06-26,2026-06-26,Sea,
1614,4500010406,EPSA-ICB-G-0016-2018-BID,BostonMedical FZE),Utd Arab Emir,4,4746.62,USD,SDG,,2026-06-25,2026-07-21,Air,
1591,4500012131,EPSA-NCB-G-0119-2020,Folliumm Trading PLC,Ethiopia,1,4797252.0,ETB,RDF,,2026-06-25,2026-06-25,Truck,
1587,4500012067,EPSA-NCB-G-0040-2017-BID,Sansheng Pharmaceutical PLC,Ethiopia,1,55374840.0,ETB,RDF,,2026-06-25,,Truck,
1612,4500011843,EPSA-NCB-G-0026-2018-BID,Glocare Pharma Manufacturing PLC,Ethiopia,1,5905724.0,ETB,RDF,,2026-06-24,2026-06-25,Truck,
1611,4500008899,ICB/EPSS6/SDG &RDF/MD/19/24,Rey International FZC,Utd Arab Emir,1,10416.5,USD,SDG,,2026-06-24,2026-07-21,Air,
1610,4500011600,EPSA-ICB-G-0014-2017-BID,Gst Corporation Ltd,India,1,5421.16,USD,RDF,,2026-06-24,,Sea,
1609,4500003996,ICB/EPSS6//MOH-SDG/SPARE-PART/MD/05/24,Fuji film middle east FZE,Utd arab emir,4,12762.5,USD,SDG,,2026-06-24,2026-06-25,Air,
1608,4500011842,EPSA-ICB-G-0042-2018-BID,Pil Pharmaceutical LTD,India,1,37026.24,USD,RDF,,2026-06-24,2026-06-25,Sea,
1607,4500011670,EPSA-ICB-G-0042-2018-BID,Pil Pharmaceutical LTD,India,1,123420.96,USD,RDF,,2026-06-24,2026-06-25,Sea,
1606,4500011745,ICB/FW/EPSS6/MOH-GF/ARV/PH/20/23,Macleods pharmaceuticals Ltd,India,1,50684.16,USD,GF,,2026-06-24,2026-07-13,Sea,
1605,4500010492,EPSA-ICB-G-0097-2017-BID,Gst Corporation LTD,India,1,21689.08,USD,SDG,,2026-06-24,2026-06-25,Sea,
1604,4500009430,EPSA-ICB-G-0061-2017-BID,Ida Foundation,Netherlands,1,3554615.4,USD,Treasury,,2026-06-24,2026-07-21,Sea,
1603,4500009434,EPSA-ICB-G-0061-2017-BID,Ida Foundation,Netherlands,1,2534699.9,USD,SDG,,2026-06-24,2026-07-21,Sea,
1602,4500011601,EPSA-ICB-G-0014-2017-BID,Rise Global GMBH,Germany,1,3614.12,USD,,,2026-06-24,,Sea,
1601,4500011763,ICB/FW/EPSS6/MOH-GF/Malaria/PH/14/23,Macleods Pharmaceutical LTD,India,2,558678.3,USD,SDG,,2026-06-24,,Sea,
1600,4500012009,EPSA-ICB-G-0012-2017-BID,Pil pharmaceutical Ltd,India,1,209452.8,USD,RDF,,2026-06-24,2026-06-25,Sea,
1590,4500011967,EPSA-NCB-G-0119-2019,Folliumm Trading PLC,Ethiopia,1,6979969.15,ETB,RDF,,2026-06-24,2026-06-25,Truck,
1588,4500011623,EPSA-NCB-G-0025-2018-BID,Glocare Pharma Manufacturing PLC,Ethiopia,1,47505600.0,ETB,RDF,,2026-06-24,2026-06-24,Truck,
1586,4500011624,EPSA-NCB-G-0025-2018-BID,Humanwell Pharmaceuical Ethiopia PLC,Ethiopia,1,28502400.0,ETB,RDF,,2026-06-24,,Truck,
1585,4500011844,EPSA-NCB-G-0026-2018-BID,Humanwell Pharmaceuical Ethiopia PLC,Ethiopia,1,3937202.0,ETB,RDF,,2026-06-24,,Truck,
1584,4500011605,EPSA-NCB-G-0021-2018-BID,Humanwell Pharmaceuical Ethiopia PLC,Ethiopia,2,16316492.0,ETB,RDF,,2026-06-24,,Truck,
1599,4500011728,EPSA-ICB-G-0084-2018-BID,Jianixi hongda megdical equpment,China,3,52517.0,USD,RDF,,2026-06-23,2026-06-25,Sea,
1598,4500011729,EPSA-ICB-G-0084-2018-BID,Jianixi hongda megdical equpment,China,4,22420.5,USD,RDF,,2026-06-23,2026-06-25,Sea,
1597,4500010146,EPSA-ICB-G-0074-2018-BID,Rochy kenya,Kenya,1,594152.24,USD,Treasury,,2026-06-23,2026-06-25,Air,
1596,4500010144,EPSA-ICB-G-0074-2018-BID,Rochy kenya,Kenya,1,334173.0,USD,GF,,2026-06-23,2026-06-25,Air,
1595,4500010148,EPSA-ICB-G-0074-2018-BID,Rochy kenya,Kenya,1,1750.0,USD,SDG,,2026-06-23,2026-06-25,Air,
1592,4500012135,EPSA-NCB-G-0119-2021,Folliumm Trading PLC,Ethiopia,2,11777113.15,ETB,RDF,,2026-06-23,2026-06-25,Truck,
1589,4500011290,EPSA-NCB-G-0119-2018,Folliumm Trading PLC,Ethiopia,1,4925556.0,ETB,SDG,,2026-06-23,,Truck,
1583,4500012214,EPSA-NCB-G-0122-2018-BID,Wise Team PLC,Ethiopia,2,11415490.0,ETB,Treasury,,2026-06-23,,Truck,
1582,4500012212,EPSA-NCB-G-0122-2018-BID,Wise Team PLC,Ethiopia,2,14120275.0,ETB,GF,,2026-06-23,,Truck,
1581,4500012210,EPSA-NCB-G-0122-2018-BID,Wise Team PLC,Ethiopia,1,645667.0,ETB,SDG,,2026-06-23,,Truck,
1580,4500011039,EPSA-ICB-G-0061-2017-BID,Ida Foundation,Netherlands,1,4004104.3,USD,Treasury,,2026-06-18,,Sea,
1579,4500011042,EPSA-ICB-G-0061-2017-BID,Ida Foundation,Netherlands,1,2472529.3,USD,SDG,,2026-06-18,,Sea,
1578,4500010217,EPSA-ICB-G-0068-2018-BID,Mission pharma,Denmark,2,1115000.0,USD,SDG,,2026-06-18,2026-06-19,Sea,
1577,4500011616,EPSA-ICB-G-0012-BID,UNITED PHARMA (K) Limited,Kenya,1,96109.5,USD,RDF,,2026-06-18,2026-06-22,Sea,
1576,4500011201,ICB/EPSA6/RDF/FW/PLACEMENT/LR/2018,Sysmex Europe SE,Norderstedt Germany,4,398125.7,USD,RDF,,2026-06-17,2026-06-22,Sea,
1575,4500011202,ICB/PFSA6/RDF/FW/PLACEMENT/LR/2018,Sysmex Europe SE,Norderstedt Germany,5,17361.7,EUR,RDF,,2026-06-17,2026-06-22,Air,
1574,4500012069,EPSA-ICB-G-0097-2018-BID,Care pharma FZ LLC,Utd Arab Emir,1,15288.0,USD,RDF,,2026-06-17,2026-06-22,Sea,
1573,4500010933,EPSA-NCB-G-0122-2018-BID,Haneva trading,Ethiopia,2,894695.8,ETB,GF,,2026-06-17,2026-06-25,Truck,
1572,4500010934,EPSA-NCB-G-0122-2018-BID,Haneva trading,Ethiopia,2,269693.32,ETB,Treasury,,2026-06-17,2026-06-17,Truck,
1571,4500010907,EPSA-NCB-G-0122-2018-BID,Haneva trading,Ethiopia,5,1626619.24,ETB,SDG,,2026-06-17,,Truck,
1570,4500011611,EPSA-ICB-G-0012-2017-BID,VHB Medi Sciences Limited,India,1,233285.6,USD,RDF,,2026-06-17,2026-06-22,Sea,
1569,4500010391,EPSA-ICB-G-0012-2017-BID,REMEDICA LTD,CYPRUS,1,169698.6,USD,RDF,,2026-06-17,2026-06-17,Sea,
1568,4500011610,EPSA-ICB-G-0012-2017-BID,Ciron Drugs And Pharmaceuticals Pvt Ltd.,India,1,155524.0,USD,RDF,,2026-06-17,2026-06-22,Sea,
1567,4500012038,EPSA-ICB-G-0038-2018-BID,"Shenzhen lanmage medical techno co., ltd",Ethiopia,1,60897.0,USD,RDF,,2026-06-17,2026-06-25,Sea,
1566,4500012043,EPSA-NCB-G-0119-2018-BID,Bahita Hailu G/yohanise / Lemamat Trading and Insustry,Ethiopia,1,458156906.0,ETB,RDF,,2026-06-16,2026-06-17,Truck,
1565,4500010860,EPSA-ICB-G-0057-2018-BID,Reyoung Pharmaceuticals,China,1,2597.98,USD,GF,,2026-06-15,2026-06-16,Sea,
1564,4500010448,EPSA-ICB-G-0097-2018-BD,Avian International,India,2,26688.5,USD,Treasury,,2026-06-15,2026-06-16,Sea,
1563,4500010449,EPSA-ICB-G-0097-2018-BD,Avian International,India,1,610936.2,USD,SDG,,2026-06-15,2026-06-16,Sea,
1562,4500011753,EPSA-ICB-G-0097-2018-BD,Avian International,India,1,610936.2,USD,SDG,,2026-06-15,2026-06-16,Sea,
1561,4500010972,EPSA-ICB-G-0097-2018-BD,RISE GLOBAL GMBH,Germany,1,7149.78,USD,RDF,,2026-06-15,2026-06-16,Sea,
1560,4500011986,EPSA-ICB-G-0068-2018-BD,United Pharma,Kenya,1,19500.0,USD,Treasury,,2026-06-15,2026-07-23,Sea,
1559,4500010491,EPSA-NCB-G-0097-2018-BID,Leyan Pharmceuticls importer,Ethiopia,2,399269800.8,ETB,Treasury,,2026-06-15,2026-06-17,Truck,
1641,4500010873,EPSA-NCB-G-0025-2018-BID,,,1,21486640.0,ETB,,Released,2026-06-12,2026-06-12,Truck,
1557,4500011606,EPSA-NCB-G-0021-2018-BID,Sansheng Pharmaceuticals,Ethiopia,2,31320709.0,ETB,RDF,,2026-06-12,2026-06-12,Truck,
1556,4500011631,EPSA-NCB-G-0025-2018-BID,Sansheng Pharmaceuticals,Ethiopia,1,19003200.0,ETB,RDF,,2026-06-12,2026-06-12,Truck,
1555,4500011655,EPSA-NCB-G-0055-2017,Sansheng Pharmaceuticals,Ethiopia,1,18937710.0,ETB,RDF,,2026-06-12,2026-06-12,Truck,
1298,4500010873,EPSA-NCB-G-0025-2018-BID,Sanshang Pharmaceutical PLC,Ethiopia,2,21486640.0,ETB,GF,Fully Delivered,2026-06-12,2026-06-12,Truck,
1558,4500011618,EPSA-NCB-G-0054-2018-BID,Sansheng Pharmaceuticals,Ethiopia,1,19705140.0,ETB,RDF,,2026-06-11,2026-06-12,Truck,
1554,4500010937,EPSA-NCB-G-0122-2018-BID,Z Care pharma trading,Ethiopia,3,18659813.0,ETB,Treasury,,2026-06-09,2026-06-12,Truck,
1553,4500010936,EPSA-NCB-G-0122-2018-BID,Z Care pharma trading,Ethiopia,2,4984110.0,ETB,GF,,2026-06-09,2026-06-25,Truck,
1552,4500010382,EPSA-NCB-G-0079-2018-BID,Pharmaget health care,Ethiopia,1,6038370.0,ETB,Treasury,,2026-06-08,2026-06-11,Truck,
1551,4500010386,EPSA-NCB-G-0079-2018-BID,Pharmaget health care,Ethiopia,1,2427277.68,ETB,SDG,,2026-06-08,2026-06-11,Truck,
1550,4500011647,EPSA-NCB-G-0079-2018-BID,Pharmaget health care,Ethiopia,1,5483252.52,ETB,RDF,,2026-06-08,2026-06-11,Truck,
1549,4500011726,EPSA-NCB-G-0079-2018-BID,Afrovision pharmaceuticals,Ethiopia,1,3655501.68,ETB,RDF,,2026-06-08,2026-06-08,Truck,
1548,4500010387,EPSA-NCB-G-0079-2018-BID,Afrovision pharmaceuticals,Ethiopia,1,1618185.12,ETB,SDG,,2026-06-08,2026-06-08,Truck,
1547,4500011636,EPSA-ICB-G-0012-2017-BID,Medicamen Biotech Limited,India,1,36772.4,USD,RDF,,2026-06-08,2026-06-22,Sea,
1546,4500011617,EPSA-ICB-G-0054-2018-BID,Scott Edill Pharmacia LTD,India,1,15336.0,USD,RDF,,2026-06-08,2026-06-22,Sea,
1545,4500011619,ICB/EPSS6/RDF-R/PH/27/23,Leben Laboratories Pvt.Ltd,India,1,28003.68,USD,RDF,,2026-06-08,2026-06-22,Sea,
1544,4500011622,EPSA-ICB-G-0012-2018-BID,Galentic Pharma,India,1,39192.66,USD,RDF,,2026-06-08,2026-06-22,Sea,
1339,4500011646,EPSA-ICB-G-0012-2017-BD,The Say Pharma Drug store LLC,Utd Arab Emir,1,25580.8,USD,RDF,Awaiting PG,2026-06-08,2026-06-22,Sea,
1297,4500011316,EPSA-ICB-G-0097-2018-BID,"Beijing Beilu Pharmaceutical Co, ltd",China,1,116028.0,USD,RDF,Awaiting PG,2026-06-08,2026-06-22,Sea,
1296,4500010288,EPSA-ICB-G-0061-2017-BID,Ida Foundation,Netherlands,10,2424426.5,USD,SDG,Awaiting PG,2026-06-05,2026-06-09,Sea,Tripartite Issue
1295,4500010289,EPSA-ICB-G-0061-2017-BID,Ida Foundation,Netherlands,10,6709886.8,USD,SDG,Awaiting PG,2026-06-05,2026-06-09,Sea,Tripartite Issue
1294,4500010296,EPSA-ICB-G-0012-2017-BID,"Cspc Ouyi Pharmaceutical Co.,Ltd",shijiazhuang China,1,64120.4,USD,RDF,On LC Opening Process,2026-06-04,2026-06-05,Sea,
1293,4500010400,EPSA-ICB-G-0007-2018-BID,Care Pharma FZ LLC,Utd Arab Emir,1,7009.2,USD,RDF,On LC Opening Process,2026-06-04,2026-06-04,Sea,
1292,4500010295,EPSA-ICB-G-0012-2017-Bid,Brawn Laboratories Ltd,India,1,96179.87,USD,RDF,On LC Opening Process,2026-06-03,2026-06-05,Sea,
1291,4500011022,EPSA-NCB-G-0119-2018-BID,Bahita Hailu G/yohanise / Lemamat Trading and Insustry,Ethiopia,1,15045092.0,ETB,Treasury,Fully Delivered,2026-06-03,2026-06-12,Truck,
1290,4500011021,EPSA-NCB-G-0119-2018-BID,Bahita Hailu G/yohanise / Lemamat Trading and Insustry,Ethiopia,1,486720490.0,ETB,SDG,Partially Delivered,2026-06-03,2026-07-07,Truck,
1289,4500010849,ICB/EPSS6/RDF-R/PH/27/23,Sakar Healthcare Limited,India,1,6324.48,USD,SDG,On LC Opening Process,2026-05-26,2026-05-26,Sea,
1288,4500010335,ICB/PSA6/COVID-19/MOH/MI/08/20,"Guangdong Biolight Meditech Co., Ltd",China,1,5094.6,USD,Treasury,Awaiting Budget,2026-05-26,2026-06-25,Sea,
1287,4500010333,ICB/PSA6/COVID-19/MOH/MI/08/20,"Guangdong Biolight Meditech Co., Ltd",China,1,18680.2,USD,SDG,Awaiting Budget,2026-05-26,2026-06-25,Sea,
1286,4500009788,EPSA-ICB-G-0061-2017-Bid,Tenama International FZ-LLC,Utd.Arab Ermir,1,43412.5,USD,SDG,Awaiting Shipment,2026-05-25,2026-05-26,Sea,
1285,4500010864,EPSA-ICB-G-0096-2018,PNW International FZ-LLC,UAE,1,1072469.5,USD,Treasury,Shipped / In Transit,2026-05-25,2026-05-25,Sea,
1284,4500009552,ICB/EPSS6/SDG AND RDF/MD/19/24,Shenzhen Comen Medical Instruments Co.Ltd,China,1,67400.0,USD,SDG,Awaiting Shipment,2026-05-25,2026-05-25,Sea,
1283,4500009631,ICB/EPSA6/RDF-Routine/MD/10/22,Shenzhen Comen Medical Instruments Co.Ltd,China,1,89460.0,USD,SDG,On LC Opening Process,2026-05-25,2026-05-25,Sea,
,4500009529,ICB/EPSS6/MOH-SDG/MD/29/23,Fenway Trading Co ltd,Taiwan,1,64800.0,USD,MOF-ME,,2026-05-21,2026-05-21,Sea,
1282,4500009548,ICB/EPSS6/MOH-SDG/MD/29/23,Fenway Trading Co ltd,Taiwan,1,74400.0,USD,SDG,Under Production,2026-05-21,2026-05-21,Sea,
1281,4500008895,"ICB/EPSS6/Routine,SRHB&SG/MD/26/23",Rise Global GMBH,Germany,1,26325.0,USD,Treasury,Awaiting Shipment,2026-05-21,2026-05-21,Sea,
1280,4500008894,"ICB/EPSS6/Routine,SRHB&SG/MD/26/23",Rise Global GMBH,Germany,1,127725.0,USD,SDG,Under Production,2026-05-21,2026-05-21,Sea,
1279,4500004626,EPSA-ICB-G-0061-2017,Guangzhou Double One Latex Products CO,China,1,,USD,SDG,Awaiting PG,2026-05-20,2026-05-21,Sea,
1278,4500010430,EPSA-ICB-G-0069-2018,Aafrovision pharmaceuticals and chemicals plc,Ethiopia,1,36208998.0,ETB,SDG,Awaiting Delivery,2026-05-18,2026-05-18,Truck,
1277,4500011045,EPSA-ICB-G-0105-2018-BD,Berlinger Special Ag,Switherland,8,29635.0,,RDF,Fully Delivered,2026-05-11,2026-05-11,Air,
1276,4500010908,EPSA-NCB-G-00121-2018-BD,Gilando Biomedical Solution PLC,Ethiopia,3,16706465.0,ETB,Treasury,Fully Delivered,2026-05-08,2026-05-08,Truck,Transferred to local team. The products are fully delivered before we receive the PO. So that PG not required.
1275,4500009053,ICB/EPSA6/RDF-R/MI/21/21,Zaman Project Management,UAE,1,112970.91,USD,SDG,Awaiting PG,2026-05-07,2026-05-07,Sea,
1274,4500010385,EPSS/DT/EPHI-VACCINE/PH/28/25,Sanofi Pasteur,France,1,90000.0,EUR,EPHI,Awaiting Budget,2026-05-07,2026-05-07,Air,Budget is not allocated by EPHI yet
1273,4500007398,EPSA-NCB-G-0019-2017-BD,Ethiopia Pharmaceutical Mnufacturing S.C,Ethiopia,2,60459729.0,ETB,RDF,Awaiting Delivery,2026-05-06,2026-05-06,Truck,
1272,4500009558,ICB/EPSS6/MOH-SDG/MD/29/23,"Jiangsu Saikang Medical Co,ltd",China,1,3255.0,USD,Treasury,Awaiting Shipment,2026-05-04,2026-05-06,Sea,
1271,4500009556,ICB/EPSS6/MOH-SDG/MD/29/23,"Jiangsu Saikang Medical Co,ltd",China,2,8190.0,USD,SDG,Awaiting Shipment,2026-05-04,2026-05-06,Sea,
1270,4500009569,ICB/EPSS6/MOH-SDG/MD/29/23,Life root trading FZE,UAE,1,214200.0,USD,SDG,Awaiting Shipment,2026-05-04,2026-05-06,Sea,
1269,4500008991,EPSA-ICB-G-0028-2018-BD,Shiv dial sud and sons,India,1,258874.0,USD,GF,Awaiting Shipment,2026-04-30,2026-05-04,Sea,
1268,4500010451,EPSA-NCB-G-0097-2018-BD,Z  Care pharma PLC,Ethiopia,1,21100249.0,ETB,SDG,Awaiting Delivery,2026-04-29,2026-05-06,Truck,
1267,4500010450,EPSA-NCB-G-0097-2018-BD,Z  Care pharma PLC,Ethiopia,1,4961527.0,ETB,GF,Awaiting Delivery,2026-04-29,2026-05-28,Truck,
1266,4500010436,EPSA-NCB-G-0069-2018-BD,Glocare Pharma Manufacturing,Ethiopia,1,13609890.0,ETB,SDG,Awaiting Delivery,2026-04-29,2026-04-29,Truck,
1265,4500010471,EPSA-NCB-G-0069-2018-BD,Glocare Pharma Manufacturing,Ethiopia,1,4370300.0,ETB,Treasury,Awaiting Delivery,2026-04-29,2026-04-29,Truck,
1264,4500010515,EPSA-ICB-G-0008-2017-BD,"Hangzhou Alltest Biotech CO., LTD",CHINA,1,208404.0,USD,RDF,Awaiting Shipment,2026-04-27,2026-04-27,Sea,
1263,4500010416,EPSA-ICB-G-0007-2017-BD,Rise Global GMBH,Germany,1,13890.87,USD,RDF,Awaiting Shipment,2026-04-27,2026-04-27,Sea,
1262,4500004912,EPSA-NCB-G-0019-2017-BD,Sansheng Pharmaceutical plc,Ethiopia,1,26121080.72,ETB,RDF,,2026-04-24,2026-04-24,Truck,
1261,4500010219,EPSA-ICB-G-0106-2017-BD,Abbott GMBH Wisbadan,Germany,1,447838.72,USD,SDG,Awaiting Shipment,2026-04-24,2026-05-26,Air,
1260,4500010764,EPSA-NCB-G-0101-2018-BD,Haregweiin Biniyam and Frends Metalwork parteneship,Ethiopia,1,11250000.0,ETB,Treasury,,2026-04-24,2026-06-23,Truck,
1259,4500010763,EPSA-NCB-G-0101-2018-BD,Haregweiin Biniyam and Frends Metalwork parteneship,Ethiopia,1,12000000.0,ETB,SDG,,2026-04-24,2026-06-23,Truck,
1258,4500010759,EPSA-NCB-G-0101-2018-BD,Haregweiin Biniyam and Frends Metalwork parteneship,Ethiopia,2,27775000.0,ETB,SDG,,2026-04-24,,Truck,
1257,4500010750,EPSA-NCB-G-0101-2018-BD,Haregweiin Biniyam and Frends Metalwork parteneship,Ethiopia,2,14175000.0,ETB,Treasury,,2026-04-24,2026-05-22,Truck,
1256,4500010881,EPSA-NCB-G-0047-2017-BD,Afrovision Pharmaceuticals & Chemicals PLC,Ethiopia,1,47066652.0,ETB,SDG,,2026-04-24,2026-06-29,Truck,
1255,4500010855,EPSA-NCB-G-0021-2018-BD,Sanshang Pharmaceutical PLC,Ethiopia,1,232770560.0,ETB,SDG,,2026-04-24,,Truck,
1254,4500010850,EPSA-NCB-G-0026-2018-BD,Sanshang Pharmaceutical PLC,Ethiopia,1,39087052.15,ETB,Treasury,,2026-04-24,2026-06-12,Truck,
1253,4500010439,EPSA-ICB-G-0097-2018-BD,Jiangxi hongda medical equipment group L,China,1,163303.0,USD,Treasury,,2026-04-23,,Sea,
1252,4500010453,EPSA-ICB-G-0097-2018-BD,Jiangying jinfenng medical equipment Co.L,China,3,318121.6,USD,SDG,,2026-04-23,2026-04-23,Sea,
1251,4500010546,EPSA-ICB-G-0097-2018-BD,Jiangying jinfenng medical equipment Co.L,China,1,24690.96,USD,SDG,,2026-04-23,,Sea,
1250,4500010268,EPSA-ICB-G-0108-2018-BD,Mission Pharma,Denmark,1,1153.95,USD,GF,,2026-04-22,2026-04-22,Sea,
1249,4500009893,ICB/PSA6/RDF/CT&MRI/MI/25/19,Elsmed Healthcare solution,Isreal,1,510000.0,USD,RDF,Awaiting Shipment,2026-04-22,2026-05-04,Sea,
1248,4500010166,EPSA-ICB-G-0068-2018-BD,Scott Edil Pharmacia LTD,India,1,11975.04,USD,Treasury,,2026-04-21,2026-04-22,Sea,
1247,4500010201,EPSA-ICB-G-0068-2018-BD,Scott Edil Pharmacia LTD,India,1,4671.86,USD,Treasury,,2026-04-21,,Sea,
1246,4500010164,EPSA-ICB-G-0068-2018-BD,Scott Edil Pharmacia LTD,India,1,96000.0,USD,Treasury,,2026-04-21,2026-04-22,Sea,
1245,4500008907,EPSA-ICB-G-0008-2017 and ICB-014-2017/call,Rise Global GMBH,Germany,2,6552.0,USD,Treasury,Under Production,2026-04-17,2026-04-21,Sea,
1244,4500009080,EPSA-ICB-G-0006-2018-BD,Silverline chemicals,India,1,3693721.5,USD,Treasury,,2026-04-17,2026-05-11,Sea,"The supplier could not submit PG, reported to PPA"
1243,4500010356,EPSA-ICB-G-0043-2016-BD,Mission Pharma,Denmark,1,50250.0,USD,RDF,,2026-04-15,2026-04-16,Air,
1242,4500010202,EPSA-ICB-G-0068-2018-BD,Scott-Edil Pharmacia Ltd,,2,150443.64,USD,RTI,,2026-04-14,2026-04-15,Sea,The Supplier delayed the PG due to Unopened LC
1241,4500010588,ICB/Framework/EPSS6/RDF-R/PH/06/23,Intas Pharmaceutical LTD,India,1,144540.0,USD,RDF,Partially Delivered,2026-04-14,2026-04-15,Air,"Has 8,629.5 USD remaining value"
1240,4500010169,EPSA-ICB-G-0068-2018-BD,Scott-Edil Pharmacia Ltd,,3,185889.16,USD,Treasury,,2026-04-14,,Sea,
1239,4500010152,EPSA-ICB-G-0068-2018-BD,Lupin Limited,I ndia,1,409500.0,USD,SDG,Awaiting Shipment,2026-04-14,2026-04-14,Sea,
1238,4500009664,EPSA-ICB-G-0051-2017-BD,Abbott GMBH Wisbadan,Germany,1,828995.87,USD,GF,,2026-04-08,2026-04-21,Air,"To be delivered to Warehouse at February, 2027"
1237,4500009682,EPSA-ICB-G-0051-2017-BD,Abbott GMBH Wisbadan,Germany,1,1523900.1,USD,Treasury,,2026-04-08,2026-04-14,Air,October to be delivered (Letter from DMD)
1236,4500010452,ICB/Framework/EPSS6/RDF-R/PH/06/23,F.Hoffmann-La Roche LTD,Switherland,2,67500.0,USD,RDF,,2026-04-06,2026-04-07,Air,Supplier requested to be placed on hold untill Q2 2026
1235,4500010159,EPSA-ICB-G-0078-2018-BD,Abbott Rapid Dx International LTD,Ireland,5,261505.0,USD,GF,,2026-04-06,2026-07-13,Air,
1234,4500010269,EPSA-ICB-G-0108-2018-BD,Mission Pharma A/S,Denmark,1,12480.75,USD,GF,,2026-04-06,2026-04-21,Sea,
1233,4500010168,EPSA-ICB-G-0068-2018-BD,Scott Edil Pharmacia LTD,India,1,110215.08,USD,Treasury,,2026-04-06,,Sea,
1232,4500010240,EPSA-ICB-G-0068-2018-BD,Ciron Drugs and Pharmaceguticals,India,1,10497.84,USD,Treasury,Awaiting Shipment,2026-04-03,2026-05-26,Sea,Mode of shipment changed from Sea to Air due to small volume.
1231,4500010248,EPSA-ICB-G-0068-2018-BD,Rise Global GMBH,Germany,1,728.91,USD,Treasury,,2026-04-03,2026-05-26,Sea,
1230,4500010111,EPSA-ICB-G-0085-2018-BD,Targos Chemicals india privte limited,India,1,5992486.24,USD,Treasury,,2026-04-03,2026-04-03,Sea,
1229,4500010349,ICB/Framework/EPSS6/RDF-R/PH/06/23,F.Hoffmann-La Roche LTD,Switherland,2,121500.0,USD,RDF,,2026-04-02,2026-04-03,Air,
1228,4500010153,EPSA-ICB-G-0068-2018-BD,United Pharma,Kenya,1,96770.0,USD,SDG,,2026-04-02,2026-04-03,Sea,
1227,4500010157,EPSA-ICB-G-0068-2018-BD,Naari Pte Limited,India,1,1903712.86,USD,SDG,,2026-04-02,2026-04-03,Sea,
1226,4500010150,EPSA-ICB-G-0068-2018-BD,Pregna International,India,1,111918.0,USD,SDG,,2026-04-02,2026-04-03,Sea,
1225,4500010446,EPSA-NCB-G-0069-2018-BD,Sansheng pharmacetuca PLC,Ethiopia,1,12242494.5,ETB,SDG,,2026-04-02,,Truck,
1224,4500010445,EPSA-NCB-G-0069-2018-BD,Sansheng pharmacetuca PLC,Ethiopia,1,6555340.0,ETB,Treasury,,2026-04-02,2026-04-27,Truck,
1223,4500010354,ICB/Framework/EPSS6/RDF-R/PH/06/23,Mission Pharma,Denmark,2,245100.0,USD,RDF,,2026-04-01,2026-04-02,Air,
1222,4500010440,EPSA-ICB-G-0012-2017-BD,The Say Pharma Drug store LLC,Utd Arab Emir,1,19185.6,USD,RDF,,2026-03-31,2026-04-21,Air,
1221,4500010464,ICB/EPSS6/MOH-IA4DC/PH/MS/12/25,Tenama International FZ LLC,Utd.Arab. Emir,5,26940.0,USD,SDG,,2026-03-31,,Sea,
1220,4500010265,EPSA-NCB-G-0102-2018-BD,Hregewein Biniyam & Friends Metal work,Ethiopia,1,3990600.0,ETB,Treasury,,2026-03-31,2026-04-29,Truck,
1219,4500010293,EPSA-NCB-G-0102-2018-BD,Hregewein Biniyam & Friends Metal work,Ethiopia,2,136419800.0,ETB,SDG,,2026-03-31,,Truck,
1218,4500010249,EPSA-ICB-G-0068-2018-BD,Rise Global GMBH,Germany,1,10529.46,USD,Treasury,,2026-03-27,2026-05-26,Sea,Transfer from RDF (DG)
1217,4500010255,EPSA-ICB-G-0068-2018-BD,Rise Global GMBH,Germany,1,382934.79,USD,Treasury,,2026-03-27,2026-05-26,Sea,
1216,4500010254,EPSA-ICB-G-0068-2018-BD,Rise Global GMBH,Germany,1,442569.05,USD,Treasury,,2026-03-27,2026-05-26,Sea,
1215,4500007925,ICB/Framework/EPSS6/RDF-R/PH/06/23,F.Hoffmann-La Roche LTD,Switherland,2,13500.0,USD,RDF,,2026-03-26,2026-03-30,Air,Amended contrat
1214,4500010362,ICB/Framework/EPSS6/RDF-R/PH/06/23,Therdose Pharma PVT LTD,India,1,20856.0,USD,RDF,Awaiting Shipment,2026-03-26,2026-03-30,Air,
1213,4500010638,ICB/Framework/EPSS6/RDF-R/PH/06/23,Venus Remedius LTD,India,1,63436.8,USD,RDF,Awaiting Shipment,2026-03-26,2026-03-31,Air,
1212,4500010155,EPSA-ICB-G-0068-2018-BD,Skymap Pharmaceutical PVT LTD,India,1,246236.75,USD,SDG,,2026-03-26,2026-04-03,Sea,
1211,4500010239,EPSA-ICB-G-0068-2018-BD,Tenama International FZ LLC,Utd.Arab. Emir,1,69829.09,USD,Treasury,,2026-03-25,2026-05-28,Sea,
1210,4500010287,EPSA-ICB-G-0068-2018-BD,Hangzhou Yimai Biotech,China,1,68282.28,USD,Treasury,Under Production,2026-03-25,2026-05-26,Sea,
1209,4500010096,EPSA-ICB-G-0061-2017-BD,Woman Care Global LLC,USA,2,527983.26,USD,SDG,,2026-03-25,2026-04-22,Sea,
1208,4500010097,EPSA-ICB-G-0061-2017-BD,Woman Care Global LLC,USA,2,302522.48,USD,Treasury,,2026-03-25,2026-04-23,Sea,
1207,4500010094,EPSA-ICB-G-0061-2017-BD,Woman Care Global LLC,USA,2,1219981.07,USD,SDG,,2026-03-25,2026-04-21,Sea,
1206,4500010308,EPSA-NCB-G-0021-2018-BD,Sanshang Pharmaceutical PLC,Ethiopia,1,7992000.0,ETB,RDF,,2026-03-25,2026-03-25,Truck,
1205,4500010392,ICB/Framework/EPSS6/RDF-R/PH/06/23,Aqvida Gmbh strabe 89,Germany,2,194376.0,USD,RDF,Awaiting Shipment,2026-03-24,2026-03-25,Air,
1204,4500010298,EPSA-ICB-G-0012-2017-BD,Beximico Pharmaceuticals LTD,Bangladesh,1,235543.62,USD,RDF,Shipped / In Transit,2026-03-20,2026-04-21,Sea,
1203,4500005918,ICB/Framework/EPSS6/RDF-R/PH/06/23,Venus Remedius LTD,India,2,14968.94,USD,RDF,,2026-03-19,2026-03-19,Air,
1202,4500010324,EPSA-ICB-G-0012-2017-BD,M.J Bio Pharma PVT.LTD,India,1,207761.76,USD,RDF,,2026-03-19,2026-04-21,Air,
1201,4500009960,ICB/PSA6/COVID-19/MOH/MI/08/20,Shenzhen Mindray Bio-medical  Electronics,China,1,419580.0,USD,RDF,Awaiting Shipment,2026-03-18,2026-05-04,Sea,
1200,4500006839,EPSA-ICB-G-0008-2017-BD,Care Pharma FZ LLC,Utd Arab Emir,1,6958.84,USD,GF,Awaiting Shipment,2026-03-18,2026-03-19,Air,
1199,4500008768,EPSA-ICB-G-0022-2018-BD,Humanwell Pharmaceutical Ethiopia PLC,Ethiopia,2,4772760.0,ETB,GF,,2026-03-18,2026-03-19,Truck,
1198,4500009212,EPSA-NCB-G-0026-2018-BD,Humanwell Pharmaceutical Ethiopia PLC,Ethiopia,1,25068875.0,ETB,Treasury,,2026-03-18,2026-03-23,Truck,
1197,4500009515,EPSA-NCB-G-0021-2018-BD,Humanwell Pharmaceutical Ethiopia PLC,Ethiopia,1,52492000.0,ETB,SDG,,2026-03-18,,Truck,
1196,4500009513,EPSA-NCB-G-0021-2018-BD,Humanwell Pharmaceutical Ethiopia PLC,Ethiopia,1,16442400.0,ETB,SDG,,2026-03-18,,Truck,
1195,4500010367,ICB/FRAMEWORK/EPSS6/RDF-R/PH/06/23,Tenama International FZ LLC,Utd.Arab. Emir,1,73684.8,USD,RDF,Under Clearance,2026-03-17,2026-03-18,Air,
1194,4500010360,EPSA-ICB-G-0056-2017-BD,Remedica LTD,Cyprus,1,11149.75,USD,RDF,Awaiting Shipment,2026-03-17,2026-03-18,Air,
1193,4500008921,EPSA-ICB-G-0014-2017-BD,Zhejiang Bangli medical products co;LTD,China,1,16885.61,USD,SDG,,2026-03-17,2026-04-03,Air,
,4500009031,EPSA-ICB-G-0006-2018-BID,Care Pharma FZ LLC,Utd Arab Emir,1,27284.4,USD,RDF,,2026-03-16,2026-03-17,Air,
1192,4500008961,EPSA-ICB-G-0014-2017-BD,Ecan medical Co LTD,China,1,10802.07,USD,SDG,Under Production,2026-03-16,2026-03-17,Sea,
1191,4500010299,EPSA-ICB-G-0012-2017-BD,Orient Int .Holding Shanghai Rongheng,China,1,157028.82,USD,RDF,,2026-03-16,2026-04-21,Sea,
1190,4500009170,EPSA-ICB-G-0008-2017-BD,Rise Global GMBH,Germany,2,7326.56,USD,RDF,,2026-03-16,2026-03-17,Air,
1189,4500009173,EPSA-ICB-G-0008-2017-BD,Care Pharma FZ LLC,Utd Arab Emir,1,10989.84,USD,RDF,,2026-03-16,2026-03-17,Air,
1188,4500010151,EPSA-NCB-G-0107-2018-BD,Glocare Pharma Manufaturing PLC,Ethiopia,1,24750000.0,ETB,RDF,,2026-03-16,2026-03-16,Truck,
1187,4500008947,EPSA-ICB-G-0028-2018-BID,Care Pharma FZ LLC,Utd Arab Emir,1,16729.02,USD,GF,,2026-03-16,2026-03-17,Air,
1186,4500008888,EPSA-ICB-G-0028-2018-BID,Care Pharma FZ LLC,Utd Arab Emir,1,31496.64,USD,RDF,,2026-03-16,2026-03-17,Sea,
1185,4500010158,ICB/FRAMEWORK/EPSS6/RDF-R/PH/06/23,Venus Remedius LTD,India,1,22654.08,USD,RDF,Awaiting Shipment,2026-03-13,2026-03-16,Air,
1184,4500004701,EPSA-ICB-G-0075-2017-BID,Care Pharma FZ LLC,Utd Arab Emir,2,36660.41,USD,GF,,2026-03-13,2026-03-16,Air,Pack of 100
1183,4500004703,EPSA-ICB-G-0075-2017-BID,Care Pharma FZ LLC,Utd Arab Emir,2,4757.14,USD,SDG,Awaiting Shipment,2026-03-13,2026-03-16,Air,
1182,4500004709,EPSA-ICB-G-0075-2017-BID,Care Pharma FZ LLC,Utd Arab Emir,2,5815.28,USD,Treasury,,2026-03-13,2026-04-02,Air,
1181,4500008996,EPSA-ICB-G-0028-2018-BD,Shiv dial sud and sons,India,1,8710.0,USD,RDF,,2026-03-13,2026-03-13,Sea,
1180,4500008946,EPSA-ICB-G-0028-2018-BD,Shiv dial sud and sons,India,1,10122.0,USD,GF,,2026-03-13,2026-03-13,Air,
1179,4500008995,EPSA-ICB-G-0028-2018-BD,Shiv dial sud and sons,India,2,5736.52,USD,GF,,2026-03-13,2026-03-19,Air,
1178,4500008769,EPSA-ICB-G-0041-2018-BD,Nutriset,France,2,1554820.0,EUR,Treasury,,2026-03-12,2026-03-24,Sea,
1177,4500009291,EPSA-ICB-G-0028-2018-BD,Shiv dial sud and sons,India,1,178590.3,USD,GF,Shipped / In Transit,2026-03-12,2026-03-13,Sea,
1176,4500002966,ICB/PFSA6/RDF-R/NC/MI/04/18,Tuttnauer LTD,Israel,1,250750.0,USD,STBF,Awaiting Shipment,2026-03-12,2026-04-23,Sea,"Due to the current geopolitical situation, all shipments from Israel have been suspended until further notice."
1175,4500010142,EPSA-NCB-G-0081-2018-BD,Z Care Pharmaceutical / Etsgenet Tekle Buta,Ethiopia,2,25247595.0,ETB,GF,Fully Delivered,2026-03-12,2026-03-23,Truck,
1174,4500010167,EPSA-NCB-G-0081-2018-BD,Z Care Pharmaceutical / Etsgenet Tekle Buta,Ethiopia,1,356865.0,ETB,GF,,2026-03-12,2026-04-21,Truck,
1173,4500008923,EPSA-ICB-G-0014-2017-BID,Jiangsu Kanghua Medical Equipment Co;LTD,China,1,12162.45,USD,SDG,,2026-03-12,2026-03-13,Sea,
1172,4500010300,EPSA-NCB-G-0041-2017-BID,Kilitch Estro Biotech PLC,Ethiopia,1,57750000.0,ETB,RDF,,2026-03-10,2026-03-10,Truck,
1171,4500009208,EPSA-NCB-G-0025-2018-BID,Sanshang Pharmaceuticals,Ethiopia,1,15286740.0,ETB,Treasury,,2026-03-10,,Truck,
1170,45000009511,EPSA-NCB-G-0026-2018-BID,Sanshang Pharmaceuticals,Ethiopia,1,2890374.0,ETB,SDG,,2026-03-10,,Truck,
1169,4500009220,EPSA-NCB-G-0026-2018-BID,Sanshang Pharmaceuticals,Ethiopia,1,19968384.0,ETB,Treasury,,2026-03-10,,Truck,
1168,4500009221,EPSA-NCB-G-0021-2018-BID,Sanshang Pharmaceuticals,Ethiopia,1,3004132.0,ETB,Treasury,,2026-03-10,,Truck,
1167,4500010014,EPSA-NCB-G-0021-2018-BID,Sanshang Pharmaceuticals,Ethiopia,1,790016.0,ETB,SDG,,2026-03-10,2026-06-12,Truck,
1166,4500008916,EPSA-ICB-G-0014-2017-BID,Rise Global GMBH,Germany,1,753.61,USD,Treasury,,2026-03-05,2026-03-10,Air,
1165,4500008912,EPSA-ICB-G-0014-2017-BID,Rise Global GMBH,Germany,1,80104.54,USD,Treasury,,2026-03-05,2026-04-02,Sea,
1164,4500008924,EPSA-ICB-G-0014-2017-BID,Tenama International FZ-LLC,Utd.Arab Ermir,1,25328.69,USD,Treasury,,2026-03-05,2026-04-03,Air,
1163,4500008920,EPSA-ICB-G-0014-2017-BID,Tenama International FZ-LLC,Utd.Arab Ermir,1,85904.26,USD,Treasury,,2026-03-05,2026-04-02,Air,
1162,4500009856,EPSA-NCB-G-0050-2018-BID,Yilmanachemichal Production,Ethiopia,1,2897880.0,ETB,Treasury,,2026-03-04,2026-04-03,Truck,
1161,4500009853,EPSA-NCB-G-0050-2018-BID,Afrovision Pharmaceuticals,Ethiopia,7,27584113.15,ETB,Treasury,,2026-03-04,2026-04-03,Truck,
1160,4500008918,EPSA-ICB-G-0014-2017-BID,Shanghai yuansheng international trade ;co,China,1,1043808.9,USD,Treasury,,2026-03-04,2026-04-02,Sea,Requested Price increament
1159,4500009903,EPSA-NCB-G-0083-2018-BID,Serum Institute of india PVT LTD,India,1,263640.0,USD,EPHI,,2026-03-04,2026-03-04,Air,
1158,4500009906,EPSA-NCB-G-0083-2018-BID,Serum Institute of india PVT LTD,India,1,7125.0,USD,EPHI,,2026-03-04,2026-03-04,Air,
1157,4500008911,EPSA-ICB-G-0014-2017-BID,Avian International,India,4,20724.96,USD,SDG,,2026-03-04,2026-03-10,Sea,
1156,4500009213,EPSA-NCB-G-0012-2018-BID,Sanshang Pharmaceutical PLC,Ethiopia,1,5603910.0,ETB,Treasury,,2026-03-03,2026-03-23,Truck,
,4500008917,EPSA-ICB-G-0014-2017-BID,Gst Corporation LTD,India,1,2.26083,USD,SDG-MH-23,,2026-02-27,2026-03-10,Air,
,4500008906,EPSA-ICB-G-008-2017-BID,Care Pharma FZ LLC,Utd Arab Emir,1,23127.0,USD,MOF-OTH 23,,2026-02-27,2026-03-25,Air,
1155,4500008913,EPSA-ICB-G-0014-2017-BID,Gst Corporation LTD,India,1,8490.15,USD,Treasury,,2026-02-27,2026-04-02,Air,
1154,4500008922,EPSA-ICB-G-0014-2017-BID,Care Pharma FZ LLC,Utd Arab Emir,3,18243.62,USD,Treasury,Shipped / In Transit,2026-02-27,2026-03-10,Sea,
1153,4500008908,EPSA-ICB-G-0014-2017-BID,Care Pharma FZ LLC,Utd Arab Emir,1,12735.13,USD,Treasury,,2026-02-27,2026-04-02,Air,
,4500008910,EPSA-ICB-G008-2017-BID,Tulip Diagnostic LTD,India,1,85056.3,USD,SDG-MH-23,,2026-02-26,2026-03-10,Air,
1152,4500008914,EPSA-ICB-G-0014-2017-BID,Guilin HBM Health Protections Inc,China,1,27150.0,USD,Treasury,,2026-02-26,2026-05-04,Sea,
1151,4500008915,EPSA-ICB-G-0014-2017-BID,Guilin HBM Health Protections Inc,China,1,1538563.35,USD,Treasury,,2026-02-26,2026-04-02,Sea,"Transfer from RDF (Dr. Abdu, 11/6/2026)"
1150,4500008909,EPSA-ICB-G008-2017-BID,"Hngzhou Alltest Biotech Co,LTD",China,1,127584.45,USD,SDG,,2026-02-26,2026-03-10,Air,
1149,4500008919,EPSA-ICB-G-0014-2017-BID,Healthium Medtech Limited,India,2,110670.4,USD,Treasury,,2026-02-26,2026-04-02,Air,
1148,4500009897,EPSA-ICB-G-0028-2018-BID,Vitrex Medical Group,Germany,1,418694.1,EUR,GF,Awaiting Shipment,2026-02-26,2026-04-21,Sea,
1147,4500009898,EPSA-ICB-G-0028-2018-BID,Vitrex Medical Group,Germany,1,418690.8,EUR,GF,Under Production,2026-02-26,2026-04-21,Sea,
1146,4500009374,EPSA-NCB-G-0019-2018-BID,Glocare Pharma Manufacturing PLC,Ethiopia,1,22645035.0,ETB,RDF,,2026-02-26,2026-02-26,Truck,
1145,4500009459,EPSA-ICB-G-0007-2018-BID,Avian International,India,1,1070.16,USD,RDF,,2026-02-24,2026-02-25,Sea,
1144,4500009339,EPSA-ICB-G-0007-2018-BID,Avian International,India,2,1251.18,USD,RDF,,2026-02-24,2026-02-25,Sea,
1143,4500009110,EPSA-ICB-G-0022-2018-BID,Guilin Pharmaceutical co;LTD,China,1,683606.85,USD,GF,,2026-02-24,2026-02-25,Sea,
1142,4500009790,EPSA-ICB-G-0061-2017-BID,Tenama International FZ LLC,Utd.Arab. Emir,1,690.69,USD,SDG,,2026-02-24,,Air,EFDA prohibited SPIP
1141,4500009465,EPSA-ICB-G-0032-2018-BID,MHL Healthcare limited,India,1,919018.61,USD,GF,,2026-02-23,2026-04-21,Sea,
1140,4500009528,EPSA-ICB-G-0032-2018-BID,MHL Healthcare limited,India,1,919018.61,USD,GF,,2026-02-23,2026-04-21,Sea,
,4500009196,EPSA-ICB-G-0012-2017-BID,Neon Laboratories,India,1,33489.6,EUR,Treasury,,2026-02-20,2026-03-23,Air,
1139,4500008929,EPSA-ICB-G-0032-2018-BID,PIL Pharmaceutical LTD,India,1,25147.05,USD,GF,,2026-02-20,2026-03-19,Air,
1138,4500008548,EPSA-ICB-G-0024-2018-BID,Remedica,Cyprus,2,1276412.25,USD,GF,,2026-02-20,2026-03-03,Air,
1137,4500008897,EPSA-ICB-G-0032-2018-BID,Care Pharma FZ LLC,Utd Arab Emir,1,85707.16,USD,GF,,2026-02-20,2026-03-19,Sea,
1136,4500009492,EPSA-ICB-G-0042-2018-BID,PIL Pharmaceutical LTD,India,1,148680.25,USD,SDG,Awaiting Shipment,2026-02-20,2026-05-26,Sea,
1135,4500009516,EPSA-ICB-G-0012-2017-BID,United Pharma (K)limited,Knya,1,77974.75,USD,SDG,Under Production,2026-02-20,2026-03-16,Air,
1134,4500009192,EPSA-ICB-G-0012-2017-BID,VHB MED SCiences,India,1,2779.7,USD,Treasury,,2026-02-20,2026-03-25,Air,
1133,4500009195,EPSA-ICB-G-0012-2017-BID,Rise Global GMBH,Germany,1,34782.0,USD,Treasury,,2026-02-20,2026-03-25,Sea,
1132,4500008555,EPSA-ICB-G-0061-2017-BID,Tenama International FZ LLC,Utd.Arab. Emir,1,160212.0,USD,SDG,,2026-02-20,2026-03-10,Sea,
1131,4500009201,EPSA-ICB-G-0012-2017-BID,Neon Laboratory LTD,India,1,164822.4,EUR,SDG,,2026-02-20,2026-03-16,Air,
1130,4500009424,EPSA-ICB-G-0061-2017-BID,Sevanto PHarma,India,1,104187.5,USD,SDG,,2026-02-20,2026-03-10,Sea,
1129,4500009186,EPSA-ICB-G-0061-2017-BID,Relier Pharma FZE,Utd.Arab Emir.,1,17576.19,USD,Treasury,,2026-02-20,2026-04-22,Sea,Tripartite Issue
1128,4500008484,EPSA-ICB-G-0061-2017-BID,Rise Global GMBH,Germany,1,26047.5,USD,SDG,Shipped / In Transit,2026-02-20,2026-03-10,Air,LC expired due to shifting of shipment modality from Air to Sea that took long time to get vessel
1127,4500008694,EPSA-ICB-G-0061-2017-BID,Tenama International FZ LLC,Utd.Arab. Emir,2,3075729.66,USD,Treasury,,2026-02-20,2026-03-23,Sea,The supplier requested to submit the PG after delivering the 4500004625 at end of JULY
1126,4500008479,EPSA-ICB-G-0061-2017-BID,Rise Global GMBH,Germany,1,29395.77,USD,SDG,,2026-02-20,2026-03-10,Sea,
1125,4500009203,EPSA-ICB-G-0012-2017-BID,Aurobindo Pharma LTD,India,1,336364.88,USD,Treasury,Delivered,2026-02-20,2026-03-24,Sea,a shortfall of 34 packs.
,4500009190,EPSA-ICB-G-0012-2017-BID,Ningbo Inopha Biotec Ltd,China,1,99157.4,USD,MOF-MH-24,,2026-02-18,2026-03-23,Sea,
1124,4500007979,EPSA-ICB-G-0061-2017-BID,Milan Laboratorie PVT LTD,India,1,51794.0,USD,SDG,,2026-02-18,2026-03-10,Sea,
1123,4500007971,EPSA-ICB-G-0061-2017-BID,Brassica Pharma pvt.ltd,India,1,44093.77,USD,SDG,,2026-02-18,2026-03-10,Sea,
1122,4500009485,EPSA-ICB-G-0042-2017-BID,Cspc Zhongonu Pharmaceutical Co;LTD,China,1,266934.0,USD,SDG,,2026-02-18,,Sea,
1121,4500009222,EPSA-ICB-G-0062-2017-BID,Rise Global GMBH,Germany,1,1822.08,USD,RTI,,2026-02-18,,Air,
1120,4500009554,EPSA-ICB-G-0042-2017-BID,Ciron Drugs and Pharmaceuticals PVT LTD,India,1,9963.0,USD,SDG,,2026-02-18,2026-03-13,Air,
1119,4500009191,EPSA-ICB-G-0012-2017-BID,Killich Drugs,India,1,4026.29,USD,Treasury,,2026-02-18,2026-03-25,Air,Transfer from RDF
1118,4500009205,EPSA-ICB-G-0012-2017-BID,Bhrat Serum and Vacciness LTD,India,1,1037500.0,USD,Treasury,,2026-02-18,,Air,
1117,4500009193,EPSA-ICB-G-0012-2017-BID,The Say Pharma Drug Stor LLC,Utd.Arab. Emir,1,115801.65,USD,Treasury,Awaiting Shipment,2026-02-18,2026-03-25,Sea,
1116,4500009223,EPSA-ICB-G-0012-2018-BID,Sakar health care limited,India,1,60468.14,USD,SDG,Fully Delivered,2026-02-18,2026-03-13,Air,
1115,4500009490,EPSA-ICB-G-0054-2018-BID,Medicamen Biothech Limited,India,1,11207.82,USD,Treasury,,2026-02-18,2026-03-24,Sea,EFDA hold Tablet line
1114,4500009488,EPSA-ICB-G-0042-2018-BID,Reyoung Pharmaceutical,China,1,11021.4,USD,GF,,2026-02-18,2026-03-23,Sea,
1113,4500009123,EPSA-ICB-G-0032-2018-BID,Macleods Pharmaceuticals Ltd,india,1,18898.44,USD,GF,,2026-02-18,2026-03-19,Air,
1112,4500008564,EPSA-ICB-G-0023-2018-BID,Gulline Pharmaceutical CO.LTD,China,1,8688.06,USD,GF,,2026-02-18,2026-02-26,Air,
1111,4500008898,EPSA-ICB-G-0032-2018-BID,Rise Global GMBH,Germany,1,30562.53,USD,GF,Awaiting Shipment,2026-02-18,2026-03-19,Air,"The supplier said, ""Please note that due to the global shortage of the WHO-prequalified Active Pharmaceutical Ingredient (API) required for the manufacture of Isoniazid (INH) 100 mg Dispersible Tablets, procurement of the API was significantly delayed."""
1110,4500008562,EPSA-ICB-G-0011-2017-BID (2nd Lot),Lupin,Mumbai India,1,1683510.0,USD,SDG,Shipped / In Transit,2026-02-18,2026-03-23,Sea,
1109,4500009855,EPSA-NCB-G-0094-2018-BID-Direct,Glocare Pharmamanufacturing PLC,Ethiopia,1,4323320.0,ETB,RDF,,2026-02-18,2026-02-18,Truck,
1108,4500008563,EPSA-ICB-G-0011-2017-BID (2nd Lot),Macleods Pharmaceuticals Ltd,india,1,1122340.0,USD,SDG,Awaiting Shipment,2026-02-18,2026-03-24,Sea,
1107,4500008208,EPSA-ICB-G-0104-2017-BID-Direct,Cepheid HBD,USA,2,1139769.76,USD,Treasury,,2026-02-18,2026-02-18,Air,
1106,4500008207,EPSA-ICB-G-0104-2017-BID-Direct,Cepheid HBD,USA,2,1139769.76,USD,Treasury,,2026-02-18,2026-02-18,Air,
,4500004635,EPSA-ICB-G-0061-2017-BID,Woman Care Global Trading PLC,UK,1,806585.56,USD,SDG-FH-23-001-011,,2026-02-17,2026-02-18,Sea,
,4500004636,EPSA-ICB-G-0061-2017-BID,Woman Care Global Trading PLC,UK,1,407530.34,USD,SDG-FH-23-001-011,,2026-02-17,2026-02-18,Sea,
,4500005608,ICB/PFSA6/RDF/FW/PLACMENT/LR/2018,"Fenway Trading CO,LTD",Taiwan,1,17474.62,USD,SDG-LAB-23-001-011,,2026-02-17,,Air,
,4500004730,EPSA-ICB-G-0061-2017-BID,Woman Care Global Trading PLC,UK,1,728469.66,USD,SDG-FH-23-001-011,,2026-02-17,2026-02-18,Sea,
1105,4500008448,ICB/FW/EPSS6/SDG/ELISA/BLOODBAG/MS/LR/28/23,Beijing Wantai Biological Pharmacy Enterprise Ltd,Chaina,4,91000.0,USD,SDG,,2026-02-17,2026-02-18,Air,
1104,4500008485,ICB/FW/EPSS6/SDG/ELISA/BLOODBAG/MS/LR/28/23,Beijing Wantai Biological Pharmacy Enterprise Ltd,Chaina,4,91000.0,USD,SDG,,2026-02-17,2026-02-18,Air,
1103,4500009461,EPSA-ICB-G-0109-2017-BID,Syngenta crop  protection,Switherland,1,5513719.68,USD,GF,,2026-02-17,2027-02-26,Sea,LC extension requested because of the ESL could not organize the shipment prior to the shipping limit as indicated date in the above Letter of Credit (LC).
1102,4500008449,ICB/FW/EPSS6/SDG/ELISA/BLOODBAG/MS/LR/28/23,Dialab Prodaction,Australia,2,26276.0,EUR,SDG,,2026-02-17,2026-02-18,Air,
1101,4500008486,ICB/FW/EPSS6/SDG/ELISA/BLOODBAG/MS/LR/28/23,Dialab Prodaction,Australia,2,26276.0,EUR,SDG,,2026-02-17,2026-02-18,Air,
1100,4500008841,EPSA-ICB-G-0022-2018-BID,Tenama International FZ-LLC,Utd.Arab Ermir,1,84031.55,USD,GF,,2026-02-17,2026-03-19,Sea,
1099,4500008826,EPSA-ICB-G-0022-2018-BID,Mylan Laboratoris LTD,India,2,620948.0,USD,Treasury,,2026-02-17,,Air,Budget Cancelled due to Passed budget time
1098,4500008812,EPSA-NCB-G-0022-2018-BID,Sansheng Pharmaceuticals PLC,Ethiopia,1,15823962.0,ETB,GF,,2026-02-17,2026-03-19,Truck,
,4500008277,ICB/FW/EPSS6/MOH-GF/Malaria/PH/14/23,Macleods Pharmaceutical LTD,India,1,943538.9,USD,MOF-MAL,,2026-02-16,2026-04-02,Sea,
,4500008276,ICB/FW/EPSS6/MOH-GF/Malaria/PH/14/23,Ajanta Pharma LTD,India,1,1415313.9,USD,MOF-MAL,,2026-02-16,2026-04-02,Sea,
,4500009326,EPSA-ICB-G-0012-2017-0BID,Sansheng Pharmaceuticals PLC,Ethiopia,1,82230000.0,ETB,RDF,,2026-02-16,2026-02-17,Truck,
,4500004638,EPSA-ICB-G-0073-2017-0BID,Sansheng Pharmaceuticals PLC,Ethiopia,1,105866259.6,ETB,SDG-FH-23-001-011,,2026-02-13,2026-04-06,Truck,
,4500007861,ICB/FRAMEWORK/EPSS6/RDF-R/PH/0623,Novartis Pharma Service,Switherland,1,5760.0,USD,RDF,,2026-02-12,2026-02-12,Air,
,4500009348,EPSA-NCB-G-0019-2018-BID,Humanwell Pharmaceutical Ethiopia PLC,Ethiopia,1,231746900.0,ETB,RDF,,2026-02-05,2026-02-05,Truck,
,4500009278,EPSA-ICB-G-0012-2018-BID,Scott Edil Pharmacia LTD,India,1,65936.88,USD,RDF,,2026-02-05,2026-02-06,Air,
1097,4500009468,EPSA-ICB-G-0012-2017-BID,Aculife Healthcare PVT.LTD,India,1,37306.23,USD,RDF,,2026-02-05,2026-02-06,Air,
,4500007544,ICB/EPSS6/SDG &RDF/MD/19/24,Rise Global GMBH,Germany,1,117497.44,USD,RDF,,2026-02-04,2026-02-19,Air,
,4500009469,EPSA-ICB-G-0012-2017-BID,Ciron Drugs And Pharmaceuticals Pvt LTD,India,1,24871.05,USD,RDF,,2026-02-03,2026-02-03,Air,
,4500009012,ICB/EPSS6/SDG &RDF/MD/19/24,Rey International FZC,Utd Arab Emir,1,216200.01,USD,SDG,,2026-02-03,2026-02-04,Sea,
1096,4500009467,EPSA-ICB-G-0007-2018-BID,Rise Global GMBH,Germany,3,36216.09,USD,RDF,Awaiting Shipment,2026-02-03,2026-02-03,Sea,
1095,4500009560,EPSA-ICB-G-0042-2018-BID,Medopharm private Limited,India,2,999985.91,USD,RDF,,2026-02-02,2026-02-03,Sea,
1094,4500009441,EPSA-ICB-G-0054-2018-BID,Scott-Edil Pharmacia Ltd,,2,10873.83,USD,RDF,Under Clearance,2026-02-02,2026-02-02,Sea,
1093,4500009370,EPSA-ICB-G-0054-2018-BID,Rise Global GMBH,Germany,1,8296.02,USD,RDF,,2026-02-02,2026-02-02,Air,
1092,4500009421,EPSA-ICB-G-0054-2018-BID,Leben Laboratories,India,1,10939.86,USD,RDF,,2026-02-02,2026-02-02,Sea,
1091,4500009373,EPSA-NCB-G-019-2018,Sansheng Pharmaceutical PLC,Ethiopia,2,87268455.0,ETB,RDF,,2026-02-02,2026-02-02,Truck,
1090,4500009183,EPSA-NCB-G-026--2018-BID,Sansheng Pharmaceutical PLC,Ethiopia,3,107118085.1,ETB,RDF,,2026-02-02,2026-02-03,Truck,
1089,4500009358,EPSA-NCB-G-026--2018-BID,Sansheng Pharmaceutical PLC,Ethiopia,3,71979557.0,ETB,RDF,,2026-02-02,2026-02-02,Truck,
1088,4500009356,NCB-G-002102018,Sansheng Pharmaceutical PLC,Ethiopia,5,139559405.51,ETB,RDF,,2026-02-02,2026-02-03,Truck,
,4500009353,EPA-NCB-G-0021-2018,Humanwell Pharmaceutical Ethiopia PLC,Ethiopia,1,66900701.45,ETB,RDF,,2026-01-31,2026-02-02,Truck,
1087,4500009444,EPSA-ICB-G-0042-2018-BID,Brawn Laboratories Ltd,India,1,325775.85,USD,RDF,,2026-01-31,2026-02-02,,
,4500009541,EPSA-ICB-G-0052-2018-BID,Scott Edil Pharmacia Ltd,India,1,1759117.05,USD,RDF,,2026-01-30,2026-01-30,Sea,
,4500009182,EPSA-NCB-G-26-2018-BID,Humanwell Pharmaceutical Ethiopia PLC,Ethiopia,1,67198397.5,ETB,RDF,,2026-01-30,2026-01-29,Truck,
,4500009357,EPSA-NCB-G-0026-2018,Humanwell Pharmaceutical Ethiopia PLC,Ethiopia,1,23235072.0,ETB,RDF,,2026-01-30,2026-01-29,Truck,
1086,4500009293,ICB/EPSS6/SDG &RDF/MD/19/24,Rise Global GMBH,Germany,16,162836.68,USD,SDG,,2026-01-29,2026-02-01,Air,Budget from 4500004556                                            split from 4500004556
1085,4500009407,EPSA-ICB-G-0042-2018-BID,Sance Laboratories PVT LTD,India,1,251884.62,USD,RDF,,2026-01-28,2026-01-29,Sea,
1084,4500009443,EPSA-ICB-G-0042-2018-BID,Ciron Drugs And Pharmaceuticals Pvt LTD,India,1,170667.0,USD,RDF,,2026-01-28,2026-01-29,Air,
1083,4500009432,EPSA-ICB-G-0042-2018-BID,Ciron Drugs And Pharmaceuticals Pvt LTD,India,1,49415.29,USD,RDF,,2026-01-28,2026-01-29,Sea,
1082,4500009422,EPSA-ICB-G-0054-2018-BID,Reyoung Pharmaceutical,China,2,58348.2,USD,RDF,,2026-01-28,2026-01-29,Sea,
1081,4500009431,EPSA-ICB-G-0042-2018,Cspc Zhongnuo Pharmaceutical Co;LTD,China,1,129883.5,USD,RDF,Shipped / In Transit,2026-01-27,2026-01-28,Sea,
1080,4500009442,EPSA-ICB-G-0054-2018-BID,Scott Edill Pharmacia LTD,India,2,1201589.8,USD,RDF,,2026-01-27,2026-01-28,Sea,
1079,4500009165,EPSA-NCB-G-0025-2018-BID,Sansheng Pharmaceutical PLC,Ethiopia,2,41315904.24,ETB,RDF,,2026-01-27,2026-01-28,Truck,
1078,4500009429,EPSA-ICB-G-0042-2018,Medicamen Biotech Limited,India,2,77926.32,USD,RDF,,2026-01-27,2026-01-27,Sea,GMP Expired
1077,4500009409,EPSA-ICB-G-0054-2018-BID,Leben Laboratory pvt.ltd,India,1,148261.5,USD,RDF,,2026-01-27,2026-01-27,Sea,
1076,4500009329,EPSA-ICB-G-0007-2018-BID,Wise team FZC,Utd Arab Emir,1,362170.08,USD,RDF,,2026-01-27,2026-01-27,Sea,
1075,4500009280,EPSA-ICB-G-012-2018-BID,Scott Edill Pharmacia,India,1,18631.2,USD,RDF,,2026-01-27,2026-01-27,Sea,
,4500009121,EPSA-ICB-G-0053-2018-BID,Mission Pharma,Denmark,1,65000.0,USD,RDF,,2026-01-23,2026-01-27,Air,
,4500009445,EPSA-ICB-G-0042-2018-BID,Pil Pharmaceutical LTD,India,1,849034.86,USD,RDF,,2026-01-23,2026-01-26,Sea,
,4500009283,EPSA-ICB-G-0007-2018-BID,Gst corporation Ltd,India,1,1308045.84,USD,RDF,,2026-01-23,2026-01-23,Sea,
,4500009105,EPSA-ICB-G-0057-2018-BID,Reyoung Pharmaceuticals,China,1,137102.49,USD,RDF,,2026-01-23,2026-02-04,Air,
,4500009285,EPSA-ICB-G-0007-2018-BID,Care Pharma FZ LLC,Utd Arab Emir,1,36325.13,USD,RDF,,2026-01-23,2026-01-26,Sea,
,4500009341,EPSA-ICB-G-0007-2018-BID,Guilin HBM,China,1,185503.32,USD,RDF,,2026-01-23,2026-01-26,Sea,
1074,4500009362,EPSA-ICB-G-0007-2018-BID,jiangying jinfeng  medical equpment Co.L,Chaina,1,36650.25,USD,RDF,,2026-01-23,2026-01-27,Sea,
,4500009273,EPSA-ICB-G-0012-2018-BID,Galentic Pharma,India,1,117149.76,USD,RDF,,2026-01-22,2026-01-26,Sea,
,4500009150,EPSA-NCB-G-0020-2018-BID,Bahita Hailu Gebreyohans/Lemamat Trad,Ethiopia,1,65046140.0,ETB,RDF,,2026-01-22,2026-01-23,Truck,
,4500009057,EPSA-NCB-G-0020-2018-BID,Bahita Hailu Gebreyohans/Lemamat Trad,Ethiopia,1,65046140.0,ETB,RDF,,2026-01-22,2026-01-23,Truck,
,4500009058,EPSA-NCB-G-0020-2018-BID,Bahita Hailu Gebreyohans/Lemamat Trad,Ethiopia,1,65046140.0,ETB,RDF,,2026-01-22,2026-01-23,Truck,
,4500009149,EPSA-NCB-G-0020-2018-BID,Bahita Hailu Gebreyohans/Lemamat Trad,Ethiopia,1,65046140.0,ETB,RDF,,2026-01-22,2026-01-23,Truck,
,4500009151,EPSA-NCB-G-0020-2018-BID,Bahita Hailu Gebreyohans/Lemamat Trad,Ethiopia,1,65049950.0,ETB,RDF,,2026-01-22,2026-01-23,Truck,
,4500009247,EPSA-ICB-G-0012-2017-BID,Macleods Pharmaceutical Ltd,India,1,89560.24,USD,RDF,,2026-01-21,2026-01-21,Air,
,4500008806,EPSA-ICB-G-001202018-BID,Meridian Enterprises PVT LTD,India,1,45000.0,USD,RDF,,2026-01-21,2026-01-22,Air,
,4500008832,EPSA-NCB-G-0021-2018-BID,Glocare Pharma Manufacturing PLC,Ethiopia,1,4891910.76,ETB,RDF,,2026-01-21,2026-01-21,Truck,
,4500009167,EPSA-ICB-G-0008-2017-BID,Intec Products Inc,China,1,105369.6,USD,RDF,,2026-01-21,2026-01-26,Air,
,4500009175,EPSA-NCB-G-0025-2018-BID,Glocare Pharma Manufacturing PLC,Ethiopia,1,114505611.79,ETB,RDF,,2026-01-21,2026-01-21,Truck,
1073,4500008115,EPSA-ICB-G-0006-2017-BID,Nipro middle East FZE,Utd.Arab.Emir,4,45488.54,USD,RDF,,2026-01-21,2026-01-26,Sea,
1072,4500008840,EPSA-NCB-G-0025-2018-BID,Glocare Pharma Manufacturing PLC,Ethiopia,1,3421440.0,ETB,RDF,,2026-01-21,2026-01-21,Truck,
1071,4500009187,EPSA-NCB-G-26-2018-BID,Glocare Pharma Manufacturing PLC,Ethiopia,1,19685852.0,ETB,RDF,,2026-01-21,2026-01-21,Truck,
1070,4500008835,EPSA-NCB-G-0021-2018-BID,Glocare Pharma Manufacturing PLC,Ethiopia,1,5736240.0,ETB,RDF,,2026-01-21,2026-01-21,Truck,
,4500007298,EPSA6/RT2/FW/GF-HAPCO/HIVRTK/LR/01/22,Trinity Biotech Manufacturing LTD,Iran,1,489240.0,USD,GF,,2026-01-14,2026-01-15,Air,
,4500007296,EPSA6/RT2/FW/GF-HAPCO/HIVRTK/LR/01/22,Intec products Inc,China,1,2726681.6,USD,GF,,2026-01-14,2026-01-14,Air,
,4500007297,EPSA6/RT2/FW/GF-HAPCO/HIVRTK/LR/01/22,Premer medical corporation PVT LTD,India,1,244620.0,USD,GF,,2026-01-14,2026-01-15,Air,
1069,4500006785,ICB/PFSA6/RDF/FW/Plasment/LR/20/18,Bechman Coulter,Switzmerland,3,16797.14,USD,RDF,,2026-01-14,2026-01-16,Air,
1068,4500006784,ICB/PFSA6/RDF/FW/Plasment/LR/20/18,Bechman Coulter,Switzmerland,5,264274.42,USD,RDF,,2026-01-14,2026-01-16,Sea,
1067,4500009189,EPSA-NCB-G-0037--2017-BID,Humanwell Pharmaceutical,Ethiopia,1,15581488.0,ETB,RDF,,2026-01-14,2026-01-20,Truck,
1066,4500009169,EPSA-NCB-G-0025-2018-BID,Humanwell Pharmaceutical,Ethiopia,1,21471750.0,ETB,RDF,,2026-01-14,2026-01-14,Truck,
,4500009142,EPSA-NCB-G-0020-2018-BID,Adama Development PLC Nazmed Medical,Ethiopia,1,7593963.0,ETB,RDF,,2026-01-13,2026-01-14,Truck,
,4500009140,EPSA-NCB-G-0020-2018-BID,Adama Development PLC Nazmed Medical,Ethiopia,1,7593963.0,ETB,RDF,,2026-01-13,2026-01-07,Truck,
,4500009172,EPSA-ICB-G-0008-2017-BID,Hangzhou Alltest Biotech Co;LTD,China,1,158054.4,USD,RDF,,2026-01-13,2026-01-26,Sea,
,4500009174,EPSA-ICB-G-0008-2017-BID,Care Pharma FZ LLC,Utd Arab Emir,1,147534.84,USD,RDF,,2026-01-13,2026-01-26,Sea,
,4500009141,EPSA-NCB-G-0020-2018-BID,Adama Development PLC Nazmed Medical,Ethiopia,1,7593963.0,ETB,RDF,,2026-01-13,2026-01-14,Truck,
1065,4500009138,EPSA-NCB-G-0020-2018-BID,Adama Development PLC Nazmed Medical,Ethiopia,2,7593963.0,ETB,RDF,,2026-01-13,2026-01-14,Truck,
1064,4500009144,EPSA-NCB-G-0020-2018-BID,Adama Development PLC Nazmed Medical,Ethiopia,2,7594325.0,ETB,RDF,,2026-01-13,2026-01-14,Truck,
1063,4500006829,EPSS6/RT2/FW/GF/HIV &SYPHILIS/LR/03/23,SD Biosensor,China,1,3073518.0,USD,GF,,2026-01-13,2026-01-14,Air,
1062,4500008990,EPSA-NCB-G-0009-2018-BID,Pharmagate Health care,Ethiopia,2,5415624.26,ETB,RDF,,2026-01-13,2026-01-14,Truck,
1061,4500008989,EPSA-NCB-G-0009-2018-BID,Pharmagate Health care,Ethiopia,3,14443763.0,ETB,RDF,,2026-01-13,2026-01-14,Truck,
,4500008825,EPSA-NCB-G-0064-2018-BID,Pharmagate Healthcare,Ethiopia,1,1109100.0,ETB,MOH-MVD-25-001-011,,2026-01-12,2026-01-12,Truck,
1060,4500008794,EPSA-NCB-G-0064-2018-BID,Royal medical textile manufacturing PLC,Ethiopia,2,7020000.0,ETB,SDG,,2026-01-12,2026-01-12,Truck,"The product fully deliverd befor the PO recieved from TMD .So,no PG requred"
,4500004716,EPSA-ICB-G-0076-2017-BID,Rochy Kenya Ltd,Kenya,1,151248.7,USD,GF-LAB-23-001-011,,2026-01-10,2026-01-12,Air,
1059,4500004717,EPSA-ICB-G-0076-2017-BID,Rochy Kenya Ltd,Kenya,1,170962.86,USD,GF,Awaiting Shipment,2026-01-10,2026-01-12,Air,LC hold by DG (25/2/2026) on liquidation update
1058,4500004715,EPSA-ICB-G-0076-2017-BID,Rochy Kenya Ltd,Kenya,1,1119202.85,USD,GF,,2026-01-10,2026-01-12,Air,LC hold by DG (25/2/2026) on liquidation update
1057,4500006955,ICB/FW/EPSA6/MOH-GF/ARV/PH/01/23,Mylan Laboratories,India,1,6921062.4,USD,GF,,2026-01-09,2026-01-12,Sea,
1056,4500008813,EPSA-NCB-G-0064-2018-BID,Afrovision Pharmaceuticals,Ethiopia,1,2587900.0,ETB,SDG,,2026-01-09,2026-01-09,Truck,the items deliverd befor PO recieved   from TMD So; no PG requred
1055,4500006861,ICB/FW/EPSA6/MOH-GF/NFMIII/ARV/PH/20/23,Emcure Pharmaceuticals,India,1,450735.48,USD,GF,,2026-01-09,2026-01-09,Sea,
,4500006953,ICB/FW/EPSA6/MOH-GF/ARV/OI/PH/03/22,Mylan Laboratory Ltd,India,1,157406.1,USD,GF,,2026-01-05,2026-01-09,Air,
,4500006995,ICB/FW/EPSA6/MOH-GF/ARV/OI/PH/03/22,Macleods Pharmaceutical Ltd,India,1,451119.17,USD,GF-HIV- GC7-0001-011,,2026-01-05,2026-01-09,Sea,
,4500006993,ICB/FW/EPSA6/MOH-GF/ARV/OI/PH/03/22,Unique Pharmaceutical Laboratories,India,1,21684.04,USD,GF-HIV- GC7-0001-011,,2026-01-05,2026-01-09,Sea,
,4500006992,ICB/FW/EPSA6/MOH-GF/ARV/OI/PH/03/22,Leben Laboratory,India,1,232886.2,USD,GF-HIV- GC7-0001-011,,2026-01-05,2026-01-09,Sea,
,4500006991,ICB/FW/EPSA6/MOH-GF/ARV/OI/PH/03/22,Milan laboratory( india) PVT LTD,India,1,300520.0,USD,GF-HIV- GC7-0001-011,,2026-01-05,2026-01-09,Air,
,4500006851,ICB/FW/EPSA6/MOH-GF/ARV/OI/PH/03/22,Micro Labs Limited,India,1,179243.63,USD,GF,,2026-01-05,2026-01-09,Sea,
1054,4500006994,ICB/FW/EPSA6/MOH-GF/ARV/OI/PH/03/22,Macleods Pharmaceuticals Ltd,india,1,947880.18,USD,GF,,2026-01-05,2026-01-09,Sea,76 Packs yield loss
1053,4500006877,ICB/FW/EPSA6/MOH-GF/ARV/OI/PH/03/22,Macleods Pharmaceuticals Ltd,india,1,257760.0,USD,GF,,2026-01-05,2026-01-09,Sea,
1052,4500006951,ICB/FW/EPSA6/MOH-GF/ARV/OI/PH/03/23,Mylan Laboratory Ltd,India,1,676103.22,USD,GF,,2026-01-05,2026-01-12,Sea,LC extension due to higher Batch size & Raw material Shortage
1051,4500006954,ICB/FW/EPSA6/MOH-GF/ARV/OI/PH/03/22,Mylan Laboratory Ltd,India,1,437909.18,USD,GF,,2026-01-05,2026-01-12,Sea,
1050,4500006952,ICB/FW/EPSA6/MOH-GF/ARV/OI/PH/03/22,Mylan Laboratory Ltd,India,3,714364.11,USD,GF,,2026-01-05,2026-01-09,Sea,LC extension due to higher Batch size & Raw material Shortage
1049,4500006859,ICB/FW/EPSA6/MOH-GF/ARV/OI/PH/03/22,Aurobindo Pharma,India,2,428549.3,USD,GF,,2026-01-05,2026-01-09,Sea,a shortfall of 798 packs from the original PO quantity due to yield loss during production (Letter from the supplier)
1048,4500006869,ICB/FW/EPSA6/MOH-GF/ARV/OI/PH/03/22,"Shanghai Dasano Bio Pharmaceutical CO,",China,1,268831.2,USD,GF,,2026-01-05,2026-01-09,Sea,
1047,4500006862,ICB/FW/EPSA6/MOH-GF/ARV/OI/PH/03/22,Hetro lab Ltd,India,3,89234.88,USD,GF,,2026-01-05,2026-01-12,Sea,
1046,4500006876,ICB/FW/EPSA6/MOH-GF/ NFMILL/ARV//PH/01/23,Cipla Phatrmaceutical Ltd,India,1,4614036.0,USD,GF,,2026-01-05,2026-01-12,Sea,
1045,4500009030,EPSA-ICB-G-00062018-BID,Care pharma FZ LLC,Utd Arab Emir,6,594615.96,USD,RDF,,2026-01-05,2026-01-09,Sea,
1044,4500006866,ICB/FW/EPSA6/MOH-GF/ARV/OI/PH/03/22,Laurus labs limited,India,1,365850.94,USD,GF,,2026-01-05,2026-01-09,Sea,
1043,4500008833,EPSA-NCB-G-0021-2018,Humanwell pharmaceutical ethiopia plc,Ethiopia,1,9997500.0,ETB,RDF,,2026-01-02,2026-01-02,Truck,
1042,4500008839,EPSA-NCB-G-0025-2018-BID,Hummanwell Pharmaceutical Ethiopia PLC,Ethiopia,1,53595520.0,ETB,RDF,,2026-01-02,2026-01-02,Truck,
,4500009061,EPSA-ICB-G-0012-2017-BID,Ciron drugs and  Pharmaceuticals Pvt Ltd,India,1,82652.62,USD,RDF,,2026-01-01,2026-01-08,Air,
,4500008829,EPSA-ICB-G0014-2017-BID,Avian International,India,1,31550.67,USD,RDF,,2025-12-31,2026-01-01,Sea,
,4500008811,EPSA-ICB-G-0012-2018-BID,Scott Edil Pharmacia LTD,India,1,172922.78,USD,RDF,,2025-12-31,2025-12-31,Sea,
1041,4500006539,EPSA-NCB-G-0041-2017-BID,Kilitch Estro Biotech Plc,Ethiopia,10,464619153.0,ETB,RDF,,2025-12-31,2025-12-31,Truck,
1040,4500009008,EPSA-ICB-G-0006-2018-BID,Rise Global Gmbh,Germany,1,31671.48,USD,RDF,,2025-12-31,2025-12-31,Air,
,4500008945,NCB-G-0052-2017-BID,Elsmed Healthcare solution Ltd  Ethiopia,Ethiopia,1,276047323.5,ETB,MOF-ME- 23-001-011,,2025-12-30,2025-12-31,Truck,
,4500008831,"EPSA-ICB-G-0014-2017-BID-,PR 3","Healthium Medtech Pvt, Ltd",India,1,70602.3,USD,RDF,,2025-12-30,2025-12-31,Air,
,4500008988,EPSA-NCB-G-0009-2018-BID,Follium Trading PLC,Ethiopia,1,9363574.0,ETB,RDF,,2025-12-30,2025-12-30,Truck,
1039,4500008987,EPSA-NCB-G-0009-2018-BID,Follium Trading PLC,Ethiopia,3,3805440.0,ETB,RDF,,2025-12-30,2025-12-30,Truck,
1038,4500008827,EPSA-ICB-G-0014-2017-BID,Rise Global GMBH,Germany,2,24835.86,USD,RDF,,2025-12-30,2025-12-30,Air,
,4500006422,ICB/EPSS6/RDF-R/PH/2723,Aurobindo Pharma Ltd,India,1,16214.38,USD,RDF,,2025-12-29,2025-12-31,Air,
,4500006690,EPSA -NCB-G-0019-2017-BID,Sansheng Pharmaceuticals PLC,Ethiopia,1,5355000.0,ETB,RDF,,2025-12-29,2025-12-29,Truck,
,4500007382,EPSA -NCB-G-0019-2017-BID,Sansheng Pharmaceuticals PLC,Ethiopia,1,267927822.0,ETB,RDF,,2025-12-29,2025-12-29,Truck,
,4500008646,ICB/Framework/EPSS6/RDF/PH/06/23,Intas Pharmaceutical Ltd,India,1,74250.0,USD,RDF,,2025-12-29,2025-12-29,Air,
,4500008830,ICB/EPSS6/RDF-R/PH/23/23,Serum Institute of India,India,1,270055.5,USD,RDF,,2025-12-29,2025-12-30,Air,
,4500008834,EPSA-NCB-G-0012-2018-BID,Sansheng Pharmaceuticals PLC,Ethiopia,1,16662750.0,ETB,RDF,,2025-12-29,2025-12-29,Truck,
,4500008865,EPSA-NCB-G-0025-2018-BID,Sansheng Pharmaceuticals PLC,Ethiopia,1,337727950.0,ETB,RDF,,2025-12-29,2025-12-29,Truck,
,4500009047,EPSA-ICB-G-0012-2018-BID,Scott Edill  Pharmacia Ltd,India,1,415153.8,USD,RDF,,2025-12-29,2025-12-30,Sea,
1037,4500008770,EPSA-ICB-G-001602017-BID,Tenama International FZ-LLC,Utd.Arab Ermir,1,7669.09,USD,SDG,,2025-12-29,2025-12-31,Air,EFDA Prohibited SPIP
1036,4500008986,EPSA-ICB-G-0073-2018-BID-Direct,Intas Pharmaceutical Ltd,India,1,62890.0,USD,RDF,,2025-12-29,,Air,
,4500008790,EPSA-ICB-G-0012-2018-BID,Medicamen Biotech Limited,India,1,15856.0,USD,RDF,,2025-12-26,2025-12-29,Air,
,4500008810,EPSA-ICB-G-0012-2018-BID,Scott Edill  Pharmacia Ltd,India,1,27302.66,USD,RDF,,2025-12-26,2025-12-29,Sea,
,4500008819,ICB/EPSS6/RDF-R-27/23,Medicamen Biotech Limited,India,1,59023.65,USD,RDF,,2025-12-26,2025-12-29,Sea,
,4500008848,EPSA-ICB-G-0012-2017-BID,Ciro Druds And Pharmaceuticals PVT Ltd,India,1,14726.25,USD,RDF,,2025-12-26,2025-12-29,Air,
1340,4500008836,EPSA-ICB-G-0012-2018-BID,Tenama International FZ LLC,Utd.Arab. Emir,2,45087.81,USD,RDF,Shipped / In Transit,2025-12-26,2025-12-29,Sea,
1035,4500007924,ICB/ Framework/ EPSS6/RDF-R/PH/06/23,Neon Laboratory Ltd,India,1,22200.0,EUR,RDF,,2025-12-26,2025-12-29,Air,
1034,4500008808,EPSA-ICB-G-0012-2018-BID,Scott Edill  Pharmacia Ltd,India,1,9260.16,USD,RDF,,2025-12-26,2025-12-29,Air,
,4500008824,EPSA-ICB-G-0012-2018-BID,Scott Edill Pharmacia Ltd,India,1,66689.0,USD,RDF,,2025-12-25,2025-12-24,Sea,
1033,4500008837,EPSA-ICB-G-0012-2018-BID,Tenama International FZ-LLC,Utd.Arab Ermir,1,86832.0,USD,RDF,,2025-12-24,2025-12-24,Air,"not shipped Quantity of 948 or 1,137.6 USD due to production loss"
,4500007809,ICB/EPSS6/RDF-R/2016/MS/LS/12/23,Wise Team FZC,Utd.Arab Emir,1,70095.08,USD,RDF,,2025-12-23,2025-12-24,Sea,
,4500008843,EPSA-ICB-G-0012-2017-BID,Ciron Drugs and Pharmaceuticals PVT Ltd,India,1,36123.84,USD,RDF,,2025-12-23,2025-12-24,Air,
,4500008377,EPSA-ICB-G-0012-2017-BID,Aurobindo Pharma Ltd,India,1,21790.89,USD,RDF,,2025-12-23,2025-12-24,Air,
,4500007048,EPSA-ICB-G-0011-2017-BID (1st Lot),Lupin,Mumbai India,1,1794654.67,USD,GF-TB,,2025-12-22,2025-12-22,Sea,
,4500008586,"EPSA-ICB-G-0014-2017-PR1,PR2,PR3",Ecan Medical Co.LTd,China,1,198002.54,USD,RDF,,2025-12-22,2025-12-23,Sea,
,4500008828,EPAS-ICB-G-0012-2017-BID,Rise Global GMBH,Germany,1,6673.4,USD,RDF,,2025-12-22,2025-12-24,Air,
,4500008379,EPSA-ICB-G-0012-2017-BD,Medicamen Biotech Limited,India,1,6562.5,USD,RDF,,2025-12-22,2025-12-22,Air,
,4500008378,EPSA-ICB-G-0012-2017-BID,Relier Pharma FZE,Utd.Arab Emir.,1,44605.44,USD,RDF,,2025-12-22,2025-12-23,Air,
,4500007812,"EPSA-ICB-G-0014-2017PR1,PR3","Shanxian Runte Medical instruments Co.,",China,1,196432.79,USD,RDF,,2025-12-22,2025-12-23,Sea,
,4500008741,EPSA-ICB-G-0009-2018-BID OPEN LOT 2,Afrovision Pharmaceuticals,Ethiopia,1,7656747.21,ETB,RDF,,2025-12-22,2025-12-23,Truck,
,4500007049,EPSA-ICB-G-0011-2017-BID (1st Lot),Macleodes pharmaceuticals LTd,Mumbai India,1,1196414.44,USD,GF-TB,,2025-12-22,2025-12-22,Sea,
1032,4500008818,PSA-ICB-G-0017-2017-BID FIRIST LOT,Rise Global GMBH,Germany,1,11376.0,USD,RDF,,2025-12-22,2025-12-24,Air,
1031,4500008376,EPSA-ICB-G-0012-2017-BID,M.J Biopharm.PVT Ltd,India,1,319754.7,USD,RDF,,2025-12-22,2025-12-23,Air,
1030,4500006798,ICB/EPSA6/RDF/FW/Plasment/LR/20/18,Roche Keneya Ltd,Keneya,1,1090765.88,USD,RDF,,2025-12-22,2025-12-22,Air,Pended by demand on BIT
1029,4500008507,EPSA-ICB-G-0017-2017-OPEN,Medicamen Biotech Limited,India,1,16467.3,USD,RDF,,2025-12-16,2025-12-17,Air,GMP certification for your tablet product line has been suspended by the EFDA
,4500007877,EPSA-ICB-G-0012-2018-BID,Medicamen Biotech Limited,India,1,6149.88,USD,RDF,,2025-12-15,2026-03-25,Air,
1028,4500008380,EPSA-ICB-G0012-2017-BID,Ningbo Inopha Biotech Ltd,China,1,188086.1,USD,RDF,,2025-12-11,2025-12-16,Sea,
1027,4500008375,EPSA-ICB-G-0012-2017-BID,Medicef Pharma,India,1,440029.56,USD,RDF,,2025-12-10,2025-12-15,Sea,
1026,4500008001,EPSA-ICB-G-0012-2017-BID,Macleods Pharmaceuticals Ltd,india,1,14500.08,USD,RDF,,2025-12-10,2025-12-15,Air,
1025,4500008374,EPSA-ICB-G-0012-2017-BID,Aurobindo pharma,India,1,660044.8,USD,RDF,,2025-12-10,2025-12-15,Sea,Have huge (6000 packs) remaining
1024,4500004569,ICB/EPSS6/SDG and RDF/MD/19/24,B Medical System - Luxembourg,Hosingen Luxembourg,2,879771.9,EUR,Treasury,,2025-12-04,2025-12-04,Sea,Trasferred budget is less than the PO amount
1023,4500004583,ICB/EPSS6/SDG and RDF/MD/19/24,B Medical System - Luxembourg,Hosingen Luxembourg,1,213950.0,EUR,SDG,,2025-12-04,2025-12-04,Sea,"Supplier requested two period LC, not allowed"
1022,4500008526,ICB/EPSA6/RDF-R-PH/0922/7869,Akriti pharmaceuticals pvt.Ltd,India,1,390000.0,USD,RDF,,2025-12-04,2025-12-04,Sea,
1021,4500008525,ICB/EPSA6/RDF-R-PH/0922/7868,Akriti pharmaceuticals pvt.Ltd,India,1,390000.0,USD,RDF,,2025-12-04,2025-12-04,Sea,139 Vials Shortlanded
1020,4500004527,ICB/EPSS6/SDG and RDF/MD/19/24,Rise Global GMBH,Germany,8,59344.32,USD,Treasury,Awaiting Shipment,2025-12-04,2025-12-05,Air,Budget is less than PO amount
,4500007251,EPSA-ICB-G-0006-2017-BID,Nipro middle East FZE.,Utd.Arab Emir,1,36642.72,USD,RDF,,2025-12-02,2025-12-02,Sea,
1019,4500006841,ICB/PFSA6/RDF/FW/PLACEMENT/LR/20/18,Elsmed  Healthcare solution Ltd,Israel,1,795838.89,USD,RDF,,2025-12-02,2025-12-04,Air,
,4500004542,ICB/EPSS6/SDG and RDF/MD/19/24,Nanjing Mindray Biomedical Electronics C,China,1,109510.0,USD,SDG,,2025-11-29,2025-12-02,Sea,
1018,4500007810,"EPSA-ICB-G-0014-2017-BID,PR-2",Avian International,India,3,12983.83,USD,RDF,,2025-11-29,2025-12-02,Sea,
1017,4500008162,EPSA-ICB-G-0014-2017-BID,RISE GLOBAL GMBH Na,Germany,2,3066.56,USD,RDF,,2025-11-29,2025-12-02,Sea,
,4500007853,EPSA-ICB-G-0012-2017-BID,Neon Laboratory Ltd,India,1,1973613.6,EUR,RDF,,2025-11-27,2025-11-28,Air,
1016,4500006775,ICB/PFSA6/RDF/FW/Placement/LR/2018,Fenway Trading co. Ltd,Taiwan,2,25775.9,USD,RDF,,2025-11-27,2025-11-28,Air,
1015,4500003342,"ICB/EPSS6/Routine, SRHB & SD/MD/26/23",Rise Global GMBH,Germany,6,196517.26,USD,RDF,,2025-11-21,2025-11-21,Sea,PO 4500001999 Reterned; and then split to  PO 4500003341 & 4500003342
1014,4500007823,ICB/Framwork/EPSS6/RDF-R/PH/06/23,Intas  pharmaceutical LTD,India,1,240667.7,USD,RDF,,2025-11-20,2025-11-24,Air,short 12 packs is due to yield loss
1013,4500006724,ICB/FRAMWORK/PFSA6/RDF-R/PH/01/19,Kilicth Drugs,India,1,27491.67,USD,RDF,,2025-11-20,2025-11-20,Air,
,4500003341,"ICB/EPSS6/Routine,SRHB &SG/MD/26/23",Rise GLOBAL GMBH,Germany,1,21449.88,USD,SDG-ME-23-001-011,,2025-11-19,2025-11-20,Air,
1012,4500007903,EPSA-ICB-G-0012-2018-BID,Ciron Drugs And Pharmaceuticals  Pvt Ltd.,India,1,45091.2,USD,RDF,,2025-11-19,2025-11-19,Air,
1011,4500007863,ICB/FRAMEWORK/EPSS6/RDF-R/PH/06/23,Mission pharma,Denmark,2,64800.0,USD,RDF,,2025-11-18,2025-11-19,Air,27 PAC -364.50 USD Remaining
1010,4500007862,EPSA-ICB-G-0012-2018-BID,Remedica LTD,Cyprus,1,3163.75,USD,RDF,,2025-11-18,2025-11-19,Air,
1009,4500007954,EPSA-ICB-G-0012-2017-BID,Kilich Drugs,Mumbai India,1,8129.8,USD,RDF,,2025-11-18,2025-11-19,Air,The remaining cancelled
1008,4500007967,EPSA-ICB-G-0012-2017-BID,AXA Parenteral Limited,India,1,12194.84,USD,RDF,,2025-11-18,2025-11-19,Sea,
1007,4500007830,EPSA-ICB-G-0012-2017-BID,Aculife HealthcarePvt.Ltd,India,1,28095.0,USD,RDF,,2025-11-18,2025-11-19,Sea,
1006,4500006817,ICB/PFSA6/RDF/FW/PLACMENT.LR/2018,Roch Kenya Limited,kenya,1,933583.36,USD,RDF,,2025-11-18,2025-11-19,Air,
1005,4500007765,EPSA-ICB-G-0008-2017-BID,Care pharma FZ LLC,Utd Arab Emir,2,193570.2,USD,RDF,,2025-11-18,2025-11-19,Sea,
1004,4500004908,EPSAICB-G-0075-2017-BID/Child Health,Care pharma FZ LLC,Utd Arab Emir,1,16830.0,USD,Treasury,,2025-11-17,2025-11-18,Air,
1003,4500005662,EPSAICB-G-0075-2017-BID,Care pharma FZ LLC,Utd Arab Emir,1,3120.55,USD,Treasury,,2025-11-17,2025-11-18,Air,
1002,4500005661,EPSAICB-G-0075-2017-BID,Care pharma FZ LLC,Utd Arab Emir,1,763.3,USD,SDG,,2025-11-17,2025-11-18,Air,
1001,4500005659,EPSAICB-G-0075-2017-BID,Care pharma FZ LLC,Utd Arab Emir,1,17129.35,USD,GF,,2025-11-17,2025-11-18,Air,
1000,4500007937,EPSA-ICB-G-0012-2018-BID,"Cspc ouyi pharmaceutical Co., Ltd",China,1,109339.02,USD,RDF,,2025-11-17,2025-11-18,Sea,
999,4500007907,EPSA-ICB-G-0012-2018-BID,Galentic pharma PVT Ltd,India,1,31527.24,USD,RDF,,2025-11-14,2025-11-18,Sea,
998,4500007906,EPSA-ICB- G-0017-BID,Care pharma FZ LLC,Utd Arab Emir,1,149283.09,USD,RDF,,2025-11-14,2025-11-18,Sea,
997,4500007828,EPSA-ICB-G-0012-2017-BID,Ningbo inopha Biotech Ltd,China,1,865901.7,USD,RDF,Under Clearance,2025-11-14,2026-02-19,Air,Contract Amendment on Spec
996,4500007850,EPSA-ICB-G-0012-2017-BID,Ciron Drugs And Pharmaceuticals  Pvt Ltd.,India,1,315904.0,USD,RDF,,2025-11-13,2025-11-17,Sea,
995,4500007904,EPSA-ICB-G-0012-2018-BID,Medicame Biotech Limited,India,1,14141.4,USD,RDF,,2025-11-13,2025-11-17,Air,
994,4500007902,EPSA-ICB-G-0012-2018-BID,Kilich Drugs,Mumbai India,1,121698.72,USD,RDF,,2025-11-13,2025-11-17,Sea,"The ordered item is Gentamicin 0.3% Eye Drops (10 ml); however, the product received is Gentamicin Eye & Ear Drops. The product received to Warehouse by DG decision"
993,4500007878,EPSA-ICB-G-0012-2018-BID,Sakar Healthcare Limited,India,1,173535.96,USD,RDF,,2025-11-13,2025-11-17,Air,We received bupivacaine hydrochloride dextrose insted of the contract agrement specifies bupivacaine hydrochloride.
992,4500007951,EPSA-ICB-G-0012-2017-BID,Macleods Pharmaceuticals Ltd,india,1,26816.0,USD,RDF,,2025-11-12,2025-11-12,Air,
991,4500007825,ICB/FW/EPSS6/RDF-R/PH/06/23,Rise Global GMBH,Germany,1,56826.12,USD,RDF,,2025-11-12,2025-11-12,Air,
990,4500007839,ICB/FW/EPSS6/RDF-R/PH/06/23,Therdose Pharma Pvt Ltd,India,1,27593.72,USD,RDF,,2025-11-12,2025-11-12,Air,
989,4500007848,EPSA-ICB-G-0012-2017-BID,Aculife HealthcarePvt.Ltd,India,1,43217.23,USD,RDF,,2025-11-11,2025-11-11,Sea,
988,4500006773,ICB/PFSA6/RDF/FW/PLACEMENT/RL/2018,GB Life Care Co.Ltd,South Korea,1,123821.1,USD,RDF,,2025-11-10,2025-11-11,Air,
987,4500007851,EPSA-ICB-G-0012-2017-BID,Neon Laboratory,India,1,13945.5,EUR,RDF,,2025-11-07,2025-11-10,Air,"Due to INCB qouta the supplier shipped only 40,000 ampules of Fentanly from 51,660 ampoules-allowed by Aknaw"
986,4500007755,EPSA-ICB-G-0008-2017-BID,"Hangzhou Alltest Biotech Co.,Ltd","Shzhou
 China",4,518980.0,USD,RDF,,2025-11-07,2025-11-10,Sea,
985,4500007824,ICB/Framework/EPSS6/RDF-R/PH/06/23,Astra Zeneca,United Kingdom,1,90288.0,USD,RDF,,2025-11-05,2025-11-10,Air,
984,4500007820,ICB/Framework/EPSS6/RDF-R/PH/06/23,Khandelwal Laboratoriys PVT Ltd,India,1,31206.0,USD,RDF,,2025-11-05,2025-11-10,Air,
983,4500007811,EPSA-ICB-G-0017-2017-BID,Ciron Drugs And Pharmaceuticals  Pvt Ltd.,India,1,400240.32,USD,RDF,Cleared to Warehouse,2025-11-05,2025-11-10,Sea,our warehouse team identified a short landed supply of 1 carton (32 bottles).
982,4500005833,ICB-FW-EPSS6/RDF-R/PH/06/23,Therdose Pharma Pvt Ltd,India,1,23955.12,USD,RDF,,2025-11-05,2025-11-07,Air,
981,4500007752,EPSA-ICB-G-0008-2017-BID,Sterilance Medical (Suzhou) Inc,"Shzhou
 China",1,290355.3,USD,RDF,,2025-11-05,2025-11-10,Sea,
980,4500007758,EPSA-ICB-G-0008-2017-BID,Intec Products Inc,China,1,75414.24,USD,RDF,,2025-11-05,2025-11-10,Air,
979,4500007759,EPSA-ICB-G-0008-2017-BID,Tulip Diagnotics Ltd,"Nedehli
 India",2,283141.9,USD,RDF,,2025-11-05,2025-11-10,Air,
978,4500007760,EPSA-ICB-G-0008-2017-BID,Rise GLOBAL GMBH Na,Koln Germany,1,48188.0,USD,RDF,,2025-11-05,2025-11-10,Sea,
977,4500007761,EPSA-ICB-G-0008-2017-BID,Rise Global GMBH,Germany,2,114671.48,USD,RDF,,2025-11-05,2025-11-10,Sea,
976,4500007627,EPSA-NCB-G-0087-2017-BID,Humanwell pharmaceutical Ethiopia plc,Ethiopia,1,64895985.0,ETB,SDG,,2025-11-05,2025-11-07,Truck,
975,4500007764,EPSA-ICB-G-0008-2017-BID,Care pharma FZ LLC,Utd Arab Emir,2,172008.48,USD,RDF,,2025-11-05,2025-11-10,Sea,
974,4500007487,EPSA-ICB-G-0014-2017-BID,Tenama International FZ-LLC,Utd.Arab Ermir,1,1362420.9,USD,RDF,,2025-11-05,2025-11-10,Sea,
973,4500007491,EPSA-ICB-G-0014-2017-BID,Tenama International FZ-LLC,Utd.Arab Ermir,3,149971.78,USD,RDF,,2025-11-05,2025-11-10,Sea,
972,4500007834,EPSA-ICB-G-0012-2017-BID,Ciron Drugs And Pharmaceuticals PVT Ltd,India,1,34732.8,USD,RDF,,2025-11-04,2025-11-10,Air,
971,4500007849,EPSA-ICB-G-0012-2017-BID,Aurobindo pharma,India,1,12172.16,USD,RDF,,2025-11-03,2025-11-10,Air,
970,4500007852,EPSA-ICB-G-0012-2017-BID,Brawn Laboratories Ltd,India,1,1101871.5,USD,RDF,,2025-11-03,2025-11-10,Sea,
969,4500007880,EPSA-ICB-G-0012-2017-BID,"Cspc Ouyi Pharmaceutical Co.,Ltd",shijiazhuang China,1,459110.7,USD,RDF,,2025-11-03,2025-11-10,Air,
968,4500006781,"""ICB/PFSA6/RDF/FW/PLACEMENT/LR/2018",Sysmex Europe SE,Norderstedt Germany,5,18516.0,EUR,RDF,,2025-11-03,2025-11-10,Air,
967,4500007879,EPSA-ICB-G-0012-2017-BID,Rise GLOBAL GMBH Na,Koln Germany,1,43214.01,USD,RDF,,2025-11-03,2025-11-07,Air,
966,4500007881,EPSA-ICB-G-0012-2017-BID,Venus Remedius Ltd,India,1,0.0,USD,RDF,,2025-11-03,2025-11-10,Air,
965,4500006790,ICB/PFSA6/RDF/FW/PLACMENT/LR/2018,High Technology Inc,USA,4,48471.0,USD,RDF,,2025-11-03,2025-11-10,Sea,
964,4500006791,ICB/PFSA6/RDF/FW/PLACMENT/LR/2018,High Technology Inc,USA,2,4700.0,USD,RDF,,2025-11-03,2025-11-10,Air,
963,4500006779,ICB/EPSA6/RDF/FW/PLACEMENT/LR/2018,Sysmex Europe SE,Norderstedt Germany,4,434437.81,EUR,RDF,,2025-11-03,2025-11-04,Sea,
962,4500007332,EPSA-ICB-G-0012-2017-BID(1st lot),Kilitch Drugs india ltd,Mumbai India,1,108241.85,USD,RDF,,2025-11-03,2025-11-03,Sea,"Three packs short due to yield variation, Changed 1:200,000 to 1:80,000 unites i.e specification issue"
961,4500007781,EPSA-ICB-G-0012-2017-BID,Aurobindo pharma,India,1,83081.52,USD,RDF,,2025-10-29,2025-10-30,Air,
960,4500006789,ICB/PFSA6/RDF/FW/PLACEMENT/LR/2019,Elsmed Healthcare Solutions Ltd,Petah Tikva Israel,2,20928.41,USD,RDF,,2025-10-29,2025-11-03,Air,
959,4500006788,ICB/PFSA6/RDF/FW/PLACEMENT/LR/2018,Elsmed Healthcare Solutions Ltd,Petah Tikva Israel,4,515033.69,USD,RDF,,2025-10-29,2025-11-03,Sea,
958,4500004305,EPSA-NCB-G-0019-2017-BID,Ethiopian Pharmaceutical  Manufacturing,Ethiopia,5,56522004.0,ETB,RDF,,2025-10-27,2025-10-27,Truck,
957,4500007264,EPSA-ICB-G-0014-2017-BID,Care Pharma FZ LLC,Utd Arab Emir,1,24047.218,USD,RDF,,2025-10-23,2025-10-23,Air,
,4500007492,EPSA-ICB-G-0014-2017-BID,Avian International,India,1,101511.08,USD,RDF,,2025-10-21,2025-10-21,Sea,
956,4500007271,EPSA-ICB-G-0014-2017-BID,Zhejiang Bangli Medical products Co.Ltd,Yongkang China,1,908280.6,USD,RDF,,2025-10-21,2025-10-21,Sea,
955,4500007260,EPSA-ICB-G-0014-2017-BID,Apothcaries Sundries Manufacturing Co,Delhi India,4,28865.5,USD,RDF,,2025-10-21,2025-10-21,Sea,
954,4500007163,ICB/EPSS6/RDF-R/2016/MS/LS/23,Guilin HBM health protection Hong Kong,China,11,3261475.75,USD,RDF,,2025-10-20,2025-10-20,Air,
953,4500003992,ICB/PSA6/RDF/CT&MRI/MI/25/19,Elsmd Healthcare Solutions Ltd,Tikva Israel,1,760000.0,USD,RDF,,2025-10-20,2025-10-20,Air,Contract Amendment 2025
952,4500003993,ICB/PSA6/RDF/CT&MRI/MI/25/19,Elsmd Healthcare Solutions Ltd,Tikva Israel,1,760000.0,USD,RDF,,2025-10-20,2025-10-20,Air,Contract Amendment 2025
951,4500003994,ICB/PSA6/RDF/CT&MRI/MI/25/19,Elsmd Healthcare Solutions Ltd,Tikva Israel,1,760000.0,USD,RDF,,2025-10-20,2025-10-20,Air,Contract Amendment 2025
950,4500003955,ICB/PSA6/RDF/CT&MRI/MI/25/19,Elsmd Healthcare Solutions Ltd,Tikva Israel,1,760000.0,USD,RDF,,2025-10-20,2025-10-20,Air,Contract Amendment 2025
949,4500007272,EPSA-ICB-G-0012-2017-BID(Splitted,Kilich Drugs,Mumbai India,1,10966.61,USD,RDF,,2025-10-15,2025-10-15,Air,
948,4500006843,ICB/FW/EPSA6/MOH-GF/NFMIII/ARV/PH/01/23,Cipla pharmacuticals Ltd,Mumbai India,1,36278.75,USD,GF,,2025-10-15,2025-10-15,Air,
947,4500006863,ICB/FW/EPSA6/MOH-GF/NFMIII/ARV/PH/01/23,Hetro Labs Ltd,Hyderabad India,1,36938.0,USD,GF,,2025-10-15,2025-10-15,Air,Budget from 4500004088
946,4500007103,EPSA-ICB-G-0012-2017-BID,Ciron Drugs And pharmaceuticals Pvt Ltd,India,3,169643.68,USD,RDF,,2025-10-15,2025-10-15,Air,
945,4500006523,EPSA-ICB-G-0012-2017-BID,Rise Global GMBH,Germany,1,95627.0,USD,RDF,,2025-10-15,2025-10-15,Air,
944,4500007051,EPSA-ICB-G-0012-2017-BID,Rise Global GMBH,Germany,1,11769.3,USD,RDF,,2025-10-15,2025-10-15,Air,GMP suspended-Swiss Parentrals
943,4500007050,EPSA-ICB-G-0012-2017-BID,Rise Global GMBH,Germany,1,27550.8,USD,RDF,,2025-10-15,2025-10-15,Air,GMP suspended-Swiss Parentrals
942,4500007481,EPSA-ICB-G-0012-2017-BID,Neon Laboratory Ltd,India,1,684659.25,EUR,RDF,,2025-10-15,2025-10-15,Sea,"The remaining quantity (62,989 or 75.9% of total PO) was previously agreed to be shipped by sea freight due to the high air freight cost incurred for the first two shipments. However, the Demand Directorate has issued a letter recommending that the remaining quantity of Lidocaine HCL 2% Injection, 50 ml, without preservative (pack of 25) should not be shipped, as it may result in overstock."
941,4500006563,ICB/Framework/EPSS6/RDF-R/PH/06/23,Therdose Pharma Pvt.Ltd,Hyderabad India,1,7145.82,USD,RDF,,2025-10-15,2025-10-15,Air,
940,4500006848,ICB/FW/EPSS6/MOH-GF/ARV/PH/20/23,Macleods Pharmaceuticals Ltd,india,1,131925.4254,,,,2025-10-13,2025-10-14,,
939,PO-4500007322,EPSA-ICB-G-0014-2017-BID,Rise Global GMBH,Germany,15,721126.02,USD,RDF,,2025-10-13,,Sea,
938,4500007329,EPSA-ICB-G-0014-2017-BID,Rise Global GMBH,Germany,2,27553.63,USD,RDF,,2025-10-13,2025-10-14,Air,"7000 USD Remaining, PG Should be Confiscated"
937,4500006665,EPSA/NCB/G?0019/2017/BID,Cadila Pharmaceuticals,Ethiopia,1,2058534.0,ETB,RDF,,2025-10-13,2025-12-02,Truck,
936,PO-4500007341,EPSA-ICB-0014-2017-BID,La-Med Healthcare Pvt.Ltd,Haryana India,2,10589.03,USD,RDF,,2025-10-09,2025-10-10,Air,
935,4500007250,EPSA-ICB-G-0014-2017-BID,Healthium Medtech pvt.Ltd,Bengaluru India,8,271598.93,USD,RDF,,2025-10-09,2025-10-10,Air,
934,4500006522,EPSA-ICB-G-0012-2017-BID,Brawn Laboratories Ltd,India,1,147956.44,USD,RDF,,2025-10-09,2025-10-10,Sea,
933,4500007099,EPSA-ICB-G-0012-2017-BID,Ciron Drugs And Pharmaceuticals Pvt Ltd,India,2,21368.6,USD,RDF,,2025-10-07,2025-10-07,Air,
932,4500007108,EPSA-ICB-G-0012-2017-BID,Ciron Drugs And Pharmaceuticals Pvt Ltd,India,1,29131.79,USD,RDF,,2025-10-07,2025-10-07,Sea,
931,4500007100,EPSA-ICB-G-0012-2017-BID,Ciron Drugs And pharmaceuticals pvt Ltd,India,2,132255.0,USD,RDF,,2025-10-07,2025-10-07,Sea,
930,4500006763,ICB/PFSA6/RDF/FW/PLACEMNET/LR/20/18,Beckman coulter,Switzerland,1,203228.84,USD,RDF,,2025-10-07,2025-10-09,Air,
929,4500006387,EPSA-ICB-G-0017-BID,FDC,India,1,12100.0,USD,RDF,,2025-10-07,2025-08-10,Air,
928,4500004659,EPSA-ICB-G-0061-2017-BID(FW),Ida Foundation,Netherlands,9,2509740.9,USD,SDG,,2025-10-07,2025-10-09,Sea,Hold at Hormuz Straight
927,4500007106,EPSA-ICB-G-0012-2017-BID,Neon Laboratory Ltd.,India,1,49461.3,EUR,RDF,,2025-10-07,,Air,
926,4500004533 / 4500004541,ICB/EPSS/SDG and RDF/MD/19/24,"Heyer Medical Co.,Ltd",China,1,112896.0,USD,Treasury,,2025-10-07,2025-10-10,Sea,
925,4500004665,EPSA-ICB-G-0061-2017-BID(FW),Ida Foundation,Netherlands,10,1808166.1,USD,SDG,,2025-10-07,2025-10-09,Sea,
924,PO-4500007249,EPSA-ICB-G-0014-2017-BID/Framework,Gst Corporation Ltd,India,6,66713.44,USD,RDF,,2025-10-02,2025-10-02,Air,
923,4500005862,EPSA-ICB-G-0056-2017-BID,Tenama International FZ-LLC,Utd.Arab Ermir,2,64800.0,USD,RDF,,2025-10-01,2025-10-03,Air,The supplier changed blister to bottle for Cychlophosphamide
922,4500004563,ICB/EPSS6/SDG and RDF/MD/19/24,Topcon Europe Medical BV,Netherlands,1,60410.0,EUR,SDG,,2025-10-01,2025-10-02,Air,
921,4500006836,EPSA-ICBG-008-2017-BID(GF),Care pharma FZ LLC,Utd Arab Emir,1,48109.38,USD,GF,,2025-10-01,2025-10-02,Sea,
920,4500006385,ICB/EPSS6/RDF-R/PH/27/23,Scott Edil pharmacia,India,1,16632.0,USD,RDF,,2025-10-01,2025-10-02,Air,
919,4500004625,EPSA-ICB-G-0061-2017-BID(FW),Tenama International FZ-LLC,Utd.Arab Ermir,2,2913878.62,USD,Treasury,,2025-10-01,2025-10-02,Sea,
918,4500006501,ICB/EPSS6/RDF/PH/27/23,"Cspc Ouyi pharmaceutical Co.,Ltd",China,1,112316.4,USD,RDF,,2025-10-01,2025-10-02,Air,
917,4500004557,ICB/EPSS6/SDG and RDF/MD/19/24,"Samed FZE SPC,",Utd.Arab.Emir,1,171250.0,USD,SDG,,2025-10-01,2025-10-02,Sea,
916,4500004526,ICB/EPSS/SDG and RDF/MD/19/24,"Samed FZE SPC,",Utd.Arab.Emir,1,182700.0,USD,RDF,,2025-10-01,2025-10-02,Sea,
915,4500006521,EPSA-ICB-G-0012-2017-BID,Brawn Laboratories Ltd,India,1,415379.25,USD,RDF,,2025-09-30,2025-10-02,Air,
914,4500003625,EPSA-NCB-G-0037-2017-BID,Humanwell pharmaceutical Ethiopia plc,Ethiopia,2,134029948.0,ETB,RDF,,2025-09-29,2025-09-25,Truck,
913,4500004019,EPSA-NCB-G-0037-2017-BID,Humanwell pharmaceutical Ethiopia plc,Ethiopia,2,139846000.0,ETB,RDF,,2025-09-29,2025-09-25,Truck,Diclofenac Injection not delivered due to EFDA hold injection lines
912,4500003619,EPSA-NCB-G-0037-2017-BID,Humanwell pharmaceutical Ethiopia plc,Ethiopia,6,194602370.64,ETB,RDF,,2025-09-29,2025-09-25,Truck,
,4500006439,EPSA-ICB-G-0012-2017-BID,Neon Laboratory Ltd,India,1,54177.97,EUR,RDF,,2025-09-24,2025-09-25,Air,
,4500004193,EPSA-ICB-G-0078-2017-(HIV-PO),Tenama International FZ-LLC,Utd.Arab Ermir,1,591741.84,USD,Treasury,,2025-09-24,2025-09-25,Sea,
911,4500006552,EPSA-NCB-0038-2017-BID,Afrovision pharmaceuticals,Ethiopia,1,659022.0,ETB,RDF,,2025-09-24,2025-09-25,Truck,
910,4500004082,EPSA-ICB-G-0078-(TB-PO),Tenama International FZ-LLC,Utd.Arab Ermir,1,253376.8,USD,Treasury,,2025-09-24,2025-09-30,Air,
909,4500006451,ICB/EPSA6/RDF-R/PH/13/22,SCOTT Edil pharmacia Ltd,India,1,256316.4,USD,RDF,,2025-09-24,2025-09-25,Air,
908,4500004075,EPSA-ICB-G-0078-2017-(TB-PO),Hexagon Nutrition (International) PVT,China,1,562391.91,USD,Treasury,,2025-09-24,2025-09-25,Air,
907,4500004192,EPSA-ICB-G-0078-2017-(HIV-PO),Hexagon Nutrition (International) PVT,China,1,529281.3,USD,Treasury,,2025-09-24,2025-09-25,Air,
906,4500004098,EPSA-ICB-G-0016-2017-BID,Tenama International FZ-LLC,Utd.Arab Ermir,1,226692.0,USD,GF,,2025-09-24,2025-09-25,Air,
905,4500006418,EPSA-ICB-G-0012-2017-BID,Rise Global GMBH,Germany,1,99867.18,USD,RDF,,2025-09-24,2025-09-25,Air,GMP Suspended-Swiss
904,4500006720,EPSA-ICB-G-0012-2017-BID,Rise Global GMBH,Germany,1,43332.52,USD,RDF,,2025-09-24,2025-10-24,Air,GMP Suspended-Swiss
903,4500006830,EPSA-ICB-G-0012-2017-BID,Rise Global GMBH,Germany,1,85470.0,USD,RDF,,2025-09-24,2025-09-25,Air,
902,4500006807,EPSA-ICB-G-0012-2017-BID,Rise Global GMBH,Germany,1,72159.0,USD,RDF,,2025-09-24,2025-09-25,Air,
901,4500006542,EPSA-ICB-G-0012-2017-BID,Rise Global GMBH,Germany,1,67575.2,USD,RDF,,2025-09-24,2025-09-25,Air,
900,4500006561,ICB/Framework/EPSS6/RDF-R/PH/06/23,Rise Global GMBH,Germany,1,28570.5,USD,RDF,,2025-09-24,2025-09-25,Air,
899,4500006445,ICB/EPSS6/RDF-R/PH/27/23,SCOTT Edil pharmacia Ltd,India,1,12380.4,USD,RDF,,2025-09-24,2025-09-25,Sea,
,4500006405,EPSA-ICB-G-0012-2017-BID,Aculife Healthcare pvt Ltd,India,1,37035.0,USD,RDF,,2025-09-19,2025-09-17,Sea,
898,4500004023,EPSA-ICB-G-0037-2017-BID,Humanwell pharmaceutical ethiopia,Ethiopia,1,136161900.0,ETB,RDF,,2025-09-19,,Truck,GMP
897,4500006413,ICB/EPSS6/RDF-R/PH/27/23,Scott-Edil Pharmacia Ltd,,1,5484.0,USD,RDF,,2025-09-19,2025-09-17,Air,
896,4500006426,EPSA-ICB-G-0012-2017-BID,Medicamen Biotech Limited,India,1,13005.72,USD,RDF,,2025-09-19,2025-09-19,Air,
895,4500006520,EPSA-ICB-G-0012-2017-BID,Medicamen Biotech Limited,India,1,105353.6,USD,RDF,,2025-09-19,2025-08-19,Sea,
894,4500006736,EPSA-ICB-G-0012-2017-BID(1st Lot),Lincoln Pharmaceuticals Limited,Gujarat India,1,2228987.64,USD,RDF,,2025-09-17,2025-09-17,Sea,Not Release performance garatere Hailu
893,4500006550,EPSA-ICB-G-0012-BID,Rise Global GMBH,Germany,2,72960248.79,USD,RDF,,2025-09-16,2025-08-17,Sea,
892,4500006538,EPSA-ICB-G-0012-2017-BID,Medicamen Biotech Limited,India,3,27438.25,USD,RDF,,2025-09-10,2025-08-15,Air,
891,4500005845,EPSA-ICB-0056-2017-BID,REMEDICA LTD,CYPRUS,1,1815.0,USD,RDF,,2025-09-10,2025-08-15,Air,
890,4500006477,ICB/Framework/EPSS6/RDF-R/PH/01/19,Sance Laboratories pvt.Ltd,India,1,140080.0,USD,RDF,,2025-09-09,2025-08-17,Air,
889,4500006476,ICB/Framework/EPSS6/RDF-R/PH/01/19,Bafna pharmaceuticals Ltd,India,1,149061.6,USD,RDF,,2025-09-09,2025-08-17,Air,
888,4500005854,ICB/EPSS6/RDF*R/PH/27/23,Medicamen Biotech Limited,India,1,114543.0,USD,RDF,,2025-09-09,2025-08-15,Air,
887,4500006557,ICB/Framework/EPSS6/RDF-R/PH/06/23,Venus Remedius Ltd,India,1,63436.8,USD,RDF,,2025-09-09,2025-08-15,Air,Suspended by WHO but now released (Cancelled &replaced by PO-450010638
886,4500006506,EPSA-ICB-G-0012-BID,UNITED PHARMA (K) Limited,Kenya,1,96747.0,USD,RDF,,2025-09-09,2025-09-15,Air,
885,4500006398,ICB/EPSS6/RDF*R/PH/27/23,Pinnacle Life Science pvt.Ltd,India,1,18396.0,USD,RDF,,2025-09-09,2025-09-15,Air,261 PAC-391.50 USD Remain
884,4500006768,EPSA-ICB-G-0012-2017-BID(1st Lot),The Say pharma Durug Store Lic,Utd.Arab Emir,1,243022.85,USD,RDF,,2025-09-09,2025-09-15,Air,
883,4500006396,EPSA-ICB-G-0012-BID,Brawn Laboratories Ltd,India,1,1200550.7,USD,RDF,,2025-09-09,2025-08-15,Sea,
882,4500005838,EPSA-ICB-G-0017-BID,Ciron Drugs And pharmaceuticals Pvt Ltd,India,1,18889.6,USD,RDF,,2025-09-09,2025-08-15,Sea,
881,4500005860,ICB/EPSS6/RDF-R/PH/27/23,Scott-Edil Pharmacia Ltd,,1,77133.65,USD,RDF,,2025-09-09,2025-09-15,Air,
880,4500004283,ICB/EPSS6/MOH-SDG/Spare part/MD/0524,BOSTON MEDICAL FZE,Utd.Arab Emir,1,200030.38,USD,SDG,,2025-09-09,2025-09-06,Air,No Spare parties delivered
879,4500006395,EPSA-ICB-G-0012-BID,Orient Int.Holding Shanghai,China,1,436976.82,USD,RDF,,2025-09-05,2025-08-25,Air,
878,4500006553,ICB/Framework/EPSS6/RDF-R/PH/06/23,Khandelwal Laboratories Pvt.Ltd,India,2,35711.55,USD,RDF,,2025-09-05,2025-09-15,Air,
877,4500006360,ICB/PSA6/RDF/CT&MRI/MI25/20,Boston Medical Fze,Utd.ArabEmir,1,760000.0,USD,RDF,,2025-09-05,2025-09-17,Air,
876,4500006358,ICB/PSA6/RDF/CT&MRI/MI25/19,Boston Medical Fze,Utd.ArabEmir,1,760000.0,USD,RDF,,2025-09-05,2025-09-17,Air,
875,4500006309,"EPSS6/RT2/RDF-R/Placement/LR/04/23,Lot2",High Technology Inc,USA,4,87942.12,USD,Treasury,,2025-09-05,2025-09-15,Sea,
874,4500006307,EPSS6/RT2/RDF-R/Placement/LR/04/23,High Technology Inc,USA,1,0.0,USD,Treasury,,2025-09-05,2025-09-15,Sea,
873,4500003982,EPSS6/RT2/RDF-R/Placement/LR/04/23,High Technology Inc,USA,2,2310.0,USD,Treasury,,2025-09-05,,Air,
872,4500006256,"EPSS6/RT2/RDF-R/Placement/LR/04/23,Lot2",High Technology Inc,USA,4,83754.4,USD,RDF,,2025-09-05,2025-09-15,Sea,
871,4500006255,"EPSS6/RT2/RDF-R/Placement/LR/04/23,Lot2",High Technology Inc,USA,1,0.0,USD,RDF,,2025-09-05,2025-09-15,Sea,
870,4500004831,EPSS6/RT2/RDF-R/Placement/LR/04/23,High Technology Inc,USA,2,2200.0,USD,RDF,,2025-09-05,2025-09-15,Air,
869,4500005613,EPSS6/RT2/RDF-R/Placement/LR/04/23,High Technology Inc,USA,1,0.0,USD,SDG,,2025-09-05,2025-09-15,Sea,
868,4500005603,EPSS6/RT2/RDF-R/Placement/LR/04/23,High Technology Inc,USA,2,2860.0,USD,SDG,Under Clearance,2025-09-05,2025-08-15,Air,
867,4500005569,EPSS6/RT2/RDF-R/placement/LR/04/23,High Technology Inc,USA,4,108880.72,USD,SDG,,2025-09-05,2025-09-15,Sea,
866,4500003059,ICB/EPSS6/MOH-SDG/MD/29/23,Spot Medical Equipment FZE,Utd.Arab Emir,1,120547.0,USD,SDG,,2025-09-05,2025-08-15,Sea,"Shipped, but not received"
865,4500006312,EPSS6/RT2/RDF-R/placement/LR/04/23,High Technology Inc,USA,4,167508.8,USD,RDF,,2025-09-05,2025-09-15,Sea,
864,4500004793,EPSS6/RT2/RDF-R/Placement/LR/04/23,High Technology Inc,USA,2,4400.0,USD,RDF,,2025-09-05,2025-09-15,Air,
863,4500006313,"EPSS6/RT2/RDF-R/Placement/LR/04/23,Lot 3",High Technology Inc,USA,1,0.0,USD,RDF,,2025-09-05,2025-08-15,,
862,4500006417,ICB/EPSS6/RDF-R/PH/27/23(2nd Lot),Medicamen Biotech Limited,India,1,84933.36,USD,RDF,,2025-09-05,2025-09-05,Air,
861,4500006421,ICB/EPSS6/RDF-R/PH/27/23(2nd Lot),Scott Edil pharmaica Ltd,India,2,208551.37,USD,RDF,,2025-09-05,2025-09-05,Air,
860,4500006367,EPSA/ICB/G/0012-2017-BID,Galentic pharma,India,1,25077.6,USD,RDF,,2025-09-05,2025-09-05,Air,Supplier could not supply due to facility expansion
859,4500006562,ICB/Framework/EPSS6/RDF-R/PH/06/23,Aurobindo pharma,India,1,9378.0,USD,RDF,,2025-09-05,2025-09-05,Air,No Response from the Supplier
858,4500006397,EPSA-ICB-G-0012-BID,Leben,India,1,800368.9,USD,RDF,,2025-09-03,2025-08-15,Sea,240 BT-63.60 USD Remain
857,4500006423,ICB/EPSS6/RDF-R/PH/27/23(2nd Lot),Sakar Healthcare Limited,India,1,83900.16,USD,RDF,,2025-09-03,2025-09-05,Air,
856,4500006450,EPSA-ICB-G-0012-2017-BID-BID(2nd Lot),AXA PARENTERALS LIMITED,India,1,4427406.9,USD,RDF,,2025-09-03,2025-09-03,Air,
855,4500006585,ICB/EPSA6/RDF-R/PH/13/22,Unique pharmaceutical Laboratories,India,1,62000.0,USD,RDF,,2025-09-03,2025-09-03,Air,
854,4500006583,ICB/EPSA6/RDF-R/PH/13/22,Unique pharmaceutical Laboratories,India,1,144554.86,USD,RDF,,2025-09-03,2025-09-03,Air,
853,4500006560,ICB/Framework/EPSS6/RDF-R/PH/06/23,Rise Global GMBH,Germany,2,167488.2,USD,RDF,,2025-09-03,2025-09-03,Air,
852,4500006471,ICB/EPSA6/RDF-R/PH/13/22,Ningbo inopha Biotec Ltd,China,1,142727.76,USD,RDF,,2025-09-03,2025-09-03,Air,
851,4500006047,ICB/Framework/EPSS6/RDF-R/PH/06/23,"Khandelwal Laboratories pvt,Ltd",India,1,54621.0,USD,RDF,,2025-09-03,2025-09-03,Air,
850,4500006390,EPSA-ICB-G-0012-2017-BID,Beximco pharmaceuticals Ltd,Bangladesh,1,754368.0,USD,RDF,,2025-09-03,2025-09-03,Air,
849,4500006590,ICB/Framework/EPSS6/RDF-R/PH/06/23,Therdose pharma pvt.Ltd,Inida,2,139536.0,USD,RDF,,2025-09-03,2025-09-03,Air,
848,4500006461,EPSA-ICB/G/0015/2017/BID,Gst Corporation Ltd,India,3,3038.95,USD,RDF,,2025-09-03,2025-09-03,Air,
847,4500006371,EPSA-ICB-G-0017-2017-BID,RISE GLOBAL GMNH,Germany,1,41405.0,USD,RDF,,2025-09-03,2025-09-03,Air,
846,4500005727,EPSA-ICB-G-0056-2017-BID,REMEDICAL LTD,Cyprus,1,9526.0,USD,RDF,,2025-09-03,2025-09-03,Air,
845,4500006468,ICB/EPSS6/RDF-R/PH/27/23,VHB Medi Sciences Limited,India,1,17229.9,USD,RDF,,2025-09-03,2025-09-03,Air,
844,4500006460,ICB/EPSA6/RDF-R/PH/13/22,Leben,India,1,31374.81,USD,RDF,,2025-09-01,2025-09-01,Air,
843,4500006541,ICB-EPSS6-RDF-R/2016/MS/LS/12/23,Peters Surgical India Pvt.Ltd,India,3,144724.96,USD,RDF,,2025-09-01,2025-09-01,Air,
842,4500006384,EPSA-ICB-G-0017-2017-BID(2nd Lot),Tenama International FZ-LLC,Utd.Arab Ermir,1,46702.14,USD,RDF,,2025-09-01,2025-09-01,Air,Remaining balance of 43 units production loss
841,4500006475,EPSA-ICBG-0012-2017-BID,VHB Medi Sciences Limited,India,1,27802.7,USD,RDF,,2025-09-01,2025-09-01,Air,0.49% sholt due to batch yeild loss (Has letter)
840,4500006441,EPSA-ICB-G-0015-2017-BID,Sterilance Medical (Suzhou),China,1,39361.92,USD,RDF,,2025-09-01,2025-09-01,Air,
839,4500006453,EPSA-ICB-G-0015-2017-BID,Care pharma FZ LLC,Utd Arab Emir,2,216305.88,USD,RDF,,2025-09-01,2025-09-01,Air,
838,4500006454,EPSA-ICB-G-0015-2017-BID,Care pharma FZ LLC,Utd Arab Emir,1,1267.01,USD,RDF,,2025-09-01,2025-09-01,Air,
837,4500006465,ICB/EPSA/RDF-R/PH/13/22,Medicamen Biotech Limited,India,1,5229576.0,USD,RDF,,2025-08-29,2025-08-29,Sea,
836,4500006446,ICB/EPSA6/RDF-R/PH/13/22(Reill from 7507,Medicamen Biotech Limited,India,1,283254300.0,USD,RDF,,2025-08-29,2025-08-29,Air,
835,4500006463,ICB/EPSA6/RDF-R/PH/13/22(Reill from 7507,Medicamen Biotech Limited,India,1,3932700.75,USD,RDF,,2025-08-29,2025-08-29,Sea,
834,4500006452,ICB/EPSA6/RDF-R/PH/13/22(Reill from 7507,Scott Edil Pharmacia,India,1,214562520.0,USD,RDF,,2025-08-29,2025-08-29,Air,
833,4500006472,ICB/EPSA6/RDF-R/PH/13/22(Reill from 7507,Reyoung pharmaceutical,China,1,2807437.5,USD,RDF,,2025-08-28,2025-08-28,Air,
832,4500004784,EPSA-ICB-G-0008-2017-BID,Rise Global GMBH,Germany,1,4261.84,USD,RDF,,2025-08-28,2025-08-28,Air,
831,4500006434,EPSA-ICB-G-0008-2017-BID,"Hangzhou Alltest Biotech Co., Ltd",China,1,56556.72,USD,RDF,,2025-08-28,2025-08-28,Air,
830,4500006351,ICB/EPSS6/RDF-R/PH/23/23(1 st Lot),REMEDICA LTD,CYPRUS,1,19887.12,USD,RDF,,2025-08-28,2025-08-28,Air,
829,4500006394,ICB/EPSS6/RDF/PH/23/23,Ciron Drugs And Pharmaceuticals PVT Ltd,India,1,96921.0,USD,RDF,,2025-08-28,2025-08-28,Air,
828,4500006502,EPSA-ICB-G-12-2017-BID,Ningbo Inopha Biotec Ltd,China,2,995046.4,USD,RDF,,2025-08-28,2025-08-28,Sea,"The Supplier transfered 1,143.49 USD to EPSS account for the remaining quantity"
827,4500006435,EPSA-ICB-G-0008-2017-BID,Intec Products Inc,China,1,37707.12,USD,RDF,,2025-08-27,2025-08-28,Air,
826,4500006382,EPSA-ICB-G-2017-BID(2nd Lot,Ciron Drugs And Pharmaceuticals PVT Ltd,India,1,48000.16,USD,RDF,,2025-08-27,2025-08-28,Air,
825,4500006392,ICB/EPSS6/RDF-R/PH/23/23(2nd Lot),The Say pharma Drug Store Lic,Utd.Arab Emir,1,310110.5,USD,RDF,,2025-08-27,2025-08-28,Air,
824,4500006345,EPSA-ICB-G-0017-BID(2nd,Macleods Pharmaceuticals Ltd,india,1,53754.68,USD,RDF,,2025-08-27,2025-08-28,Air,LC extended
,4500004181,ICB/EPSS6/MOH-SDG/Spare-part/MD/05/24,Shenzhen Middray Bio-Medical Electronics,China,1,279120.31,USD,SDG,,2025-08-26,2025-08-26,Air,
823,4500006054,EPSA-ICB-G-0026-2017-BID,Care pharma FZ LLC,Utd Arab Emir,1,9870.0,USD,RDF,,2025-08-26,2025-08-28,Air,
822,4500004096,EPSA-ICB-G-0016-2017-BID,Care Pharma FZ LLC,Utd Arab Emir,3,3573478.86,USD,GF,,2025-08-21,2025-08-27,Air,
821,4500004513,EPSA-NCB-G-0019-2017-BID(Refill)PT-30/70,Sansheng Pharmaceutical PLC,Ethiopia,1,19707090.0,ETB,SDG,,2025-08-19,2025-08-21,Truck,"1784 PAC -(1,230,960 ETB Remain)"
820,4500004634,EPSA-ICB-G-0062-2017-BID,Scott-Edil Pharmacia Ltd,,1,198000.0,USD,SDG,,2025-08-19,2025-08-19,Sea,
819,4500003995,ICB/EPSS6/MOH-SDG/Spare-part/MD/05/24,Contec medical systems co.ltd,China,21,42881.0,USD,SDG,,2025-08-15,2025-08-14,Air,"The supplier should pay penality and storage with liquidated damage-Nebiyu



NIBP Cuff, adult 92  and pediatric 97 qty   and SPO2  Probe adult 90 and pediatric 98 missed"
818,4500004274,ICB/EPSS6/MOH-SDG/Spare part/MD/05/24,Guangdong Biolight Meditech co. ltd,China,1,286810.0,USD,SDG,,2025-08-15,2025-08-14,Air,
817,4500004615,EPSA-ICB-G-0061-2017-BID(FW),Tenama International FZ-LLC,Utd.Arab Ermir,1,780164.28,USD,Treasury,,2025-08-14,2025-08-14,Sea,
816,4500004630,EPSA-ICB-G-0061-2017-BID(FW),Tenama International FZ-LLC,Utd.Arab Ermir,1,500912.56,USD,SDG,,2025-08-14,2025-08-14,Sea,
815,4500004613,EPSA-ICB-G-0061-2017-Bid(FW),Tenama International FZ-LLC,Utd.Arab Ermir,2,5112.25,USD,SDG,,2025-08-14,2025-08-15,Air,Cancel and close contract
814,4500004649,EPSA-ICB-G-0061-2017-Bid(FW),Tenama International FZ-LLC,Utd.Arab Ermir,1,130712.4,USD,SDG,,2025-08-14,2025-08-15,Sea,
813,4500005790,EPSA-ICB-G-0012-2017-BID,Neon Laboratories Ltd,India,1,49142.8,EUR,RDF,,2025-08-14,2025-08-15,Air,
812,4500004737,EPSA-ICB-G-0061-2017-Bid(FW),Rise Global GMBH,Germany,1,41715.0,USD,SDG,,2025-08-14,2025-08-15,Air,
811,4500004736,EPSA-ICB-G-0061-2017-Bid(FW),Rise Global GMBH,Germany,1,7669.09,USD,SDG,,2025-08-14,2025-08-15,Air,GMP suspended
810,4500005788,ICB/FW/EPSS6/RDF-R/PH/06/23,Neon Laboratories Ltd,India,1,3360.0,EUR,RDF,,2025-08-14,2025-08-15,Air,
809,4500005915,ICB/Framework/EPSS6/RDF-R/PH/06/23,Neon Laboratories Ltd,India,1,2700.0,EUR,RDF,,2025-08-14,2025-08-15,Air,
808,4500005853,EPSA-ICB-G-0043-2016-BID,Rise Global GMBH,Germany,1,5950.0,USD,RDF,,2025-08-14,2025-08-14,Air,
807,4500006196,EPSA-NCB-G-0055-2017-BID,Ethiopian Pharmaceutical Manufacturine S.C,Ethioipa,3,753935448.0,ETB,RDF,,2025-08-14,2025-08-14,Truck,
806,4500006233,EPSA-NCB-G-0055-2017-BID,Ethiopian Pharmaceutical Manufacturine S.C,Ethioipa,1,723076227.0,ETB,RDF,,2025-08-14,2025-08-14,Truck,
805,4500006067,ICB/EPSS6/SDG and RDF/MD/19/24,Rise Global GMBH,Germany,1,249676.0,USD,RDF,,2025-08-08,2025-10-03,,
804,4500006131,ICB/EPSS6/SDG and RDF/MD/19/24,Fenway Trading Co.Ltd,Taipei Trading Co.Ltd,1,8673.0,USD,RDF,,2025-08-08,2025-10-03,,
803,4500006129,ICB/EPSS6/SDG and RDF/MD/19/24,Fenway Trading Co.Ltd,Taipei Trading Co.Ltd,1,34000.0,USD,RDF,,2025-08-08,2025-10-03,,
802,4500006041,ICB/EPSS6/SDG and RDF/MD/19/24,Ambulac (Shenzhen) Tech.CoLtd,China,1,114120.0,USD,RDF,,2025-08-07,2025-10-02,,
801,4500006128,ICB/EPSA6/SDG and RDF/MD/1924,Fenway Trading Co.Ltd,Taipei Trading Co.Ltd,1,391248.0,USD,Treasury,,2025-08-07,2025-08-09,,Transferred budget is less than PO amount
800,4500004535,ICB/EPSA6/SDG and RDF/MD/1924,Fenway Trading Co.Ltd,Taipei Trading Co.Ltd,1,26376.0,USD,Treasury,,2025-08-07,2025-08-09,,
799,4500004540,ICB/EPSA6/SDG and RDF/MD/1924,Fenway Trading Co.Ltd,Taipei Trading Co.Ltd,1,24178.0,USD,SDG,,2025-08-07,2025-08-09,,
798,4500004617,EPSA-ICB-0061-2017-BID(FW),Rise Global GMBH,Germany,1,13002.74,USD,Treasury,,2025-08-05,2025-08-06,,
797,4500004616,EPSA-ICB-G-0061-2017-BID(FW),Rise Global GMBH,Germany,1,102187.72,USD,SDG,,2025-08-05,2025-08-06,,
796,4500005786,EPSS6/DT/LOCAL/RDF-R/PH/13/23,Kilitch Estro Biotech PLC,Ethiopia,3,225035682.0,ETB,RDF,,2025-08-05,2025-08-09,Truck,Due to Micro Economic change EPSS was not volunteer to pay the difference
795,4500005863,ICB/EPSS6/RDF-R/PH/27/23(1stLot),Medicamen Biotech Limited,India,1,14776.8,USD,RDF,,2025-08-04,2025-08-06,,
794,4500005892,EPSA-ICB-G-0012-2017-BID,Rise Global GMBH,Germany,1,54493.44,USD,RDF,,2025-08-04,2025-08-06,,
793,4500006033,EPSA-ICB-G-0012-2017-BID,M.J Biopharm Pvt Ltd,India,1,2363066.64,USD,RDF,,2025-08-04,2025-08-04,,
792,4500006076,Split From 4565,Wise Team FZC,Utd.Arab Emir,1,12150.0,USD,SDG,,2025-08-04,2025-08-04,,540 of infusion pump tubes had been missed
791,4500005225,ICB/FW/EPSA6/GF/OI/PH/03/22,Leben,India,1,18224.64,USD,GF,,2025-08-04,2025-08-11,,
790,4500006066,ICB/EPSS6/-/19/24(Split from4556),Rise Global GMBH,Germany,2,280905.6,USD,SDG,,2025-08-04,2025-10-02,,budget from 4500004556
789,4500006065,ICBEPSS6/..19/24(Split from 4556),Rise Global GMBH,Germany,1,343440.0,USD,SDG,,2025-08-04,2025-10-02,,Transfered from -4500004556
788,4500005934,EPSA-ICB-G-0012-2017-BID,Care Pharma FFZ LLC,Utd.Arab Emir,10,43.0,,RDF,,2025-08-04,2025-08-04,,The supplier said unable to supply Tracheostomy Tube 2.0 mm wtih 90 curvature armoure with low pressure Cuff Universal inflation funnel and pilot balloon due to global unavailability of the item
787,4500006048,EPSA-ICB-G-0012-2017-BID,Neon Laboratory Ltd,India,1,19942200.0,EUR,RDF,,2025-08-04,2025-08-08,,
786,4500005935,EPSA-ICB-G-0015-2017-BID,Care Pharma FZ LLC,Utd Arab Emir,5,10821.84,USD,RDF,,2025-08-04,2025-08-04,,
785,4500005809,EPSA-ICB-G-0015-2017-BID,Sterilance (Suzhou),China,2,15069.6,USD,RDF,,2025-08-04,2025-08-04,,
784,4500004529,ICB EPSS6/SGD and RDF/MD/19/24,Phoenix Medical Systems Private Limited,India,2,3063380.0,USD,Treasury,,2025-08-04,2025-08-04,,LC extended
783,4500004584,ICB/EPSS6/SDG and RDF/MD/19/24,Ningbo David Medical Device Co.Ltd,China,1,5500.0,USD,SDG,,2025-07-31,2025-07-31,Sea,
782,4500004581,ICB/EPSS6/SDG and RDF/MD/19/24,Ningbo David Medical Device Co.Ltd,China,1,275000000.0,USD,Treasury,,2025-07-31,2025-07-31,,
781,4500006073,ICB/__19/24(Split from 4565),Wise Team,UAE,1,247860000.0,USD,SDG,,2025-07-30,,,Budget from 4500004565
780,4500005893,EPSA-ICB-G-0012-2017-BID,Humanwell Pharmaceutical Ethiopia plc,Ethiopia,2,16819920.0,ETB,RDF,,2025-07-30,2025-07-30,,
779,4500004657,EPSA-ICB-G-0061-2017-BID(FW),Naari PTE Limited,India,2,365180.93,USD,SDG,,2025-07-30,2025-07-31,,"Cancel and confiscate PG because only delivered 8%(54,603.12 USD)
 of PO amount (675,185.39 USD)"
778,4500004658,EPSA-ICB-G-0061-2017-BID(FW),Naari PTE Limited,India,2,227725.0,USD,Treasury,,2025-07-30,2025-07-31,,
777,4500005894,EPSA-ICB-G-0012-2017-BID,Sansheng Pharmaceutical plc,Ethiopia,1,4790760.0,ETB,RDF,,2025-07-30,2025-07-30,,
776,4500004309,EPSA-NCB-G-0019-2017-BID,Julphar Ethiopia,Ethiopia,3,30476339.0,ETB,RDF,,2025-07-30,2025-07-30,,
775,4500004295,EPSA-NCB-G-0019-2017-BID,Julphar Ethiopia,Ethiopia,1,65297552000.0,ETB,RDF,,2025-07-29,2025-08-06,,
774,4500004546,ICB/EPSS6/SDG and RDF/MD/19/24,Wise team FZC,Utd Arab Emir,1,91350.0,USD,Treasury,,2025-07-29,2025-07-30,,
773,4500004666,EPSA-ICB-G-0062-2017-BID,SEVATTO PHARMA,Ahemedabad India,1,79917.51,USD,Treasury,,2025-07-29,2025-08-26,,
772,4500004089,EPSA-ICB-G-0078-2017(Lot3),Guangzhou Double One Latex Products,China,1,1178065.51,USD,GF,,2025-07-29,2026-03-19,,
771,4500004088,EPSA-ICB-G-0078-2017(Lot 2),Guangzhou Double One Latex Products,China,1,1150702.49,USD,GF,,2025-07-29,2025-08-26,,"Budget transferred to Other POs-4500006863, 4500006843 Remain Budget 1,077,485.74"
770,4500004620,EPSA-ICB-G-0061-2017-BID(FW),SEVATTO PHARMA,Ahemedabad India,1,166865.0,USD,SDG,,2025-07-29,2025-07-30,,
769,4500004087,EPSA-ICB-G-0078-2017(Lot 1),Guangzhou Double One Latex Products,China,1,1150698009.6,USD,GF,,2025-07-29,2025-07-29,Sea,"3,448.37 
USD (EFDA sample)
2 batches Failed EFDA test"
768,7531/4500005798,PO7531,Kopran Limited,India,1,614381.82,USD,RDF,,2025-07-28,2025-07-29,,
767,4500005944,EPSA-ICB-G-0012-2017-BID,Aurobindo pharma,India,1,740386.56,USD,RDF,,2025-07-28,2025-07-28,,Has huge remaining value
766,4500004629,EPSA-ICB-G-0062-2017-BID,SEVATTO PHARMA,Ahemedabad India,1,177566.03,USD,RTI,,2025-07-28,2025-07-28,,
765,4500006034,EPSA-ICB-G-0012-2017-BID,VHB Medi Sciences Limited,India,1,325083.2,USD,RDF,,2025-07-28,2025-07-28,,
764,4500005945,EPSA-ICB-0012-2017-BID,Medicef Pharma,India,1,493591.04,USD,RDF,,2025-07-28,2025-07-28,,
763,4500005822,EPSA-ICB-G-0026-2017-BID,Care Pharma FZ,Utd Arab Emir,1,28508.74,USD,RDF,,2025-07-28,2025-07-28,,
762,4500005903,ICB/Framework/EPSS6/RDF-R/PH/06/23,Khandelwal Laboratories Pvt.Ltd,India,1,8032.5,USD,RDF,,2025-07-28,2025-07-28,,
761,4500004786,EPSA-ICB-G-0008-2017-BID,Care Pharma FZ,Utd Arab Emir,1,6391.6,USD,RDF,,2025-07-28,2025-07-28,,
760,4500005943,EPSA-ICB-G-0012-2017-BID,Orient Int.Holding Shanghai Rongheng IN,China,1,223338.96,USD,RDF,,2025-07-25,2025-07-28,,
759,4500005897,po.no 007338,Medochemie Ltd,Cyprus,1,169179.92,USD,RDF,,2025-07-25,2025-07-28,,
758,4500004538,ICB/EPSS/SDG and RDF/MD/19/24,BOSTON MEDICAL FZE,Utd.Arab Emir,2,2460785.99,USD,SDG,,2025-07-25,2025-08-29,,
757,4500005226,ICB/FW/EPSA6/GF/ARV/OI/PH/03/22,Unique Pharmaceutical Laboratories,India,1,12149.76,USD,GF,,2025-07-25,2025-08-11,,
756,4500005784,ICB/EPSS6/RDF-R/PH/PH/23/23(2nd Lot),Medochemie Ltd,Cyprus,1,49513.4,USD,RDF,,2025-07-24,2025-07-25,,Suspended
755,4500005214,ICB/FW/EPSS6/MOH-GF/Malaria/PH/14/23,Ajanta pharma Ltd.,India,2,1631369.7,USD,GF,,2025-07-23,2025-07-25,,
754,4500005831,ICB/EPSS6/RDF-R/PH/23/23(2st Lot),Scott Edil Pharmacia,India,1,8788238.1,USD,RDF,,2025-07-23,2025-07-25,,
753,4500005781,ICB/EPSS6/RDF-R/PH/23/23(1st Lot),Aurobindo pharma,India,1,12971.7,USD,RDF,,2025-07-23,2025-07-25,,
752,4500005948,ICB/EPSS6/RDF-R/PH/27/23,Sakar Healhcare Limited,India,1,302099.21,USD,RDF,,2025-07-23,2025-07-25,,1 PAC 0.49 USD Remain
751,4500005832,PO#7998,Scott Edil Pharmacia,India,1,650422250.0,USD,RDF,,2025-07-23,2025-07-25,,1 PAC  37.25 USD Remain
750,4500005771,EPSA-ICB-G-0017-2017-BID(1st Lot),Tenama International FZ-LLC,Utd.Arab Ermir,1,46702.14,USD,RDF,,2025-07-23,2025-07-25,,
749,4500005947,EPSA-NCB-G-0069-2017-BID,Novel Industria group,Ethiopia,1,19988.1,ETB,RDF,Fully Delivered,2025-07-22,2025-07-24,,
748,4500006025,ICB/EPSS6/RDF-R 2016/MS/LS/12/23,Medico (Huaian) Co.Ltd,China,1,22162.0,USD,RDF,,2025-07-22,2025-08-12,,3 DZ  6.0 USD Remain
,4500004560,ICB/EPSS6/SDG and RDF/MD/19/24,"Shenzhen Lanmage Medical Techno.,Ltd",China,1,549990.0,USD,SDG,,2025-07-21,2025-07-22,,
747,4500005936,EPSA-NCB-G-0043-2017-BID/LOT-1,Sa-med plc,Ethiopia,2,67411035.0,ETB,RDF,,2025-07-21,2025-07-22,Truck,Not Delivering
746,4500005946,EPSA-NCB-G-0043-2017-BID/LOT-2,Sa-med plc,Ethiopia,2,67411035.0,ETB,RDF,,2025-07-21,2025-08-22,Truck,Not Delivering
745,4500002915,EPSA-ICB-G-0010-2017-BID,Tenama International FZ-LLC,Utd.Arab Ermir,1,1478460.6,USD,STBF,,2025-07-21,2025-08-18,Sea,
744,4500004474,EPSA-NCB-G-0073-2017(PT:30%70%),Pharmacure PLC,Ethiopia,7,105866259.6,ETB,SDG,Awaiting Delivery,2025-07-21,2025-08-04,Truck,
743,4500006020,ICB/EPSS6/RDF-R/PH/27/23,Orient INt. Holding shanghai rongheng,China,1,213850.56,USD,RDF,,2025-07-21,2025-06-11,,
742,4500004783,EPSA-ICB-G-0008-2017-BID,Rise Global Gmbh,Germany,1,15024.8,USD,RDF,Fully Delivered,2025-07-21,2025-07-14,Air,
741,4500005760,ICB/EPSS6/RDF-R/MS/15/23,Gullin HBM healthprotection INC,China,1,21463465.77,USD,RDF,,2025-07-21,2025-07-14,,LC extended
,4500006018,ICB/EPSS6/SDG and RDF/MD/19/24,"Shenzhen Comen Medical Instrumnt Co.,Ltd",China,1,44000.0,USD,RDF,,2025-07-11,2025-10-06,,
,4500004558,ICB-EPSS6-SDG and RDF/RDF-MD/19/24,"Shenzhen Comen Medical Instrumnt Co.,Ltd",China,1,242640.0,USD,SDG,,2025-07-11,2025-08-10,,
,4500005223,ICB/FW/EPSS6/MOH-GF-Malaria/PH/14/23,Macleods pharmaceuticals Ltd.,India,1,1087572.4,USD,GF,,2025-07-10,2025-09-24,Sea,
,4500004651,ICB-G-0061-2017-BID,Brassica PharmaPvt Ltd,india,1,153281.69,USD,GF,,2025-07-10,2025-08-10,,
,4500004637,EPSA-ICB-G-0062-2017-BID,Tenama International FZ-LLC,Utd.Arab Ermir,1,59113.45,USD,MOF,,2025-07-10,2025-08-18,,
,4500004632,EPSA-ICB-G-0062-2017-BID,Tenama International FZ-LLC,Utd.Arab Ermir,1,168993.42,USD,RTI-NTD,,2025-07-10,2025-07-25,,
,4500004608,EPSA-ICB-G-0062-2017-BID,RISE GLOBAL GMBH,Germany,1,81614.04,USD,SDG,,2025-07-10,2025-08-10,Sea,
,4500004605,EPSA-ICB-G-0062-2017-BID,RISE GLOBAL GMBH,Germany,1,194400.96,USD,SDG,,2025-07-10,2025-07-16,Sea,
740,4500005124,EPSA6/DT/GF5457/MURE/LR/05/25,Diasorin S.P.A crescentino,saluggia italy,1,2275.0,EUR,EPHI,,2025-07-07,2025-07-07,,
739,4500004308,EPSA-NCB-G-0019-2017-BID,Humanwell pharmaceutical Ethioia plc,Ethiopia,6,102477594.0,ETB,RDF,,2025-07-04,2025-07-07,,
738,4500004682,EPSA-NCB-G-0067-2017-BID(For nutrition),Humanwell pharmaceutical Ethioia plc,Ethiopia,1,166171142.0,ETB,SDG,,2025-07-04,2025-07-07,,
737,4500004787,EPSA-ICB-G-008-2017-BID,Care pharma FZ LLC,Utd Arab Emir,1,108730.93,USD,RDF,,2025-07-04,2025-07-11,,
736,4500004814,EPSA-ICB-G-008-2017-BID/treasury/refil,Intec products Inc,China,1,7531.92,USD,GF,,2025-07-04,2025-07-22,,
735,4500004982,EPSA-ICB-G-0010-2017(lot2),Macleods Pharmaceuticals Ltd,india,1,405544.51,USD,GF,,2025-07-04,,,
734,4500003757,EPSA-ICB-G-0010-2017(From 2916),Macleods Pharmaceuticals Ltd,india,1,405544.51,USD,GF,,2025-07-04,,,
733,4500005375,EPSA-ICB-G-0010-2017(Lot3),Macleods Pharmaceuticals Ltd,india,1,405544.51,USD,GF,,2025-07-04,,,
732,4500005240,"EPSA-NCB-G-0063-2017-BID,1st Lot",WASSA Pharma PLC,Ethiopia,1,19748262.0,ETB,RDF,,2025-07-04,2025-07-07,,
731,4500004655,EPSA-ICB-G-0063-BID 2BID Lot,Afrovision pharmaceuticals,Ethiopia,1,6979700.0,ETB,Treasury,,2025-07-04,2025-07-03,,
730,4500004672,EPSA-ICB-0062-2017-BID PT 30/70,Afrovision pharmaceuticals,Ethiopia,1,80964.52,ETB,GF,,2025-07-04,2025-07-03,,
729,4500005261,EPSA-ICB-G-0063-BID 2BID Lot,WASSA Pharma PLC,Ethiopia,1,19748262.0,ETB,RDF,,2025-07-04,2025-07-07,,
728,4500005126,5266,"Edan Instruments Icn.,",China,1,1018052.0,USD,SDG,,2025-07-03,2025-07-04,,
727,4500005311,ET-MOH-400012-GO-RFP,Drive Devilbiss International,Germany,1,1329040.0,USD,WB,,2025-07-03,2025-07-03,,
726,4500005307,ET-MOH-400012-GO-RFP,"Shenzhen Browiner Tech CO.,Ltd",Singapore,1,4462080.0,USD,WB,,2025-07-03,2025-07-03,,
725,4500005305,ET-MOH-400012-GO-RFP,"Shenzhen Browiner Tech CO.,Ltd",Singapore,1,3599340.0,USD,WB,,2025-07-03,2025-07-03,,
724,4500005310,ET-MOH-400009-GO-RFB,Spot Medical Equipment FZE,Utd.Arab Emir,1,8251080.0,USD,WB,,2025-07-03,2025-07-03,,
723,4500005309,ET-MOH-400009-GO-RFB,Adonai Trading FZE,"United Arab
 Emirates (the)",1,1818558.0,USD,WB,,2025-07-03,2025-07-03,,
722,4500005314,ET-MOH-400009-GO-RFB,Edan Instruments INc,China,1,4577490.0,USD,WB,,2025-07-03,2025-07-03,,
721,4500004836,EPSA*NCB-G-0055-2017-BID,Cadila Pharmaceuticals - Ethiopia,Ethiopia,1,9035486.0,ETB,RDF,,2025-07-01,2025-07-04,,
720,4500005055,EPSA-ICB-G-0012-2017-BID,Rise Global GMBH,Germany,1,42737.2,USD,RDF,,2025-07-01,2025-07-02,,
719,4500005056,EPSA-ICB-G-0012-2017-BID,Rise Global GMBH,Germany,1,15940.4,USD,RDF,,2025-07-01,2025-07-02,,
718,4500004806,EPSA-ICB-G-008-2017-BID/treasury,Kay & Company,Inda,1,102989.76,USD,Treasury,,2025-06-27,2025-07-24,,
717,4500004906,EPSA-ICB-G-008-2017-BID/Maternal health,"Hangzhou Alltest Biotech Co.,Ltd","Shzhou
 China",1,99911.2,USD,Treasury,,2025-06-27,2025-07-22,,
716,4500004681,EPSS6-RT2/Local/MOH-SDG/FH/PH/07/23(Refill,Addis Pharmaceutical Factory Sc,Ethiopia,1,10653707.94,ETB,SDG,,2025-06-27,2025-08-06,,Supplier requested cancellation for the remaining due to Micro-econimic change
715,4500004609,EPSA-ICB-G-0062-2017-BID,United pharma (K) Limited,Kenya,1,185076.5,USD,SDG,,2025-06-27,2025-07-30,,
714,4500002923,EPSA-ICB-G-0010-2017-BID,FDC,India,2,1513337.18,USD,SDG,,2025-06-27,2025-08-06,,Budget changed to 4500004284
713,4500004782,EPSA-ICB-G-0008-2017-BID,Kay & Company,Inda,1,115410.95,USD,RDF,,2025-06-27,2025-07-11,,
712,4500004785,EPSA-ICB-G-0008-2017-BID,"Hangzhou Alltest Biotech CO.,Ltd",China,1,384092.16,USD,RDF,,2025-06-27,2025-07-11,,
711,4500004585,ICB/PSA6/SDG/PLACEMENT/LR/32/19 For,Abbott Gmbh wiesbadan,German,1,0.0,USD,SDG,,2025-06-26,2025-11-28,,
710,4500004484,ICB/PSA6/SDG/PLACEMENT/LR/32/19 For,Abbott Gmbh wiesbadan,German,1,,USD,SDG,,2025-06-26,2025-11-28,,
709,4500004577,ICB/PSA6/SDG/PLACEMENT/ LR/32/19 For,Abbott Gmbh wiesbadan,German,1,1099814.99,USD,SDG,,2025-06-26,2025-10-02,,
708,4500004146,Refill from 8300 and 8228 for SRHB and ORHB,Shenzhen Mindray Bio-Medical Electronics,China,1,29235.0,USD,RDF,,2025-06-26,2025-05-26,,
707,4500004619,EPSA-ICB-G-0061-2017-BID (FW),Relier pharma Fze,Utd Arab Emir,1,337561.31,USD,SDG,,2025-06-26,2025-06-10,,
706,4500004618,EPSA-ICB-G-0061-2017-BID (FW),Relier pharma Fze,Utd Arab Emir,1,30409.99,USD,SDG,,2025-06-26,,,unsupplied 332-pack of Misoprostol-25 µg Tablet
705,4500004622,EPSA-ICB-G-0061-2017-BID (FW),Ciron Drugs And Pharmaceuticals pvt Ltd,India,1,75137.15,USD,SDG,,2025-06-26,2025-06-25,,
704,4500004633,EPSA-ICB-G-0061-2017-BID (FW),Milan Laboratories (India) Pvt.Ltd,India,1,35131.56,USD,SDG,,2025-06-26,2025-06-07,,
703,4500003400,EPSS6RT2/RDF-R/PLACEMENT/LR/04/23,High technolgy inc,USA,2,,USD,RDF,,2025-06-25,2025-05-28,,Please enter PG expiry date
702,4500004780,EPSA-ICB-G-0008-2017-BID,Intec products Inc,China,1,55470.24,USD,RDF,,2025-06-17,2025-06-17,,Please enter PG expiry date
701,4500004315,EPSA-NCB-G-0019-2017-BID,Cadila pharmaceuticals -Ethiopia,Ethiopia,1,,ETB,RDF,,2025-06-16,2025-06-17,,Please enter PG expiry date
700,4500003950,EPSA-NCB-G-0019,Sansheng pharmaceutical PLC,Ethiopia,1,666498.0,ETB,RDF,,2025-06-16,2025-06-16,,Please enter PG expiry date
699,4500004120,ICB/EPSS6/RDF-R/PH/27/23,Medicamen Biotech Limited,India,1,59023.65,USD,RDF,,2025-06-16,2025-06-16,,Please enter PG expiry date
698,4500004112,ICB/EPSS/RDF-R/PH/23/23(1st lot),Aurobindo pharma,India,1,5857.5,USD,RDF,,2025-06-16,2025-06-16,,Please enter PG expiry date
697,4500004959,EPSA-ICB-G-0075-2017-BID,Afrovision pharmaceuticals,Ethiopia,1,36795.0,ETB,SDG,,2025-06-11,2025-06-11,,Please enter PG expiry date
696,4500004699,EPSA-ICB-G-0075-2017-BID,Afrovision pharmaceuticals,Ethiopia,1,214080.0,ETB,SDG,,2025-06-11,2025-06-11,,Please enter PG expiry date
695,4500004700,EPSA-ICB-G-0075-2017-BID,Afrovision pharmaceuticals,Ethiopia,1,17881545.0,ETB,SDG,,2025-06-11,2025-06-11,,Please enter PG expiry date
694,4500004706,EPSA-ICB-G-0075-2017-BID,Afrovision pharmaceuticals,Ethiopia,1,53520.0,ETB,SDG,,2025-06-11,2025-06-11,,Please enter PG expiry date
693,4500004674,ICB/EPSA6/RDF-R/PH/13/22,Scott-Edil Pharmacia Ltd,,1,68249.9,USD,RDF,,2025-06-10,2025-06-11,,Please enter PG expiry date
692,4500004687,ICB/PSA6/RDF-R/PH/06/20,Milan Laboratories (India) PVT Ltd,India,1,2936050.0,USD,RDF,,2025-06-10,2025-06-11,,Please enter PG expiry date
691,4500004302,EPSA-ICB-G-0017-2017-BID,Ciron Drugs and Pharmaceuticals PVT Ltd,India,1,193606.41,USD,RDF,,2025-06-10,2025-06-11,,Please enter PG expiry date
690,4500004284,EPSA-NCB-G-0068-2017-BID,Ethiopia Pharmaceutical Manufacturing,Ethiopia,1,608453445.0,ETB,SDG,,2025-06-10,2025-06-11,,Please enter PG expiry date | Budget from 4500002923 & 8097/4500000829
689,4500004838,EPSA-NCB-0055-2017-BID,Sansheng Pharmaceutical PLC,Ethiopia,1,29117325.0,ETB,RDF,,2025-06-10,2025-06-10,,Please enter PG expiry date
688,4500004870,ICB/FW/EPSA6/GF/PH/03/22,MYLAN LABORATORIES LTD,india,1,32830.0,USD,GF,,2025-06-10,2025-06-10,,Please enter PG expiry date
687,4500004781,EPSA-ICB-G-0008-2017-BID,Tulip Diagnostics pvt ltd,india,1,22540.0,USD,RDF,,2025-06-09,2025-06-10,,Please enter PG expiry date
686,4500004313,ICB/EPSS6/RDF-R/PH/27/23,Sakar healthcare ltd,india,1,12974.8,USD,RDF,,2025-06-09,2025-06-10,,Please enter PG expiry date
685,4500004941,ICB/EPSA6/RDF-R/PH/23/23,Sakar healthcare ltd,india,1,20810.4,USD,RDF,,2025-06-04,2025-06-04,,-51
684,4500004485,EPSA-NCB-G-0064-2017-BID,Humanwell pharmaceutical Ethiopia PLC,Ethiopia,1,35105945.0,ETB,SDG,,2025-06-04,2025-06-04,,Please enter PG expiry date
683,4500004656,ICB/FW/EPSA6/GF-,Laurus Labs Limited,India,1,154806.36,USD,GF,,2025-06-04,2025-06-09,,Please enter PG expiry date
682,4500004654,ICB/FW/EPSA6/GF-,Macleods Pharmaceuticals Ltd,india,1,232205.96,USD,GF,,2025-06-04,2025-06-06,,Please enter PG expiry date
681,4500004652,ICB/FW/EPSA6/GF-MOH/NFMLLL/ARV/PH/01/23,Cipla Pharmaceuticals Ltd,india,1,7843264.8,USD,GF,,2025-06-04,2025-06-09,,Please enter PG expiry date
680,4500004257,EPSA-NCB-G-0066-2017,Sanshang pharmaceuticals,Ethiopia,1,3017165.0,ETB,SDG,,2025-06-04,2025-06-04,,Please enter PG expiry date
679,4500004693,ICB/EPSA6/RDF-R/PH/02/22,Leben Laboratories,India,1,12618.6,USD,RDF,,2025-06-03,2025-06-05,,Please enter PG expiry date
678,4500004692,ICB/FRAMWORK/PFSA6/RDF-R/PH/01/19,Sunrise international Labs Ltd,india,1,147779.1,USD,RDF,,2025-06-03,2025-06-04,,Please enter PG expiry date | contract Amendment 07/03/2025
677,4500004690,ICB/FW/EPSA/RDF-R/PH/01/19,Sakar healthcare ltd,india,1,853076.0,USD,RDF,,2025-06-02,2025-06-04,,Please enter PG expiry date | Contract Amendment 07/04/2025
676,4500004683,ICB/EPSA6/RDF-R/PH/13/22,Medicamen biotech limited,india,1,62192.46,USD,RDF,,2025-05-30,,,Please enter PG expiry date
675,4500004685,ICB/EPSA6/RDF-R/PH/13/22,Medicamen biotech limited,india,1,627146.48,USD,RDF,,2025-05-30,2025-05-30,,Please enter PG expiry date | a short landing of 201 bottles
674,4500004678,ICB/EPSA6/RDF-R/PH/10/21&10/22,ScottEdilPharmacia Ltd,india,1,4523510.44,USD,RDF,,2025-05-29,2025-05-30,,Please enter PG expiry date
673,4500004676,ICB/EPSA6/RDF-R/PH/02/22,ScottEdilPharmacia Ltd,india,1,324706.5,USD,RDF,,2025-05-29,2025-05-30,,Please enter PG expiry date
672,4500004719,EPSA-NCB-G-0055-2017-BID,Addis Pharmaceutical Factory Sc,Ethiopia,5,723076.23,ETB,RDF,,2025-05-29,2025-05-29,,Please enter PG expiry date
671,4500004688,ICB/EPSA6/RDF-R/PH/12/22,Reryoung pharmaceutical co. ltd,china,1,794030.6,USD,RDF,,2025-05-28,2025-05-29,,Please enter PG expiry date
670,4500004523,EPSA-NCB-G-0059-2017-BID,Humanwell pharmacuticals Ethiopia,Ethiopia,1,1040000.0,ETB,RDF,,2025-05-28,2025-05-28,,Please enter PG expiry date
669,4500004126,EPSA-ICB-G-0012-2017-BID,Galentic pharma,India,1,17772.0,USD,RDF,,2025-05-28,2025-05-30,,Please enter PG expiry date
668,4500004675,ICB/EPSA6/RDF-R/PH/13/22,Edil Pharmacialtd,India,1,39779.16,USD,RDF,,2025-05-27,2025-05-28,,Please enter PG expiry date
667,4500004673,ICB/EPSA6/RDF-R/PH/13/22,Scott Edil Pharmacialtd,India,1,133282.8,USD,RDF,,2025-05-27,2025-05-28,,Please enter PG expiry date
666,4500004680,ICB/EPSA6/RDF-R/PH/13/22,cspc zhangnuo pharmaceutical co.ltd,India,1,5134204.0,USD,RDF,,2025-05-27,2025-05-28,,Please enter PG expiry date
665,4500004695,ICB/EPSA6/MOH-GF/OL/MIII/PH/04/23,Leben Laboratories,India,1,49250.24,USD,RDF,,2025-05-27,2025-05-28,,Please enter PG expiry date
664,4500004677,ICB/EPSA6/RDF-R/PH/13/22,Brawn Laboratories,india,1,411213.14,usd,RDF,,2025-05-27,2025-05-28,,Please enter PG expiry date
663,4500004691,ICB/EPSA6/RDF-R/PH/10/21,Leben Laboratories,India,1,13133.82,USD,RDF,,2025-05-27,2025-05-28,,Please enter PG expiry date
662,4500004694,ICB/EPSA6/RDF-R/PH/10/21,Leben Laboratories,India,1,8851.92,USD,RDF,,2025-05-27,2025-05-28,,Please enter PG expiry date
661,4500004679,ICB/EPSA6/RDF-R/PH/13/22,Ciron Drugs,India,1,50082.03,USD,RDF,,2025-05-27,2025-05-28,,Please enter PG expiry date
660,4500003328,Split from 7724 for MOH-SDG,Boston Medical FZE,Utd.Arab Emir,1,14280.0,USD,GF,,2025-05-26,2025-05-26,,Please enter PG expiry date
659,4500003327,Split from 7724 for MOH-SDG,Boston Medical FZE,Utd.Arab Emir,1,34000.0,USD,GF,,2025-05-26,2025-05-26,,Please enter PG expiry date
658,4500004207,EPSA-ICB-G-0017-2017-BID(1st lot),Rise Global GMBH,Germany,1,2262.07,USD,RDF,,2025-05-23,2025-05-23,,Please enter PG expiry date
657,4500004760,EPSA-NCB-G-0072-2017-BID,GM Trangle Trading plc,Ethiopia,1,46924650.0,ETB,RDF,,2025-05-23,2025-05-23,,Please enter PG expiry date
656,4500004166,EPSA-NCB-G-0072-BID,GM Trangle Trading plc,Ethiopia,1,46924650.0,ETB,RDF,,2025-05-23,2025-05-23,,Please enter PG expiry date
655,4500004479,EPSA-NCB-G-0034-2017-BID-Lot2,The New Millennium Medical Device PLc,Ethiopia,1,107885250.0,ETB,RDF,,2025-05-22,2025-05-22,,Please enter PG expiry date
654,4500004524,EPSA-NCB-G-0034-2017-BID-Lot2,The New Millennium Medical Device PLc,Ethiopia,1,107885250.0,ETB,RDF,,2025-05-22,2025-05-22,,Please enter PG expiry date
653,8235/ 4500004532,ICB/PESA6/RDF/PLACEMENT/LR/20/18,Beckman coulter,Switzerland,5,42785.64,USD,RDF,,2025-05-20,,,Please enter PG expiry date
652,4500004158,EPSA-ICB-G-0012-2017-BID,Neon Loboratory Ltd,India,1,73646.75,EUR,RDF,,2025-05-19,2025-05-19,,Please enter PG expiry date
651,4500003909,EPSA-NCB-G-0035-2017-BID(1st Lot),East African pharmaceuticals plc,Ethiopia,1,7632300.0,ETB,RDF,,2025-05-14,2025-05-21,,Please enter PG expiry date
650,4500003880,EPSA-NCB-G-0035-2017-BID(1st Lot),East African pharmaceuticals plc,Ethiopia,1,7632300.0,ETB,RDF,,2025-05-14,2025-05-21,,Please enter PG expiry date
649,4500004292,EPSA-NCB-G-0019-2017-BID,Addis pharmaceutical Factory Sc,Ethiopia,1,163243880.0,ETB,RDF,,2025-05-14,2025-05-21,,Please enter PG expiry date
648,4500004293,EPSA-NCB-G-0019-2017-BID,Cadila pharmaceuticals - Ethiopia,Ethiopia,1,163244809.0,ETB,RDF,,2025-05-14,2025-05-21,,Please enter PG expiry date
647,4500003523,ICB/EPSS6/SDG/ELISA/BLOOD,Hale pharmaceuticals,India,1,52000.0,USD,SDG,,2025-05-14,2025-05-19,,Please enter PG expiry date | Reported to PPA
646,4500004314,ICB/EPSS6/RDF-R/PH/27/23(1st Lot),Leben,India,1,27931.68,USD,RDF,,2025-05-14,2025-05-19,,Please enter PG expiry date
645,450004161,ICB/EPSA/RDF-R&SDG2015/MS/LS/14/23,"Guizhou tedia medical instruments Cp.,L",Oman,2,171864.39,USD,RDF,,2025-05-14,2025-05-19,,Please enter PG expiry date
644,4500004391,ICB/EPSA/RDF-R&SDG2015/MS/LS/14/22,"Guizhou tedia medical instruments Cp.,L",Oman,1,111936.5,USD,RDF,,2025-05-14,2025-05-19,,Please enter PG expiry date
643,4500004105,ICB/EPSS6/RDF-R/PH/27/23,SCOTT Edil pharmacia,India,2,17619.92,USD,RDF,,2025-05-14,2025-05-19,,Please enter PG expiry date
642,4500004173,EPSA-ICB-G-0012-2017-BID,Medicamen Biotech Limited,India,2,64131.76,USD,RDF,,2025-05-14,2025-05-19,,Please enter PG expiry date
641,4500004392po,ICB-EPSS6/RDF-R/LR/11/23 For 7956,Kay & Company,Inda,2,207003.96,USD,RDF,,2025-05-14,2025-05-19,,Please enter PG expiry date | Kay & Company Issue
640,4500004127,EPSA-ICB-G-0012-2017-BID,Intas pharmaceutical Ltd,India,1,160987.02,USD,RDF,,2025-05-14,2025-05-15,,Please enter PG expiry date
639,4500004155,ICB-G-0017-BID(1stlot),Care pharma FZ LLC,Utd Arab Emir,1,93302.55,USD,RDF,,2025-05-14,2025-05-15,,Please enter PG expiry date
638,4500004180,EPSA-ICB-0012-2017-BID,Relier pharma Fez,Utd.Arab Emir,1,42997.68,USD,RDF,,2025-05-14,2025-05-15,,Please enter PG expiry date
637,4500004153,EPSA-ICB-0017-2017-BID,Brawn Laboratories Ltd,India,1,43089.92,USD,RDF,,2025-05-14,2025-05-15,,Please enter PG expiry date
636,4500003984,EPSA-NCB-G-0033-2017-BID9Refil from 3653),Haset Meditec PLC,Ethiopia,1,21930480.0,ETB,GF,,2025-05-13,2025-05-13,,Please enter PG expiry date
635,4500004124,EPSA-ICB-G-0012-2017-BID,Brawn Laboratories Ltd,India,1,98985.45,USD,RDF,,2025-05-13,2025-05-13,,Please enter PG expiry date
634,4500002490,ICB/EPSA/RDF_Routine/MD/10/22Refill from Po:007397,Rise Global GMBH,Germany,1,30888.0,USD,GF,,2025-05-13,2025-05-13,,Please enter PG expiry date
633,4500004316,EPSA-NCB-G-0019-2017-BID,Sansheng pharmaceutical plc,Ethiopia,4,72993270.0,ETB,RDF,,2025-05-13,2025-05-13,,Please enter PG expiry date | Contract Amendment
632,4500004365,EPSA-NCB-G-0072-2017-BID- lot 3,Afrovision pharmaceuticals,Ethiopia,2,4437310.0,ETB,RDF,,2025-05-12,2025-05-13,,Please enter PG expiry date
631,4500004362,EPSA-NCB-G-0072-2017-BID lot1,Afrovision pharmaceuticals,Ethiopia,2,4438278.0,ETB,RDF,,2025-05-12,2025-05-13,,Please enter PG expiry date
630,4500004125,EPSA-ICB-G-0017-2017,Ciron Drugs And Pharmaceuticals Pvt Ltd,India,1,10683.2,USD,RDF,,2025-05-12,2025-05-13,,Please enter PG expiry date
629,4500004208,EPSA-ICB-G-0017-2017-BID(1st lot),Rise Global GMBH,Germany,1,90567.0,USD,RDF,,2025-05-12,2025-05-13,,Please enter PG expiry date
628,4500004130,EPSA-ICB-G-0017-2017-BID(1st lot),Macleods Pharmaceuticals Ltd,india,1,54468.68,USD,RDF,,2025-05-12,2025-05-13,,Please enter PG expiry date
627,4500004133,EPSA-ICB-G-0012-2017-BID,Neon Laboratory,India,1,82380.29,EUR,RDF,,2025-05-12,2025-05-13,,Please enter PG expiry date
626,4500004128,EPSA-ICB-G-0012-2017-BID,Leben,India,1,65990.3,USD,RDF,,2025-05-12,2025-05-13,,Please enter PG expiry date
625,4500004109,ICB/EPSS6/RDF-R/PH/23/23,Medicamen Biotech Limited,India,1,246342.42,USD,RDF,,2025-05-09,2025-05-09,,Please enter PG expiry date
624,4500004119,ICB/EPSS6/RDF-R/PH/23/23,Macleods Pharmaceuticals Ltd,india,1,113673.29,USD,RDF,,2025-05-09,2025-05-09,,Please enter PG expiry date
623,4500004151,EPSA-ICB-G-0017-BID,Medicamen Biotech Limited,India,1,33975.7,USD,RDF,,2025-05-09,2025-05-09,,Please enter PG expiry date
622,4500004149,"EPSA-ICB-G-
0012-2017-BID",AXA PARENTERALAS LIMITED,India,1,382590.1,USD,RDF,,2025-05-09,2025-05-09,,Please enter PG expiry date
621,4500004378,ICB/EPSS/RDF-R/PH/27/23,"Cspc ouyi pharmaceutical Co., Ltd",China,1,118015.2,USD,RDF,,2025-05-08,2025-05-08,,Please enter PG expiry date
620,4500004162,EPSA-ICB-G-0012-2017-BID,REMEDICA LTD,CYPRUS,1,270059.1,USD,RDF,,2025-05-08,2025-05-09,,Please enter PG expiry date
619,4500004104,ICB/EPSS/RDF-R/PH/27/23,Scott-Edil Pharmacia Ltd,,1,60534.38,USD,RDF,,2025-05-08,2025-05-09,,Please enter PG expiry date
618,4500004159,EPSA-NCB-G-0040-2017-BID,Sansheng Pharmaceutical Plc,Ethiopia,2,48195410.0,ETB,RDF,,2025-05-07,2025-05-07,,Please enter PG expiry date
617,4500004138,ICB-EPSA-G-0012-2017-BID,Ningbo Inopha Biotec Ltd,China,1,74376.18,USD,RDF,,2025-05-07,2025-05-08,,Please enter PG expiry date
616,4500004129,EPSA-ICB-G-0012-BID,Medicamen Biotech Limited,India,1,96848.68,USD,RDF,,2025-05-07,2025-05-08,,Please enter PG expiry date
615,4500004123,EPSA-ICB-G-0012-2017-BID,Bhaat Serum And Vacciness,India,1,966638.75,USD,RDF,,2025-05-07,2025-05-08,,Please enter PG expiry date
614,4500004118,ICB/EPSS6/RDF-R/PH/27/23,Macleods Pharmaceuticals Ltd,india,1,18677.16,USD,RDF,,2025-05-07,2025-05-08,,Please enter PG expiry date
613,4500004122,EPSA-ICB-G-0012-2017,Aculife Healthcare pvt.Ltd,India,1,53057.88,USD,RDF,,2025-05-07,2025-05-08,,Please enter PG expiry date
612,4500003215,ICB/FW/EPSS6/SDGELISA/BLOOD,Rise Global GMBH,Germany,1,41300.0,USD,SDG,,2025-05-07,2025-05-08,,"Please enter PG expiry date | Manufacturing Site change issue, contract should be amended"
611,4500004116,EPSA-ICB-G-0012-2017-BID,Medicef pharma,India,1,212168.32,USD,RDF,,2025-05-07,2025-05-08,,Please enter PG expiry date
610,4500003763,EPSA-NCB-G-0029-2017-BID,Adama Development P.L.C Nazmed Medical,Ethiopi,1,15728755.0,ETB,RDF,,2025-05-06,2025-05-07,,Please enter PG expiry date
609,4500004148,EPSA-NCB-G-0072-2017-BID,Lifecare Pharmaceutical Trading,Chnia,2,134657398.35,ETB,RDF,,2025-05-06,2025-05-07,,Please enter PG expiry date
608,4500002525,,Roche Kenya Limited Diagnostics Division The,Germany,1,592513.08,USD,GF,,2025-05-01,2025-05-02,,"Please enter PG expiry date | Delayed at BIT until December 31, 2025"
607,4500003957,Repiacement for 2496,Fenway Trading Co.Ltd,Taipei Trading Co.Ltd,3,69898.5,USD,GF,,2025-05-01,2025-05-02,,Please enter PG expiry date
606,4500004298,EPSA-NCB-G-0048-2017-BID,Follium Pharmaceuticals,Ethiopia,6,,,,,2025-05-01,,,Please enter PG expiry date
605,4500004141,EPSA-ICB-G-0017-2017-BID(1st lot),Kilitch Drugs,India,2,61318.05,USD,RDF,,2025-05-01,,,Please enter PG expiry date
604,4500004306,EPSA-NCB-G-0038-2017-BID,Medisafe Manufacturing PLC Kolfe Keranyo,Ethiopia,4,9249609.0,ETB,RDF,,2025-05-01,2025-05-02,,Please enter PG expiry date
603,4500004043,ET-MOH-400004043,"Shinva Medical Instument Co.,Ltd",China,6,2997204.0,USD,WB,,2025-04-29,2025-04-29,,Please enter PG expiry date
602,4500004041,ET-MOH-400003-GO-RFB,Beardsell Limited,India,4,312134.3,EUR,WB,,2025-04-29,2025-04-29,,Please enter PG expiry date
601,4500003954,ICB/FW/EPSA6/GF/ARV/PH/03/22,Hetro Labs Ltd,Hyderabad India,1,49245.0,USD,GF,,2025-04-28,2025-04-28,,Please enter PG expiry date
600,4500004157/7958,ICB/EPSS6/RDF-R/LR/11/23 For 7958,Tulip Diagnotics Ltd,"Nedehli
 India",1,4754.25,USD,RDF,,2025-04-28,2025-04-28,,Please enter PG expiry date
599,4500004001,ET-MOH-400003-GO-RFB,"Jiangsu Saikang Medical Co.,Ltd",China,3,604797.72,USD,WB,,2025-04-25,2025-04-25,,Please enter PG expiry date
598,4500003687,EPSA-ICB-G-0010-2017-BID,"Guilin Pharmaceutical Co.,Ltd",China,1,968437.8,USD,GF,,2025-04-24,2025-04-25,,Please enter PG expiry date
597,4500003953,ICB/FW/EPSA6/GF/ARV/PH/03/22,Mylan Laboratories Ltd,India,1,32830.0,USD,GF,,2025-04-24,2025-04-25,,Please enter PG expiry date
596,4500003842,EPSA-NCB-G-0047-2017-BID,Addis pharmaceuticals Factory Sc.,Ethiopia,1,47066652.0,ETB,GF,,2025-04-24,2025-04-24,,Please enter PG expiry date | Cancelled (Confesticated)
595,4500004152,EPSA-ICB-G-0017-BID,Galentic pharma,India,1,34881.84,USD,RDF,,2025-04-24,2025-04-24,,Please enter PG expiry date
594,4500004132,EPSA-ICB-G-0017-BID,Lincoln pharmaceuticals Limited,Guiarat India,1,60249.0,USD,RDF,,2025-04-24,2025-04-24,,Please enter PG expiry date
593,4500002749,ICB/FW/EPSS6/SDG/ELISA/BLOOD,poly Medicure Limited,Delhi India,1,115900.0,USD,SDG,Under Production,2025-04-23,2025-04-23,Sea,
592,4500002740,ICB/FW/EPSS6/SDG/ELISA/BLOOD,poly Medicure Limited,Delhi India,1,86870.0,USD,SDG,Under Production,2025-04-23,2025-04-23,,
591,4500002743,ICB/FW/EPSS6/SDG/ELISA/BLOOD,poly Medicure Limited,Delhi India,1,86870.0,USD,SDG,Under Production,2025-04-23,2025-04-23,,
590,4500002738,"ICB/FW/EPSS6/
SDG/ELISA/BLOOD",poly Medicure Limited,Delhi India,1,86870.0,USD,SDG,,2025-04-23,2025-04-23,,Please enter PG expiry date
589,4500002752,"ICB/FW/EPSS6/
SDG/ELISA/BLOOD",poly Medicure Limited,Delhi India,1,115900.0,USD,SDG,,2025-04-23,2025-04-23,,Please enter PG expiry date
588,4500002746,"ICB/FW/EPSS6/
SDG/ELISA/BLOOD",poly Medicure Limited,Delhi India,1,86870.0,USD,SDG,,2025-04-23,2025-04-23,,Please enter PG expiry date
587,4500002751,"ICB/FW/EPSS6/
SDG/ELISA/BLOOD",poly Medicure Limited,Delhi India,1,115900.0,USD,SDG,,2025-04-23,2025-04-23,,Please enter PG expiry date
586,4500002750,"ICB/FW/EPSS6/
SDG/ELISA/BLOOD",poly Medicure Limited,Delhi India,1,115900.0,USD,SDG,,2025-04-23,2025-04-23,,Please enter PG expiry date
585,4500003853,"EPSA-NCB-G-
0019-2017-BID","GLOCARE
PHARMAMANU
FACTURING",ETHIOPIA,4,53803051.28,ETB,RDF,,2025-04-22,2025-04-23,,Please enter PG expiry date
584,4500003855,EPSA-NCB-G-0019-2017-BID,Humanwell pharmaceutical Ethiopia PLc,Ethipia,11,,ETB,RDF,,2025-04-11,,,Please enter PG expiry date
583,4500003888,EPSA-ICB-G-0082-2017-BID,Remedica,Cyprus,3,45758.0,USD,GF,,2025-04-11,0205-04-11,,Please enter PG expiry date
582,4500003854,,Sansheng pharmaceutical Plc,Ethiopia,11,,ETB,RDF,,2025-04-10,0205-04-11,,Please enter PG expiry date
581,4500003338,Split from 007978 (Remaining),"Jiangsu Saikang Medical Co.,Ltd",China,1,186048.0,USD,RDF,,2025-04-09,2025-04-09,,Please enter PG expiry date
580,4500003502,Refill from Po:008294,Fenway Trading Co.Ltd,Taipei Trading Co.Ltd,1,32150.0,USD,RDF,,2025-04-09,2025-04-09,,Please enter PG expiry date | PPA for PG not submitting
579,4500003841,REF-EPSA-NCB-G-0019-2017-BID,Julphar Ethiopia,Ethiopia,2,23607935.0,ETB,RDF,,2025-04-09,,,Please enter PG expiry date
578,4500003850,EPSA-NCB-G-0019-2017-BID,Cadila pharmaceuticals Ethopia,Ethiopia,5,58571313.28,ETB,RDF,,2025-04-09,,,Please enter PG expiry date
577,4500003843,EPSA-NCB-G-0047-2017-BID,Afrovision pharmaceuticals,Ethiopia,1,47066565.0,ETB,GF,,2025-04-09,2025-04-09,,Please enter PG expiry date
576,4500003321,Split from 8256 for MOH-MOF,Rise Global GMBH,Germany,1,81900.0,USD,GF,,2025-04-09,2025-04-09,,Please enter PG expiry date
575,4500003323,Split from 8256 (Remaining),Rise Global GMBH,Germany,1,210600.0,USD,RDF,,2025-04-09,2025-04-09,,Please enter PG expiry date | Returned to PMD to split for SDG & Treasury Eliyas Tesfaye 11/5/20026
574,4500003513,EPSA-ICB-0010-2017-BID,Macleods Pharmaceuticals Ltd,india,2,881543.38,USD,GF,,2025-04-08,2025-04-09,,Please enter PG expiry date
573,4500003882,EPSA-ICB-G-0079--2017-BID,RPIGEN INC.,Korea,1,69715900.0,USD,GF,,2025-04-08,2025-04-09,,Please enter PG expiry date
572,4500003336,Split From 7978 for MOH-SDG,"Jiangsu Saikang Medical CO,Ltd",China,1,49248.0,USD,Spanish Gov.t,,2025-04-07,2025-04-07,,Please enter PG expiry date
571,PO 4500003578,EPSA-NCB-G-0019-2017-BID,Ethiopia Pharmaceuticals Manufacturing,Ethiopia,2,222122286.0,ETB,RDF,,2025-04-07,,,Please enter PG expiry date
570,PO4500003761,EPSA-NCB-0019-2017-BID,ADddis Pharmaceutical Factory SC. ad st,Ethiopia,8,541421721.6,ETB,RDF,,2025-04-07,,,Please enter PG expiry date
569,4500003583,EPSA-NCB-G-0019-2017-BID,Ethiopian Pharmaceuticals Manufacturing,ETHIOPIA,1,218335986.0,ETB,RDF,,2025-04-07,2025-04-07,,Please enter PG expiry date
568,4500003095,ET-MOH-400007-GO-RFB,B Medical System,Luxembourg,1,1724160.0,EUR,WB,,2025-04-07,2025-04-07,,Please enter PG expiry date
567,4500003396,Split From 8248 For MOH-PF,"Nanjing Mindray 
Biomedical 
Electronics C",China,1,68670.0,USD,GF,,2025-04-04,2025-04-04,,Please enter PG expiry date
566,4500003397,Split From 8248 For MOH-PF,"Nanjing Mindray 
Biomedical 
Electronics C",China,1,217455.0,USD,GF,,2025-04-04,2025-04-04,,Please enter PG expiry date
565,4500003392,Split From 8248 For MOH-PF,"Nanjing Mindray 
Biomedical 
Electronics C",China,1,122625.0,USD,GF,,2025-04-04,2025-04-04,,Please enter PG expiry date
564,4500003439,ET-MOH-400018-GO-RFB,Spot Medical Equipment FZE,Utd.Arab Emir,1,999750.0,EUR,WB,,2025-04-03,2025-04-03,,-119
563,4500003374,"EPSA-ICB-G-0002
-2017-BID-Re-bid",Syngenta crop protection Ag Schwarzwarwaldalle,Switzerland,1,5314176.0,USD,GF,,2025-04-02,2025-04-02,,Please enter PG expiry date
562,4500003759,EPSA-NCB-G-0036-2017-BID,ADddis Pharmaceutical Factory SC. ad st,Ethiopia,1,99256080.0,ETB,RDF,,2025-04-02,2025-04-02,,Please enter PG expiry date
561,4500002531,For PO 008227 Call off year 2017,Elsmed Healthcare Solutions Ltd,Petah Tikva Israel,4,146412.4,USD,SDG,,2025-03-28,2025-03-28,,Please enter PG expiry date
560,8233/4500002534,Po008233 Call off year 2017,Elsmed Healthcare Solutions Ltd.,Tikva Israel,2,20310.8,USD,GF,,2025-03-28,2025-03-28,,Please enter PG expiry date
559,4500003762,,BRG Trading plc,Ethiopia,11,15728540.0,ETB,RDF,,2025-03-28,2026-03-03,,Please enter PG expiry date
558,4500003614,for tender Reference,BRG Trading plc,Ethiopia,1,15728540.0,ETB,RDF,,2025-03-28,2026-03-02,,Please enter PG expiry date
557,4500003847,EPSA-NCB-G-0038-2017-BID,Afrovision Pharmaceutical,Ethiopia,1,12785454.0,ETB,RDF,,2025-03-28,2025-03-28,,Please enter PG expiry date
556,4500003263,ICB/EPSS6/RDF-F/PH/27/23,Scott-Edil Pharmacia Ltd,,1,27161.68,USD,RDF,,2025-03-26,2025-03-26,,Please enter PG expiry date
555,4500002557,ICB/EPSS6/RDF-R/PH/27/23,Scott-Edil Pharmacia Ltd,,1,31801.0,USD,RDF,,2025-03-26,2025-03-26,,Please enter PG expiry date
554,4500003522,ETH-MOH-40018-GO-RFB,ILEX BIOTECH LTD,Tikva Israel,1,280000.0,USD,WB,,2025-03-26,2025-03-26,,Please enter PG expiry date
553,4500002563,ICB/EPSS6/RDF-R/PH/23/23,Scott-Edil Pharmacia Ltd,,1,9360.0,USD,RDF,,2025-03-26,2025-03-26,,Please enter PG expiry date
552,4500003174,ICB/EPSA6/RDF-R/PH/23/23,Scott-Edil Pharmacia Ltd,,1,11332.61,USD,RDF,,2025-03-26,2025-03-26,,Please enter PG expiry date
551,4500002559,ICB/EPSA6/RDF-R/PH/27/23,Remedica,Cyprus,1,14389.1,USD,RDF,,2025-03-26,2025-03-26,,Please enter PG expiry date
550,4500002918,EPSA-ICB-G-0010-2017-BID,Tenama International FZ-LLC,Utd.Arab Ermir,1,123656.0,USD,GF,,2025-03-26,2025-03-26,,Please enter PG expiry date
549,4500003719,"EPSA-NBC-G-0044-2017-BID, 1st lot",BRG Trading plc,Ethiopia,1,4825163.5,ETB,RDF,,2025-03-25,2025-03-25,,Please enter PG expiry date
548,4500003756,"EPSA-NCB-G-0044-2017lot-BID, 2nd",BRG Trading plc,Ethiopia,1,4825205.0,ETB,RDF,,2025-03-25,2025-03-25,,Please enter PG expiry date
547,4500003840,EPSA-NCB-G-0038-2017-BID,Afrovision Pharmaceutical,Ethiopia,7,17604065.0,ETB,RDF,,2025-03-21,2025-03-28,,Please enter PG expiry date
546,4500003489,EPSA-NCB-G-0046-2017-BID- lot 2,BRG Trading plc,Ethiopia,1,55302670.0,ETB,RDF,,2025-03-21,2025-03-24,,Please enter PG expiry date
545,4500003754,EPSA-NCB-G-0046-2017-BID- lot 2,BRG Trading plc,Ethiopia,1,55303787.0,ETB,RDF,,2025-03-21,2025-03-24,,Please enter PG expiry date
544,4500003092,ET-MOH-411996-GO-RFB,Aday group contractor,Turkiye,3,1184000.0,USD,WB,,2025-03-21,2025-03-21,,738
543,4500003565,EPSA-NCB-G-0019-2017-BID,Sansheng Pharmaceutical PLC,Ethiopia,1,122531444.2,ETB,RDF,,2025-03-21,2025-03-21,,Please enter PG expiry date
542,Po-4500002929,"EPSA-ICB-G-
0010-2017-BID",Ida Foundation,Netherlands,14,2158600.0,USD,GF,,2025-03-20,2025-03-20,,Please enter PG expiry date
541,4500002278,007559 4500002278,Scott-Edil Pharmacia Ltd,,2,12342.41,USD,RDF,,2025-03-20,2025-03-20,,Please enter PG expiry date
540,4500002809,EPSA6/RT2/FW/MOH-GF-TB/KIT/PH/01/21,Macleods Pharmaceuticals Ltd,india,1,1512072.1,USD,GF,,2025-03-20,2025-03-20,,Please enter PG expiry date
539,4500003653,EPSA-NCB-G-0033-2017-BID lot 1,Haset Meditec PLC kebele 02,Ethiopia,2,155892360.0,ETB,RDF,,2025-03-18,2025-03-18,,Please enter PG expiry date
538,4500003749,"EPSA-NCB-G-0044-2017-BID, 2nd lot",Dana Trading private Ltd,Ethiopia,1,4825205.0,ETB,RDF,,2025-03-18,2025-03-18,,Please enter PG expiry date
537,4500003544,EPSA-NCB-G-0044-2017-BID,Dana Trading private Ltd,Ethiopia,1,4825163.5,ETB,RDF,,2025-03-18,2025-03-18,,Please enter PG expiry date
536,4500003755,EPSA-NCB-G-0046-2017-BID Lot 2,SAM's general trading plc,Ethiopia,1,82956239.0,ETB,RDF,,2025-03-17,2025-03-18,,Please enter PG expiry date
535,4500003493,EPSA-NCB-G-0046-2017-BID - lot 1,SAM's general trading plc,Ethiopia,1,82955122.0,ETB,RDF,,2025-03-17,2025-03-18,,Please enter PG expiry date
534,4500003748,EPSA-NCB-G-0046-2017-BID- lot 2,Adama Development P.L.C Nazmed Medical,Ethiopi,1,138258909.0,ETB,RDF,,2025-03-14,2026-03-17,,Please enter PG expiry date
533,4500003579,EPSA-NCB-G-0039-2017-BID(1 st  lot),Ethiopian Pharmaceuticals Manufacturing,ETHIOPIA,2,44593911.58,ETB,RDF,,2025-03-14,2025-03-17,,Please enter PG expiry date
532,4500003497,Refill from : 008200,"Jiangsu Saikang Medical Co.,Ltd",China,1,1170.0,USD,RDF,,2025-03-12,2025-03-13,,Please enter PG expiry date
531,4500003293,ICB/FW/EPSA/GF-MOH-NFMIII/ARV/PH/01/23,Macleods Pharmaceuticals Ltd,india,1,54120.0,USD,GF,,2025-03-12,2025-03-12,,Please enter PG expiry date
530,4500003191,ET-MOH-400015-GO-RFB,Spot Medical Equipment FZE,Utd.Arab Emir,1,412907.6,USD,WB,,2025-03-12,2025-03-12,,Please enter PG expiry date
529,4500003262,ET-MOH-400015-GO-RFB,Spot Medical Equipment FZE,Utd.Arab Emir,1,1231697.98,USD,WB,Released,2025-03-12,2025-03-12,,Please enter PG expiry date
528,4500002921,EPSA-ICB-G-0010-2017-BID,Relier pharma Fze,Utd Arab Emir,1,49483.09,USD,SDG,,2025-03-12,2025-03-12,,Please enter PG expiry date
527,4500003151,ICB/FW/EPSA6/GF-MOH/NFMIII/ARV/PH/01/23,Macleods Pharmaceuticals Ltd,india,1,36080.0,USD,GF,,2025-03-12,2025-03-12,,Please enter PG expiry date
526,4500002599,EPSA-ICB/G-0006-2017-BID,Nipro Middle East FZE,"Dubai Utd 
Arab Emir",6,207732.09,USD,RDF,,2025-03-10,2025-03-11,,Please enter PG expiry date
525,4500003093,ET-MOH-400007-GO-RFB,Promise Technology Co.Ltd,China,1,422500.0,USD,WB,,2025-03-10,2025-03-10,,Please enter PG expiry date
524,4500003570,EPSA-NCB-0031-2014-BID,Cadila Pharmaceuticals - Ethiopia,Ethiopia,1,28955624.0,ETB,RDF,,2025-03-07,2025-03-07,,Please enter PG expiry date
523,4500003152,ET-MOH-400002-GO-RFB,Apothecaries Sundries Manufacturing Co,Delhi India,9,44326.7,USD,WB,,2025-03-06,2025-03-06,,Please enter PG expiry date
522,4500003510,ET-MOH-412028-GO-RFB(Lot,Wise Team FZC JV with Wise Team PLC Hamriyah free Zone,"Sharjah Utd.
Arab Emir",1,64155.0,USD,WB,,2025-03-04,2025-03-06,,-172
521,4500003584,EPSA-NCB-0039-2017-BID(2 nd Lot),Ethiopian Pharmaceuticals Manufacturing,ETHIOPIA,2,44593925.94,ETB,RDF,,2025-03-04,2025-03-06,,Please enter PG expiry date
520,4500003512,ET-MOH-412028-GO-RFB(Lot,Wise Team FZC JV with Wise Team PLC Hamriyah free Zone,"Sharjah Utd.
Arab Emir",1,44429.1,USD,WB,,2025-03-04,2025-03-04,,-172
519,4500003505,ET-MOH-412028-GO-RFB Lot4,Wise Team FZC JV with Wise Team PLC Hamriyah free Zone,"Sharjah Utd.
Arab Emir",1,1528120.0,USD,WB,,2025-03-04,2025-03-04,,-172
518,4500003500,ET-MOH-412028-GO-RFB (Lot1),Wise Team FZC JV with Wise Team PLC Hamriyah free Zone,"Sharjah Utd.
Arab Emir",1,348505.4,USD,WB,,2025-03-04,2025-03-04,,-172
517,4500003503,ET-MOH-412028-GO-RFB,Wise Team FZC JV with Wise Team PLC Hamriyah free Zone,"Sharjah Utd.
Arab Emir",1,187852.98,USD,WB,,2025-03-04,2025-03-04,,-172
516,4500003101,ET-MOH-411992-GO-RFB,"Samed FZE SPC, Sharjah,","Sharjah Utd.
Arab Emir",1,193500.0,USD,WB,,2025-03-04,2025-03-04,,-333
515,4500003106,ET-MOH-411996-GO-RFB,"Samed FZE SPC, Sharjah","Sharjah Utd.
Arab Emir",3,102600.0,USD,WB,,2025-03-04,2025-03-04,,-333
514,4500003100,ET-MOH-411996-GO-RFB,"Samed FZE SPC, Sharjah","Sharjah Utd.
Arab Emir",1,96800.0,USD,WB,,2025-03-04,2025-03-04,,-333
513,4500003112,ET-MOH-400007-GO-RFB,"Samed FZE SPC, Sharjah","Sharjah Utd.
Arab Emir",1,81000.0,USD,WB,,2025-03-04,2025-03-04,,-333
512,4500003099,ET-MOH-400007-GO-RFB,Ningbo Device Co.Ltd,China,1,761250.0,USD,WB,,2025-03-04,2025-03-04,,Please enter PG expiry date
511,4500003484,EPSA-NCB-G-0042-2017-BID LOT 1,Asmerom Teka Plastic Factory,Ethiopia,1,21675000.0,ETB,RDF,,2025-03-03,2025-03-04,,Please enter PG expiry date
510,4500003144,ICB/FW/EPSS6/MOH-GF/Malaria/PH/14/23,Ajanta pharma Ltd,India,2,3151838.0,USD,SDG,,2025-02-27,2025-02-17,,Please enter PG expiry date
509,4500003148,ICB/FW/EPSS6/MOH-GF/Malaria/PH/14/23,Macleodes pharmaceutical Ltd,India,2,2101232.7,USD,SDG,,2025-02-27,2025-02-27,,Please enter PG expiry date
508,4500003375,ICB/EPSS6/RDF-R2016/MS/LS/12/23,Guillin HBM health protection,China,1,326147.58,USD,RDF,,2025-02-27,2025-02-27,,Please enter PG expiry date
507,4500003305,ICB/FW/EPSS6/RDF-R/PH/06/23(008093),AqVida straBe,Germany,2,380449.0,USD,RDF,,2025-02-26,2025-02-26,,-135
506,4500002504,ICB/PFFSA6/RDF/FW/PLACEMENT/LR/20/18,Elsmed Healthcare Solutions Ltd,Petah Tikva Israel,1,894640.86,USD,RDF,,2025-02-21,2025-02-24,,-145
505,4500003393,EPSA-NCB-G-0046-2017-BID,Adama Development P.L.C Nazmed Medical,Ethiopi,1,138260026.0,ETB,RDF,,2025-02-21,2025-02-25,,Please enter PG expiry date
504,4500003395,EPSA-NCB-G-0029-2017-BID,Adama Development P.L.C Nazmed Medical,Ethiopi,1,15728755.0,ETB,RDF,,2025-02-21,2025-02-25,,Please enter PG expiry date
503,4500003353,Refill from 8300 and 8228 for SRHB and ORHB,Shenhen Mindray Bio-Medical Electronics,China,1,107195.0,USD,RDF,,2025-02-21,2025-02-24,,Please enter PG expiry date
502,4500003058,Refill from 8300 and 8228,Shenhen Mindray Bio-Medical Electronics,China,1,77960.0,USD,Spanish Gov.t,,2025-02-20,2025-02-20,,Please enter PG expiry date
501,4500003401,ICB/EPSS6/RDF-R2016/MS/LS/12/23,Avian International,India,1,249947.0,USD,RDF,,2025-02-20,2025-02-20,,Please enter PG expiry date
500,4500003402,ICB/EPSS6/RDF-R2016/MS/LS/12/23,Gst Corporation Ltd,India,1,24858.58,USD,RDF,,2025-02-19,2025-02-17,,Please enter PG expiry date
499,4500003391,EPSS6/RT2/RDF-R/Placement/04/23,High Technology Inc,USA,5,121236.46,USD,RDF,,2025-02-17,2025-02-17,,Please enter PG expiry date
498,4500003426,ICB/EPSS6/RDF-R2016MS/LS/12/23,Peters Surgical India Pvt.Ltd,India,3,83903.65,USD,RDF,,2025-02-17,2025-02-19,,-139
497,4500002017,EPSA-ICB-G-0021-2017-BID,Aquatain products PTY LTD,Australia,1,1188000.0,USD,SDG,,2025-02-17,2025-02-18,,Please enter PG expiry date
496,4500003377,ICB/EPSS6/RDF-R2016/MS/LS/12/23,GST Corporation LTD,India,2,21469.77,USD,RDF,,2025-02-17,2025-02-14,,-149
495,8313/4500001814,ICB/PFSA6/RDF/FW/Placement/LR/20/18,Roche Kenya Limited Diagnostics division the Atrium,Germany,1,189207.5,USD,RDF,Released,2025-02-12,2025-12-02,,-473
494,4500002496,ICB/PFSA6/RDF/FW/PLACMENT/LR/20/18/CF,Fenway Trading Co.Ltd,Taipei Trading Co.Ltd,3,69898.5,USD,RDF,,2025-02-12,2025-12-02,,Please enter PG expiry date
493,4500002927,EPSA-NCB-G-0013-2017-BID,Ethiopian Pharmaceuticals Manufacturing,ETHIOPIA,2,261006450.98,ETB,SDG,Partially Delivered,2025-02-07,2025-07-02,Truck,Please enter PG expiry date
492,4500003170,ET-EPSS6/RDF-R/PH/27/23,Orient Int.Holding Shanghai Rongheng,Shanghai China,1,83474.34,USD,RDF,,2025-02-03,2025-02-07,,Please enter PG expiry date
491,4500003104,ET-MOH-411997-GO-RFB,Leunet ICT Sol.JV Viable General Trd,Utd.Arab Emir,1,65996.05,USD,WB,,2025-02-03,2025-02-06,,Please enter PG expiry date
490,4500003105,ET-MOH-411996-GO-RFB,Unique entprise Ltd.JV REY Int FZC,Hong Kong China,1,7704.0,USD,WB,,2025-02-03,2025-02-06,,Please enter PG expiry date
489,4500003146,ET-MOH-400002-GO-RFB,"Jiangsu Saikang Medical Co.,Ltd",China,3,61422.0,USD,WB,,2025-02-03,2025-02-06,,Please enter PG expiry date
488,4500003118,ET-MOH-412000-GO-RFB,Unique entprise Ltd.Jv Rey Int. FZC,Hong Kong China,2,142806.79,USD,WB,,2025-02-03,2025-02-07,,Please enter PG expiry date
487,4500003114,ET-MOH-411996-GO-RFB,Wise Team FZC JV with Wise Team PLc Hamriyah Free Zone,Utd.Arab Emir,4,214315.15,USD,WB,,2025-02-03,2025-02-07,,Please enter PG expiry date
486,4500003110,ET-MOH-411996-GO-RFB,Wise Team FZC JV with Wise Team PLc Hamriyah Free Zone,Utd.Arab Emir,2,98479.68,USD,WB,,2025-02-03,2025-02-07,,Please enter PG expiry date
485,4500003107,ET-MOH-411996-GO-RFB,Wise Team FZC JV with Wise Team PLc Hamriyah Free Zone,Utd.Arab Emir,3,562048.68,USD,WB,,2025-02-03,2025-02-07,,Please enter PG expiry date
484,4500003128,ET-MOH-412000-GO-RFB,Unique entprise Ltd.Jv Rey Int.FZc,Hong Kong China,2,214596.66,EUR,WB,,2025-02-03,2025-02-07,,Please enter PG expiry date
483,4500003102,ET-MOH-411997-GO-RFB,Boston Medical FZE,Utd.Arab Emir,1,36640.52,USD,WB,,2025-02-03,2025-02-07,,-200
482,4500003103,ET-MOH-411996-GO-RFB,Unique entprise Ltd.Jv Rey Int.FZC,Hong Kong China,3,350338.45,USD,WB,,2025-02-03,2025-02-07,,Please enter PG expiry date
481,4500003096,ET-MOH-411996-GO-RFB,Unique entprise Ltd Jv Rey Int FZC,Hong Kong China,5,152637.24,USD,WB,,2025-02-03,2025-02-07,,Please enter PG expiry date
480,4500003094,ET-MOH-411996-GO-RFB,Unique entprise Ltd.Jv Rey Int. FZC,Hong Kong China,2,261626.25,USD,WB,,2025-02-03,2025-02-07,,Please enter PG expiry date
479,8157/4500002970,EPSS6/DT/LOCAL/RDF-R/PH/13/23,Kilitch Estro Biotech PLc,Ethiopia,5,166567524.0,ETB,RDF,,2025-01-30,2025-01-30,,Please enter PG expiry date
478,8225/4500002334,ICB/EPSS6/MOH-SDG/MD/29/23,Zaman project management,"United Arab 
Emirates (the)",1,391300.0,USD,SDG,,2025-01-14,2025-01-14,,Please enter PG expiry date
477,8206/4500002335,ICB/EPSS6/MOH-SDG/MD/29/23,Zaman project management,"United Arab 
Emirates (the)",1,209410.0,USD,SDG,,2025-01-14,2025-01-14,,Please enter PG expiry date
476,8194/4500002147,ICB/EPSS6/MOH-SDG/MD/29/23,beardsell Limited,India,2,2933.32,USD,SDG,,2025-01-13,2025-01-13,,Please enter PG expiry date
475,8226/4500002122,ICB/EPSS6/MOH-SDG/MD/29/23,beardsell Limited,India,3,9198.41,USD,SDG,,2025-01-13,2025-01-13,,Please enter PG expiry date
474,8290/4500002146,ICB/EPSS6/MOH-SDG/MD/29/23(for ORHB),beardsell Limited,India,1,3160.8,USD,RDF,,2025-01-13,2025-01-13,,Please enter PG expiry date
473,6403/4500002587,ICB/PSA6/RDF&SDG/MI/14/20,SCHILLER,Switzerland,1,101400.0,USD,SDG,,2025-01-10,2025-01-10,,Please enter PG expiry date
472,8280/4500002907,ICB/EPSA6/RDF-Routine/MI/21/21(Split From Po:008143 for MOH),Beeveejay Limited,,3,70642.0,USD,SDG,,2025-01-10,2025-01-10,,Please enter PG expiry date
471,4500002503,EPSS6/FW/DT/Midroc/MI/LR/08/24,Nipro Middle East FZE,"Dubai Utd 
Arab Emir",1,109740.0,USD,RDF,,2025-01-10,2025-01-10,,Please enter PG expiry date
470,8270/4500002905,"ICB/EPSA6/RDF-Routine/MI/21/21
(Split from PO: 007725 for MOH)",Zaman Project Management,UAE,1,61250.0,USD,SDG,,2025-01-10,2025-01-10,,Please enter PG expiry date
469,8269/4500002141,"ICB/EPSA6/RDF-Routine/MI/21/21
(Split from PO: 007725 for MOH)",Zaman Project Management,UAE,1,49000.0,USD,SDG,,2025-01-10,2025-01-10,,Please enter PG expiry date
468,8281/4500002204,"ICB/EPSA6/RDF-Routine/MI/21/21
(Split from PO: 007724 for MOH)",BOSTON MEDICAL FZE.,"United Arab
 Emirates (the)",1,41082.0,USD,SDG,,2025-01-10,2025-01-10,,-230
467,4500002604,ICB/FW/PH/03/22,"Shanghai Desano Bio-pharmaceutical Co,.",China,1,210104.4,USD,,,2025-01-10,2025-01-06,,Please enter PG expiry date
466,8170/4500002828,ICB/EPSS6/RDF-R/PH/04/23,Humanwell Pharmaceutical Ethiopia PLC,Ethiopia,2,54138814.68,ETB,RDF,,2025-01-08,2025-01-13,,Please enter PG expiry date
465,4500002816,for EPSA-NCB-G-0030-2017-BID - lot 2,Bahita Hailu Gebreyohans/Lemamat trad,Ethiopia,1,340770724.0,ETB,RDF,,2025-01-03,2025-01-06,,Please enter PG expiry date
464,4500002789,for EPSA-NCB-G-0030-2017-BID,Bahita Hailu Gebreyohans/Lemamat trad,Ethiopia,1,340771592.0,ETB,RDF,,2025-01-03,2025-01-06,,Please enter PG expiry date
463,4500002786,EPSA-NCB-G-0030-2017-BID,Cgf Business Group plc - Ethiopia,Ethiopia,1,340771592.0,ETB,RDF,,2025-01-03,2025-01-06,,Please enter PG expiry date
462,4500002818,EPSA-NCB-G-0030-2017-BIN- lot 2,Cgf Business Group plc - Ethiopia,Ethiopia,1,340770724.0,ETB,RDF,,2025-01-03,2025-01-06,,Please enter PG expiry date
461,4500002620,ICB/FW/EPSA6/PH/03/22,Milan Laboratories (India) Pvt Ltd,India,1,292.5,USD,GF,,2025-01-03,2025-01-06,,Please enter PG expiry date | Cancelled due to non-economic qty
460,4500001529,ICB/FW/EPSA6/GF-,Macleods Pharmaceuticals Ltd,india,2,409378.86,USD,GF,,2025-01-03,2025-01-03,,Please enter PG expiry date
459,8244/4500001726,"ICB/EPSS6/Routine, SRHB & SG/MD/26/23(for spanish Grant)",Spot Medical Equipment FZE,Utd.Arab Emir,1,302600.0,EUR,GF,,2025-01-01,2025-01-01,,Please enter PG expiry date
458,4500002707,EPSA6/RT2/FW/MOH-GF-TB/Kit/PH/01/21(2nd,Lupin,Mumbai India,1,1315526.8,USD,GF,,2024-12-31,2024-12-31,,-204
457,4500002706,EPSA6/RT2/FW/MOH-GF-TB/Kit/PH/01/21,Lupin,Mumbai India,1,1315526.8,USD,GF,,2024-12-31,2024-12-31,,Please enter PG expiry date
456,4500002607,EPSA-ICB-G-0028-2017-BID,Remedcia,Cyprus,2,1214463.2,USD,GF,,2024-12-31,2024-12-31,,-314
455,7720/4500002553 / /or 8315,ICB/EPSA6/RDF_Routine/MD/10/22(Changed from po 007720),Rise Global GMBH,Germany,1,150579.0,USD,GF,,2024-12-27,2024-12-30,,Please enter PG expiry date
454,8316/4500002647,ICB/EPSS6/MOH-SDG/MD/29/23(Changed from 8216),Life Root Trading FZE,"United Arab
 Emirates (the)",2,1155600.0,USD,SDG,,2024-12-26,2024-12-26,,Please enter PG expiry date
453,4500006124,ICB/EPSA6/RDF/FW/PLACEMENY/LR/20/18,GB Life Care Co.LTD,China,2,117420.0,USD,RDF,,2024-12-26,2024-12-26,,"Please enter PG expiry date | Philosys Co.,Ltd name Changeded to GB Life Care Co. LTD"
452,4500001528,ICB/FW/EPSA6/GF,Micro Labs Limited,India,1,84618.3,USD,GF,,2024-12-26,2024-12-26,,Please enter PG expiry date
451,7285,"Call off from no,: ICB/PFSA6/SDG/
PLACEMENT/LR/32/1",Immucor Medizinische Diagnostik GmbH,United States (the),6,13426.06,USD,SDG,,2024-12-25,2023-12-25,,Please enter PG expiry date
450,4500002555,ICB/EPSS6/RDF-R/PH/27/23,Medicamen Biotech Limited,India,1,28646.75,USD,RDF,,2024-12-24,2024-12-24,,Please enter PG expiry date
449,4500001630,ICB/EPSS6/RDF-R 2016/MS/LS/12/23,GST Corporation Ltd,India,1,172.78,USD,RDF,,2024-12-23,2024-12-24,,Please enter PG expiry date
448,8266/4500002484,PFSA6/R-T-2/RDF/MI/04/18(Split from 004764),Atmos Medizin Technik GmbH & CO.KG,Germany,1,16202.88,EUR,GF,,2024-12-23,2024-12-24,,Please enter PG expiry date
447,8181/4500001698,ICB/EPSS6/MOH-SDG/MD/29/23,"Shenzhen Lanmae Medical Techno Co., Ltd",China,1,1996500.0,USD,SDG,,2024-12-23,2024-12-24,,Please enter PG expiry date
446,8168/4500002518,NCB/EPSS6/RDF-R/PH/04/23,Sansheng pharmaceuticak PLC,Ethiopia,3,399000296.65,ETB,RDF,,2024-12-20,2024-12-20,,Please enter PG expiry date
445,8265/4500002676,PFSA6/R-T-2/RDF/MI/04/(Split form 004764((Split from 007727 for MOH,Atmos Medizin Technilk GmbH & Co. KG,Germany,1,36456.48,EUR,,Confiscated,2024-12-19,2024-12-19,,Please enter PG expiry date | The supplier is not delivered
444,8193/4500002391,ICB/EPSS6/MOH-SDG/29/23,Allengers Medical System Ltd,Nairobi Kenya,1,238.14,USD,SDG,,2024-12-18,2024-12-18,,Please enter PG expiry date | Awaiting Cancellation from DMD. It is non-economic
443,8182/4500002392,ICB/EPSS6/MOH-SDG/29/23,Allengers Medical System Ltd,Nairobi Kenya,2,170288.64,USD,SDG,,2024-12-18,2024-12-18,,Please enter PG expiry date
442,8289/4500001669,ICB/EPSS6/MOH-SDG/MD/29/23(for ORHB),Allengers Medical System Ltd,Nairobi Kenya,1,49950.0,USD,RDF,,2024-12-18,2024-12-19,,Please enter PG expiry date
441,8210/4500002060,ICB/EPSS6/MOH-SDG/2923,Care pharma FZ LLC,Utd Arab Emir,2,53374.06,USD,SDG,,2024-12-18,2024-12-19,,"Please enter PG expiry date | Cancel and reprogram it, but awaiting DG office decision country of origin"
440,4500002618,ICB/FW/EPSA6/PH/03/22,Milan Laoratories (India) Pvt.Ltd,India,1,570220.0,USD,GF,,2024-12-18,2024-12-18,,Please enter PG expiry date
439,8282/4500002205,ICB/EPSA6/RDF-Routine/MI/21/21 (Split from po:007907),Beeveejay Limited,,1,503822.0,USD,SDG,,2024-12-18,2024-12-18,,Please enter PG expiry date
438,8267/4500002199,ICB/EPSA6/RDF-Routine/MI/21/21 (Split from po:008229),HEBEI PUKANG MEDICAL INSTRUMNTS CO LTD,China,1,56840.0,USD,SDG,,2024-12-18,2024-12-18,,Please enter PG expiry date
437,8218/4500001967,ICB/EPSS6/MOH-SDG/MD/29/23,Quayle Dental,"United 
Kingdom (the)",1,37200.0,USD,SDG,,2024-12-18,2024-12-18,,Please enter PG expiry date
436,8291/4500002592,ICB/EPSS6/MOH-SDG/MD/29/23(for ORHB),Beeveejay Limited,,1,40285.0,USD,RDF,,2024-12-17,2024-12-17,,Please enter PG expiry date
435,8214/4500002644,ICB/EPSS6/MOH-SDG/MD/29/23,HEBEI PUKANG MEDICAL INSTRUMNTS CO LTD,China,2,39927.0,USD,SDG,,2024-12-17,2024-12-17,,Please enter PG expiry date
434,8187/4500002643,ICB/EPSS6/MOH-SDG/MD/29/23,HEBEI PUKANG MEDICAL INSTRUMNTS CO LTD,China,1,13483.0,USD,SDG,,2024-12-17,2024-12-17,,Please enter PG expiry date
433,8201/4500002307,ICB/EPSS6/MOH-SDG/MD/29/23,Life Root Tradin FZE,India,1,324000.0,USD,SDG,,2024-12-17,2024-12-17,,Please enter PG expiry date
432,4500001533,ICB/FW/EPSA6/GF-,"Shanghai Desano Bio-Pharmaceutical Co.,",China,1,315154.4,USD,GF,,2024-12-16,2024-12-17,,Please enter PG expiry date
431,4500002558,ICB/EPSS6/RDF-R/PH/27/23,SAkar Healthcare Limited,India,1,49800.0,USD,RDF,,2024-12-16,2024-12-17,,-203
430,4500002570,ICB/EPSS6/RDF-R/PH/27/23,Sakar Healthcare Limited,India,1,76780.16,USD,RDF,,2024-12-16,2024-12-17,,Please enter PG expiry date
429,p,ICB/EPSS6/RDF-R-2016/MS/LS/12/23,Apothecaries sundries Manufacturing Co,India,2,27838.23,USD,RDF,,2024-12-11,2024-12-17,,Please enter PG expiry date
428,4500002004,ICB/EPSA6/RDF-R/PH/13/22,Bliss GVS Pharma LTD,India,1,82514.6,USD,RDF,,2024-12-11,2024-12-11,,Please enter PG expiry date
427,4500002571,ICB/EPSS6/RDF-R/PH/23/23,The Say Pharma Drug Store,"Utd,Arab Emir",1,310110.5,USD,RDF,,2024-12-11,2024-12-11,,Please enter PG expiry date
426,8208/4500002101,ICB/EPSS6/MOH-SDG/MD/29/23,Beeveejay Limited,,1,147120.0,USD,SDG,,2024-12-11,2024-12-11,,-196
425,4500002524,ICB/FW/EPSS6/SDG/ELISA/BLOOD,Dialab Production,Neudorf Australia,2,52552.0,EUR,SDG,,2024-12-09,2024-12-09,,-156
424,4500002411,EPSA6/RT2/FW/MOH-GFKit/PH/01/21,Macleode Pharmaceuticals Ltd,India,1,3946550.3,USD,GF,,2024-12-09,2024-12-09,,Please enter PG expiry date
423,4500001156,ICB/EPSS6/RDF-R/PH/23/23,Medicamen Biotech Limited,India,3,352864.75,USD,RDF,,2024-12-09,2024-12-09,,-173
422,4500002491,ICB/EPSS6/SDG/ELISA/BLOODBAG/MS/28/23,Beijingwantani Biological Pharmacy CoLtd,China,2,49600.0,USD,SDG,,2024-12-09,2024-12-09,,Please enter PG expiry date
421,4500002487,ICB/EPSS6/SDG/ELISA/BLOOD,Beijingwantani Biological Pharmacy CoLtd,China,4,133600.0,USD,SDG,,2024-12-09,2024-12-09,,Please enter PG expiry date
420,8264/4500002582,PFSA6/R-T-2/RDF/MI/04/18(Spilt from 7727 for MOH),ATMOS Medizin Technik GMbH & Co.KG,Germany,1,927614.88,EUR,SDG,,2024-12-06,2024-12-09,,Please enter PG expiry date | Not delivering in the LC period
419,4500002507,ICB/EPSS6/RDF-R2016/MS/LS/12/33,Medico (Huaian) Co.Ltd,China,4,23865.17,USD,RDF,,2024-12-06,2025-03-18,,-154
418,8277/4500002581,ICB/PSA6/COVID-19/MOH/MI/08/20(Split from 006223 for MOH),"Guangdong Biolight Meditech Co., Ltd",China,1,48520.0,USD,SDG,,2024-12-06,,,Please enter PG expiry date
417,8276/4500002164,ICB/PSA6/COVID-19/MOH/MI/08/20(Split from 006223 for MOH),"Guangdong Biolight Meditech Co., Ltd",China,1,48520.0,USD,SDG,,2024-12-06,2024-12-09,,Please enter PG expiry date
416,8202/4500001994,ICB/EPSS6/MOH-SDG/MD/29/23,Rise Global GMBH,Germany,1,1236.75,USD,SDG,,2024-12-06,2024-12-09,,Please enter PG expiry date
415,8219/4500002543,ICB/EPSS6/MOH-SDG/MD/29/23,Rise Global GMBH,Germany,2,124335.0,USD,SDG,,2024-12-06,2024-12-09,,Please enter PG expiry date
414,8314/4500002541,ICB/EPSS6/MOH-SDG/29/23,Rise Global GMBH,Germany,1,4551.75,USD,SDG,,2024-12-06,2024-12-09,,Please enter PG expiry date | LC not Opened
413,4500001530,ICB/FW/EPSA6/GF-,Mylan Laboratories Ltd.,India,3,683693.39,USD,GF,Replaced by Other PO,2024-12-05,2024-12-05,,Please enter PG expiry date
412,8249/4500002530,"ICB/EPSS6/Routine,SRHB & SG/MD/26/23 (for Somali RHB)","Fenway Trading Co.,Ltd",Taipei Taiwan,2,97300.0,USD,RDF,,2024-12-05,2024-12-05,,Please enter PG expiry date
411,4500001628,ICB/EPSS6/RDF-R 2016/MS/LS/12/23,Peters surgical India Pvt. Ltd,India,2,10203.15,USD,RDF,,2024-12-05,2024-12-05,,Please enter PG expiry date
410,4500001629,ICB/EPSS6/RDF-R 2016/MS/LS/12/23,Avian International,India,3,5586.0,USD,RDF,,2024-12-05,2024-12-05,,Please enter PG expiry date
409,4500001706,NCB/EPSS6/RDF-R/CHEM/MS/LR/LS/05/23,Dynamic Medical Industries plc,Ethiopia,1,127519991.37,ETB,RDF,,2024-12-04,2024-12-04,,Please enter PG expiry date | Mesfin said  do not release PG
408,7978/4500002495,ICB/EPSA6/RDF_Routine/MD/10/22/(Split from Po:007911),"Jiangsu Saikang Medical Co.,Ltd",China,1,14592.0,USD,Spanish Gov.t,,2024-12-04,2024-12-04,,Please enter PG expiry date
407,8192/4500002326,ICB/EPSS6/MOH-SDG/MD/29/23,Adonai Trading FZE,"United Arab
 Emirates (the)",4,50624.9,USD,SDG,,2024-12-04,2024-12-04,,Please enter PG expiry date
406,8188/4500002388,ICB/EPSS6/MOH-SDG/MD/29/23,Adonai Trading FZE,"United Arab
 Emirates (the)",5,258342.6,USD,SDG,,2024-12-04,2024-12-04,,Please enter PG expiry date
405,8288/4500001659,ICB/EPSS6/MOH-SDG/MD/29/23(for ORHB),Adonai Trading FZE,"United Arab
 Emirates (the)",2,71170.0,USD,RDF,,2024-12-04,2024-12-04,,Please enter PG expiry date
404,4500001649,EPSA6/RT2/FW/GF-HAPCO/HIV RTK/LR/01/22,Premier Medical Corporation Pvt.Ltd,India,1,234045.0,USD,GF,,2024-12-03,2024-12-03,,-327 | remaining 90 USD
403,8293/4500001677,ICB/EPSS6/MOH-SDG/MD/29/23( For ORHB),Care Pharma FZ LLC,Utd Arab Emir,1,11440.0,USD,RDF,,2024-12-03,,,Please enter PG expiry date | Contry of Origin change request
402,8196/4500002535,ICB/EPSS6/MOH-SDG/MD/29/23,Care Pharma FZ LLC,Utd Arab Emir,1,11096.8,USD,Treasury,,2024-12-03,2024-12-03,,Please enter PG expiry date | The supplier requested change of Country of origin and direction requested from DDG
401,8279/4500002202,"ICB/EPSS6/RDF_Routine/MD/10/22
(Split form 007713 for MOH)",Shenzhen Comen Medical Instruments Co.Ltd,China,1,598530.0,USD,SDG,,2024-12-02,2024-12-03,,Please enter PG expiry date
400,7708/4500002489,"ICB/EPSA6/RDF-Routine/MI/21/21(for RHB, Split from po:007079",Mission Pharma,Denmark,1,1364.0,USD,RDF,,2024-11-29,2024-12-02,,Please enter PG expiry date
399,8272/4500002143,ICB/EPSA6/RDF-Routine/MI/21/21(Split from Po:7719 and Merged with Po:008274 for MOH),Mission pharma,Denmark,2,50716.0,USD,SDG,,2024-11-29,2024-12-02,,Please enter PG expiry date
398,8273/4500002145,ICB/EPSS6/RDF-Routine/MI/21/21(Split from po:007719 and Merged with Po 008275 for MOH),Mission Pharma,Denmark,2,106640.0,USD,SDG,,2024-11-29,2024-12-02,,Please enter PG expiry date
397,8298/4500002264,ICB/EPSS6/MOH-SDG/MD/29/23,"Samed FZE SPC, sharjah, USE,","Sharja Utd
.Arab Emir",1,1597000.0,USD,RDF,,2024-11-29,2024-12-02,,Please enter PG expiry date
396,8217/4500002102,ICB/EPSS6/MOH-SDG/MD/29/23,Nanjing Mindray Biomedical Electronics C,China,2,129344.0,USD,SDG,,2024-11-29,2024-12-02,,Please enter PG expiry date
395,8297/4500001682,ICB/EPSS6/MOH-SDG/MD/29/23,Nanjing Mindray Biomedical Electronics C,China,2,69506.0,USD,RDF,,2024-11-29,2024-12-02,,Please enter PG expiry date
394,8200/4500002377,ICB/EPSS6/MOH-SDG/MD/29/23,"Jiangsu Saikang Medical Co,Ltd",China,3,13095.0,USD,SDG,,2024-11-29,2024-12-02,,Please enter PG expiry date
393,8012/4500002387,ICB/EPSS6/MOH-SDG/MD/29/23,"Jiangsu Saikang Medical Co,Ltd",China,1,50784.0,USD,GF,,2024-11-29,2024-12-02,,Please enter PG expiry date
392,8215/4500002390,ICB/EPSS6/MOH-SDG/MD/29/23(for ORHB),"Jiangsu Saikang Medical Co,Ltd",China,3,245588.0,USD,SDG,,2024-11-29,2024-12-02,,Please enter PG expiry date
391,8296/4500001684,ICB/EPSS6/MOH-SDG/MD/29/23(for ORHB),"Jiangsu Saikang Medical Co,Ltd",China,1,19600.0,USD,RDF,,2024-11-29,2024-12-02,,Please enter PG expiry date
390,8294/4500001680,ICB/EPSS6/MOH-SDG/MD/29/23(fro ORHB),"Fenway Trading Co,LTD",Taipei Taiwan,3,727950.0,USD,RDF,,2024-11-29,2024-12-02,,Please enter PG expiry date
389,8211/4500002188,ICB/EPSS6/MOH-SDG/MD/29/23,"Fenway Trading Co,Ltd",China,3,256300.0,USD,SDG,,2024-11-29,2024-12-02,,Please enter PG expiry date
388,8184/4500002196,ICB/EPSS6/MOH-SDG/MD/29/23,Fenway Trading Co.LTd,Taipei Taiwan,4,457355.0,USD,GF,,2024-11-29,2024-12-02,,Please enter PG expiry date | PPA for not submitting PG
387,8247/4500001670,"ICB/EPSS6/Routine, SRHB & SD/MD/26/23 (for Somail RHB)",Maakurupa scientific industries PVT.LTD,India,1,80784.0,USD,RDF,,2024-11-29,2024-12-02,,Please enter PG expiry date
386,8299/4500001685,ICB/EPSS6/MOH-SDG/MD/29/23,"Shenzhen Mindray Biomedical Electronics Co, Ltd",China,1,17250.0,USD,RDF,,2024-11-29,2024-11-29,,Please enter PG expiry date
385,8221/4500002107,ICB/EPSS6/MOH-SDG/MD/29/23,"Shenzhen Mindray Biomedical Electronics Co, Ltd",China,1,19665.0,USD,SDG,,2024-11-29,2024-11-29,,Please enter PG expiry date
384,4500002474,EPSS6/RT2/RDF-R/Placement/LR/04/23,High Technology Inc,USA,2,3410.0,USD,RDF,,2024-11-27,2024-11-27,,Please enter PG expiry date
383,4500002247,EPSS6/RT2/RDF-R/Placement/LR/04/23,High technology Inc,"North
 Attleborough USA",5,81453.12,USD,RDF,,2024-11-27,2024-11-27,,Please enter PG expiry date
382,7714/4500002323,ICB/EPSA6/RDF_Routine/MD/10/22(Split from po:007411),Aurobindo pharma,India,1,52166.4,USD,SDG,,2024-11-27,2024-11-27,,Please enter PG expiry date
381,4500001527,ICB/EPSS6/RDF-R/PH/23/23,Bharat Serum And Vacciness Ltd,,1,998377.8,USD,,,2024-11-27,2024-11-27,,Please enter PG expiry date
380,4500001736,ICB/EPSS6/RDF-R/PH/27/23,Ciron Drugs And Pharmaceuticals Pvt Ltd,India,1,59422.0,USD,RDF,,2024-11-27,2024-11-27,,Please enter PG expiry date
379,4500001545,ICB/EPSS6/RDF-R/PH/27/23,Aurobindo pharma,India,1,23195.26,USD,RDF,,2024-11-27,2024-11-27,,Please enter PG expiry date
378,4500001574,ICB/EPSS6/RDF-R/PH/27/23,Remedica,Cyprus,1,11170.32,USD,RDF,,2024-11-26,2024-11-27,,Please enter PG expiry date
377,8209/4500002329,ICB/EPSS6/MOH-SDG/MD/29/23,"Better Medical Technology Co,Ltd",China,7,568612.5,USD,SDG,,2024-11-22,2024-11-26,,Please enter PG expiry date
376,8292/4500001653,ICB/EPSS6/MOH-SDG/MD/29/23(for ORHB),"Better Medical Technology Co, Ltd",China,6,236475.0,USD,RDF,,2024-11-22,2024-11-26,,Please enter PG expiry date
375,8195/4500002310,ICB/EPSS6/MOH-SDG/MD/29/23,"Better Medical Technology Co.,Ltd",China,5,232526.0,USD,SDG,,2024-11-22,2024-11-26,,Please enter PG expiry date
374,8295/4500001681,ICB/EPSS6/MOH-SDG/MD/29/23,"Fenway Trading Co,Ltd",China,1,33600.0,USD,RDF,,2024-11-22,2024-11-22,,Please enter PG expiry date
373,8212/4500001986,ICB/EPSS6/MOH-SDG/MD/29/23,"Fenway Trading Co,Ltd",China,2,59094.0,USD,SDG,,2024-11-22,2024-11-22,,Please enter PG expiry date
372,8198/4500001985,ICB/EPSS6/MOH-SDG/MD/29/23,"Fenway Trading Co,Ltd",China,1,29100.0,USD,SDG,,2024-11-22,2024-11-22,,Please enter PG expiry date
371,4500001188,ICB/EPSS6/RDF-R/PH/23/23(Lot1),Scott-Edil Pharmacia Ltd,,4,66896.42,USD,RDF,,2024-11-22,2024-11-22,,-328
370,4500001699,ICB/EPSS/RDF-R/PH/23/23,Scott-Edil Pharmacia Ltd,,1,,USD,RDF,,2024-11-22,2024-11-26,,Please enter PG expiry date
369,4500001735,ICB/EPSS6/RDF-R/PH/27/23,Rise Global GMBH,Germany,1,12023.6,USD,RDF,,2024-11-21,2024-11-21,,-192
368,8246/4500001709,"ICB/EPSS6/Routne,SRHB & SG/MD/26/23(for Somali RHB)",Fenway Trading Co.Ltd,Taipei Trading Co.Ltd,1,57600.0,USD,RDF,,2024-11-20,2024-11-20,,Please enter PG expiry date
367,4500001187,ICB/EPSS6/RDF-R/PH/23/23,Badropharma General Trading ( F.Z.E),"U.A.E Utd 
Arab Emir",1,10805.76,USD,RDF,,2024-11-20,2024-11-20,,Please enter PG expiry date
366,4500001164,ICB/EPSS6/RDF-R/PH/23/23,Ciron Drugs And Pharmaceuticals Pvt Ltd,India,1,7650.0,USD,RDF,,2024-11-20,2024-11-20,,Please enter PG expiry date
365,4500001764,EPSA-ICB-G-00-2017-BID,Tagros Chemicals India Ltd.,India,1,4224999.3,USD,GF,,2024-11-20,2024-11-20,,Please enter PG expiry date
364,4500001134,ICB/EPSS6/RDF-R/PH/27/23,Scott-Edil Pharmacia Ltd,,5,105798.5,USD,RDF,,2024-11-20,2024-11-20,,-226 | remaining 825.60 USD
363,8301/4500001683,ICB/EPSS6/MOH-SDG/MD/29/23(for ORHB),Spot Medical Equipment FZE,Utd.Arab Emir,1,709100.0,USD,RDF,,2024-11-20,2024-11-20,,Please enter PG expiry date
362,8220/4500002265,ICB/EPSS6/MOH-SDG/MD/29/23,Samed FZE,"United Arab
 Emirates (the)",1,517428.0,USD,SDG,,2024-11-20,2024-11-20,,Please enter PG expiry date
361,8203/4500002273,ICB/EPSS6/MOH-SDG/MD/29/23,Samed FZE,"United Arab
 Emirates (the)",1,189024.0,USD,SDG,,2024-11-20,2024-11-20,,Please enter PG expiry date
360,4500002103,ICB/FW/EPSA6/GF/PH/03/22,Hetro Labs Ltd.,India,3,502019.02,USD,GF,,2024-11-19,2024-11-20,,-286
359,4500001733,ICB/EPSS/RDF-R/PH/27/23,Naprod Life Sicence Pvt.Lts,India,1,169642.2,USD,RDF,,2024-11-19,2024-11-20,,-188
358,8178/4500002366,NCB/EPSS6/RDF-R/PH/04/23,Addis Pharmaceutical Factory,Ethiopia,1,13790937.81,ETB,RDF,,2024-11-15,2024-11-20,,Please enter PG expiry date
357,8160/4500002344,NCB/EPSS6/RDF-R/PH/04/23,Addis Pharmaceutical Factory,Ethiopia,1,8570486.97,ETB,RDF,,2024-11-15,2024-11-20,,Please enter PG expiry date
356,8156/4500002343,NCB/EPSS6/RDF-R/PH/04/23,Addis Pharmaceutical Factory,Ethiopia,2,21958602.68,ETB,RDF,,2024-11-15,2024-11-20,,Please enter PG expiry date
355,8300/4500001686,ICB/EPSS6/MOH-SDG/MD/29/23(for ORHB),"Shenzhen Mindray Biomedical Electronics Co.,Ltd",China,1,584700.0,USD,RDF,,2024-11-15,2024-11-18,,Please enter PG expiry date
354,8228/4500002160,ICB/EPSS6/MOH-SDG/MD/29/23,"Shenzhen Mindray Biomedical Electronics Co.,Ltd",China,1,155920.0,USD,SDG,,2024-11-15,2024-11-18,,Please enter PG expiry date
353,8223/4500001946,ICB/EPSS6/MOH-SDG/MD/29/23,Topcon Europe Medical B.V,Netherlands (the),1,147640.0,EUR,SDG,,2024-11-14,2024-11-15,,Please enter PG expiry date
352,4500002113,ICB/Framework/EPSS6/RDF-R/PH/06/23,"Khandelwal Laboratories PVT, Ltd",India,1,10830.24,USD,RDF,,2024-11-14,2024-11-18,,-196
351,4500002112,ICB/Framework/EPSS6/RDF-R/PH/06/23,Rise Global GMBH,Germany,1,16245.36,USD,RDF,,2024-11-14,2024-11-18,,-161
350,8262/4500001771,"ICB/EPSS6/Routine, SRHB & SG/MD/26/23 (for Somail RHB)",Rise Global GMBH,Germany,8,29008.7,USD,RDF,,2024-11-14,2024-11-15,,Please enter PG expiry date
349,8256/4500002009,"ICB/EPSS6/Routine, SRHB & SG/MD/26/23 (for Somail RHB)",Rise Global GMBH,Germany,1,292500.0,USD,RDF,,2024-11-14,2024-11-15,,Please enter PG expiry date
348,8261/4500001769,"ICB/EPSS6/Routine, SRHB & SG/MD/26/23 (for Somail RHB)",Rise Global GMBH,Germany,1,62400.0,USD,RDF,,2024-11-14,2024-11-15,,Please enter PG expiry date
347,8254/4500002005,"ICB/EPSS6/Routine, SRHB & SG/MD/26/23 (for Somail RHB)",Rise Global GMBH,Germany,1,12675.0,USD,RDF,,2024-11-14,2024-11-15,,Please enter PG expiry date
346,4500001999,"ICB/EPSS6/Routine, SRHB & SD/MD/26/23",Rise Global GMBH,Germany,6,217967.14,USD,RDF,,2024-11-14,2024-11-18,,Please enter PG expiry date | PO 4500001999 Reterned; and then split to  PO 4500003341 & 4500003342
345,8263/4500002091,"ICB/EPS6/Routine,SRHB & SD/MD/26/23 (for Somail RHB)",Rise Global GMBH,Germany,1,4212.0,USD,RDF,,2024-11-14,2024-11-15,,Please enter PG expiry date
344,8204/4500002106,ICB/EPSS6/MOH-SDG/MD/29/23,Spot Medical Equipment FZE,Utd.Arab Emir,1,1035286.0,USD,SDG,,2024-11-13,2024-11-15,,Please enter PG expiry date
343,8222/4500002148,ICB/EPSS6/MOH-SDG/MD/29/23,Spot Medical Equipment FZE,Utd.Arab Emir,1,1118400.0,USD,SDG,,2024-11-13,2024-11-15,,Please enter PG expiry date
342,4500001523,ICB/FW/EPSS6/MOH-GF-NFMLLL/ARV/PH/20/23,Macleode pharmaceuticals Ltd,India,1,68337.99,USD,GF,,2024-11-13,2024-11-18,,Please enter PG expiry date
341,4500001874,ICB/Framework/EPSS6/RDF-R/PH/06/23,Intas pharmaceutical Ltd,India,1,82500.0,USD,RDF,,2024-11-13,2024-11-18,,Please enter PG expiry date
340,4500001531,ICB/FW/EPSA6/GF-,Aurobindo pharma,India,1,195749.0,USD,GF,,2024-11-13,2024-11-20,,Please enter PG expiry date
339,8213/4500002299,ICB/EPSS6/MOH-SDG/MD/29/23,GST Corporation Ltd,India,1,1369.87,USD,SDG,,2024-11-13,2024-11-13,,Please enter PG expiry date
338,4500001900,EPSA-ICB-G-007-2017-BID,RAPIGEN INC,"Korea (the 
Republic of)",1,3656040.0,USD,GF,,2024-11-13,2024-11-13,,Please enter PG expiry date
337,7990/4500001923,ICB/Framework/EPSS6/RDF-R/PH/06/23,Therdose pharma Pvt.Ltd,India,2,68404.71,USD,RDF,,2024-11-13,2024-11-13,,Please enter PG expiry date
336,4500001627,"ICB/EPSS6/RDF-R 2016/,S/LS/12/23",Gst Corporation Ltd,India,5,74180.5,USD,RDF,,2024-11-12,2024-11-12,,Please enter PG expiry date
335,8308/4500001801,ICB/PFSA6/RDF/FW/PLACEMENT/LR/20/18,Elsmed Healthcare Solution Ltd,Israel,2,19370.0,USD,RDF,,2024-11-11,2024-11-11,,Please enter PG expiry date
334,8312/4500001799,ICB/PFSA6/RDF/FW/PLACEMENT/LR/20/18,High Technology INC,United States (the),2,3500.0,USD,RDF,,2024-11-11,2024-11-11,,-88
333,8307/4500001800,ICB/PFSA6/RDF/FW/PLACEMENT/LR/20/18,Elsmed Healthcare Solution Ltd,Israel,4,595433.4,USD,RDF,,2024-11-11,2024-11-11,,Please enter PG expiry date
332,8304/4500001723,ICB/PFSA6/RDF/FW/PLACEMNT/LR/20/18,Sysmex Europe SE,Norderstedt Germany,4,402077.4,EUR,RDF,,2024-11-11,2024-11-11,,Please enter PG expiry date
331,8311/4500001787,ICB/PFSA6/RDF/FW/PLACEMENT/LR/20/18,High Technology INC,United States (the),4,169497.6,USD,RDF,,2024-11-11,2024-11-11,,Please enter PG expiry date
330,4500001908,NCB/EPSS6/RDF-R/CHEM/MS/LR/LS/05/23,Adama Development P.L.C Nazmed Medical,Ethiopi,2,45192772.15,ETB,RDF,,2024-11-07,2024-11-07,,Please enter PG expiry date
329,8191/4500001948,ICB/EPSS6/MOH-SDG/MD/29/23,"Ambulanc (shenzhen) Tech. Co,. Lit",China,1,156000.0,USD,SDG,,2024-11-06,2024-11-06,,-226
328,8154/4500002071,NCB/EPSS6/RDF-R/PH/04/23,"Pharmacure pvt,Ltd.Co",Ethiopia,4,279203270.09,ETB,RDF,,2024-11-06,2024-11-07,,Please enter PG expiry date
327,8231/4500003303,EPSS6/RT2/Local/MOH-SDG/FH/07/23,Addis Pharmaceutical Factory S.C,Ethiopia,1,19617256.39,ETB,SDG,,2024-11-05,2024-11-05,,Please enter PG expiry date
326,4500001711,ICB/EPSS6/RDF-R/PH/27/23,Humanwell Pharmaceutical Ethiopia PLC,Ethiopia,1,6884117.76,ETB,RDF,,2024-11-05,2024-11-05,,Please enter PG expiry date
325,4500001920/7832,ICB/EPSS6/RDF-R/PH/27/23,ABI Business Guroup Drug nd Medical Equipment Importer PLC,Ethiopia,2,100405994.0,ETB,RDF,,2024-11-05,2024-11-05,,Please enter PG expiry date
324,4500001765,EPSA-ICB-G-005-2014BID,REMEDICA LTD,CYPRUS,1,871200.0,USD,GF,,2024-11-01,2024-11-11,,Please enter PG expiry date
323,4500001772,EPSA-ICB-G-004-2027-BID,"Guilin Pharmaceutical Co,. Ltd",China,1,2090000.0,USD,GF,,2024-11-01,2024-01-11,,Please enter PG expiry date
322,4500001658,EPSS6/RT2/FW/GF/HIV<HIV(>&<)>,SD Biosensor,China,1,3005226.0,USD,GF,,2024-11-01,2024-11-11,,Please enter PG expiry date
321,4500001536,ICB/FW/EPSA6/GF-,Laurus Labs Limited,India,1,386861.96,USD,GF,,2024-11-01,2024-11-01,,Please enter PG expiry date
320,4500001564,ICB/EPSS6/RDF-R/PH/23/23,"Shandong shenglu pharmaceutical Co.,Ltd",China,1,62762.4,USD,RDF,,2024-10-30,2024-10-30,,Please enter PG expiry date
319,4500001655,ICB/FW/EPSA6/GF-,Trinity Biotech Manufacturing Limited,Ireland,1,,USD,GF,,2024-10-30,2024-10-30,,Please enter PG expiry date
318,4500001648,ICB/EPSA6/RT2/FW/GF-HAPCO/HIV,Intec Products Inc,China,1,2674726.4,USD,GF,,2024-10-30,2024-10-30,,Please enter PG expiry date
317,4500001535,ICB/FW/EPSA6/GF-MOH/NFMLLL/ARV/PH/01/23,Mylan Laboratories Ltd,India,2,677602.32,USD,GF,Replaced by Other PO,2024-10-30,2024-10-30,,"Please enter PG expiry date | 4500001535 Splet to 4656,4654,4870 ,6877"
316,4500001522,ICB/FW/EPSS6/MOH-GF-NFMLLL/ARV/PH20/23,Emcure Parmaceuticals Ltd,India,1,651369.24,USD,GF,,2024-10-29,2024-10-29,,Please enter PG expiry date
315,4500001525 to 4652,ICB/FW/EPSA6/GF-MOH/NFMLLL/ARV/PH/01/23,Mylan Laboratories Ltd,India,1,7843264.8,USD,GF,,2024-10-29,2024-10-29,,Please enter PG expiry date
314,4500001455,ICB/FW/EPSS6/MOH-GF/Mlaria/PH/14/23,Macleodes Pharmaceutical ltd,india,2,1075262.6,USD,GF,,2024-10-29,2024-10-29,,Please enter PG expiry date
313,4500001352,ICB/EPSS6/RDF-R/PH/27/23,MERIDIAN ENTERPRISES PVT.LTD,India,1,13794.48,USD,RDF,,2024-10-28,2024-10-29,,Please enter PG expiry date
312,4500001552,ICB/EPSS6/RDF-R/PH/27/23,Scott-Edil Pharmacia Ltd,,2,37947.78,USD,RDF,,2024-10-28,2024-10-29,,-125 | 3.78 USD remaining
311,8010/4500001930,ICB/EPSA6/RDF-Routine/MD/10/22 (Chsnged from :007717),Adonal Trading FZE,United Arab Emirates (the),1,703169.64,EUR,RDF,,2024-10-25,2024-10-28,,Please enter PG expiry date
310,8013/4500001932,ICB/EPSA6/RDF-Routine/MD/10/22 (Chsnged from :007705),Adonal Trading FZE,United Arab Emirates (the),1,785895.48,EUR,SDG,,2024-10-25,2024-10-28,,Please enter PG expiry date
309,4500001704,NC/EPSS6/RDF-R/CHEM/MS/LR/LS/05/23,Sams general trading plc,Ethiopia,2,86881898.22,ETB,RDF,,2024-10-18,2024-10-28,,Please enter PG expiry date
308,4500001539,ICB/FW/EPSA6/GF-,Leben,India,2,401681.52,USD,GF,,2024-10-18,2024-10-18,,Please enter PG expiry date
307,4500001534,ICB/FW/EPSA6/GF-,Macleods Pharmaceuticals Ltd,india,1,1547451.42,USD,GF,,2024-10-18,2024-10-18,,Please enter PG expiry date
306,4500001544,ICB/EPSS6/RDF-R/PH/23/23,Scott-Edil Pharmacia Ltd,,1,526320.0,USD,RDF,,2024-10-17,2024-10-18,,Please enter PG expiry date
305,8124/4500001504,EPSS6/RT2/Local/MOH-SDG/CH/08/23,"Pharmacure Pvt,Ltd.co",Ethiopia,7,77978144.32,ETB,SDG,,2024-10-17,2024-10-17,,Please enter PG expiry date
304,4500001138,ICB/EPSS6/RDF-R/PH/27/23,Kilitch Drugs,India,1,17702.1,USD,RDF,,2024-10-17,2024-10-17,,Please enter PG expiry date
303,4500001147,ICB/,Medicamen Biotech Limited,India,1,90792.92,USD,RDF,,2024-10-17,2024-10-17,,Please enter PG expiry date
302,4500001524,ICB/FW/EPSS6/MOH-GF-NFMLLL/ARV/PH/20/23,Mylan Laboratories Ltd,India,1,977045.64,USD,GF,,2024-10-17,2024-10-17,,Please enter PG expiry date
301,4500001526,ICB/FW/EPSA6/GF-MOH/NFMLLL/ARV/PH/01/23,Cipla Pharmacuticals Ltd,India,1,5228840.4,USD,GF,,2024-10-17,2024-10-17,,Please enter PG expiry date
300,4500001708,ICB/EPSS6/RDF-R/PH/23/23,Ningbo Inopha Biotec Ltd,China,1,156664.93,USD,GF,,2024-10-17,2024-10-17,,Please enter PG expiry date
299,4500001540,ICB/FW/EPSA6/GF-,Unique Pharmaceutical Laboratories,India,1,14360.92,USD,RDF,,2024-10-17,2024-10-17,,Please enter PG expiry date
298,8248/4500001705,"ICB/EPSS6/Routine,SRHB & SG/MD/26/23(for Somali RHB)",Nanling Mindray Biomedical Co.Ltd,China,1,408750.0,USD,RDF,,2024-10-17,2024-10-17,,Please enter PG expiry date
297,8250/4500001707,"ICB/EPSS6/Routine,SRHB & SG/MD/26/23(for Somali RHB)",Nanling Mindray Biomedical Co.Ltd,China,1,10627.5,USD,RDF,,2024-10-17,2024-10-17,,Please enter PG expiry date
296,4500001542,ICB/EPSS6/RDF-R/PH/23/23,Medicamen Biotech Limited,India,2,33296.47,USD,RDF,,2024-10-17,2024-10-17,,Please enter PG expiry date
295,4500001454,ICB/FW/EPSS6/MOH-GF/Malaria/PH/14/23,Ajanta Pharma Ltd,India,2,1612898.6,USD,RDF,,2024-10-15,2024-10-15,,Please enter PG expiry date
294,8167/4500001841,ICB/EPSS6/RDF-R/PH/04/23,Sansheng Pharmaceutical plc,Ethiopia,5,229878336.6,ETB,RDF,,2024-10-15,2024-10-15,,Please enter PG expiry date
293,8169/4500001823,NCB/EPSS6/RDF-R/PH/04/23,Humanwell Pharmaceutical Ethiopia PLC,Ethiopia,9,,ETB,RDF,,2024-10-14,2024-10-14,,Please enter PG expiry date
292,7935/4500001585,"ICB/EPSA6/RDF-Routine/MI/21/21
( Split From PO:007064 & 007096)",Hawam International Trading,Japan,1,774637.5,USD,RDF,,2024-10-11,2024-10-11,,Please enter PG expiry date
291,7934/4500001586,"ICB/EPSA6/RDF-Routine/MI/21/21
( Split From PO:007064 & 007096 for SDG)",Hawam International Trading,Japan,1,774637.5,USD,SDG,,2024-10-11,2024-10-11,,Please enter PG expiry date
290,8180/4500001637,ICB/PFSA6/RDF/FW/PLACEMENT/LR/20/18,Beckman Coulter,Japan,1,193969.54,USD,RDF,,2024-10-11,2024-10-14,,Please enter PG expiry date
289,7728/4500001815,PFSA6/DT/MOH-COVID-19/Bed/MI/19/20(Refill from 005707 for Alert Hospital),Linet spol. S.r.o,"Czech 
Republic (the)",1,91150.0,EUR,RDF,,2024-10-11,2024-10-14,,Please enter PG expiry date
288,8245/450001947,"ICB/EPSS6/Routine,SRHB & SG/MD/26/23 (for Somail RHB)",BOSTON MEDICAL FZE.,"United Arab
 Emirates (the)",5,15332.44,USD,RDF,,2024-10-11,2024-10-11,,Please enter PG expiry date
287,7904/4500001790,ICB/EPSA6/RDF-R & SDG 2015/MS/LS/14/22-split of po-007631,Wise team FZC,Utd Arab Emir,2,555807.66,USD,RDF,,2024-10-10,2024-10-10,,Please enter PG expiry date
286,4500001196,ICB/EPSS6/RDF-R/PH/23/23,"Cspc Ouyi Pharmaceutical CO.,Ltd",China,1,81509.6,USD,,,2024-10-10,2024-10-10,,Please enter PG expiry date
285,4500001543,ICB/EPSS6/RDF-R/LR/11/23,FDC,India,1,32000.0,USD,RDF,,2024-10-10,2024-10-10,,Please enter PG expiry date
284,7905/4500001785,ICB/EPSA6/RDF-R & SDG 2015/MS/LS/14/22-split of po-007631,Wise team FZC,Utd Arab Emir,1,520961.25,USD,RDF,,2024-10-10,2024-10-10,,Please enter PG expiry date
283,4500001541,ICB/EPSS6/RDF-R/LR/11/23,Rise Global GMBH,Germany,1,67952.88,USD,RDF,,2024-10-10,2024-10-10,,Please enter PG expiry date
282,8205/4500001694,ICB/EPSS6/MOH-SDG/MD/29/23,REY INTERNATIONAL FZC,"United Arab 
Emirates (the)",1,379758.88,USD,SDG,,2024-10-10,2024-10-10,,Please enter PG expiry date
281,8224/4500001695,ICB/EPSS6/MOH-SDG/MD/29/23,REY INTERNATIONAL FZC,"United Arab 
Emirates (the)",1,687243.76,USD,SDG,,2024-10-10,2024-10-10,,Please enter PG expiry date
280,7959/4500001788,ICB/EPSS6/RDF-R/LR/11/23,Rise Global GMBH,Germany,1,10966.2,USD,RDF,,2024-10-10,2024-10-10,,Please enter PG expiry date | LC not Opened
279,4500001595,ICB/EPSS6/RDF-R,Citotest Labware Manufacturing Co.Ltd,China,2,61471.95,USD,RDF,,2024-10-10,2024-10-10,,Please enter PG expiry date
278,4500001607,ICB/Framwork/PFSA6/RDF-R/PH/01/19(Freill,Mission Pharma,Denmark,1,21819.3,USD,RDF,,2024-10-09,2024-10-10,,Please enter PG expiry date
277,4500001638,NCB/EPSS6/RDF-R/CHEM/MS/LR/LS/05/23,BRG Trading PLC,Ethiopia,2,30128174.8,USD,RDF,,2024-10-09,2024-10-09,,Please enter PG expiry date
276,7900/4500001760,ICB/PFSA-RDF/FW/LR/04/2019(Refill po 7128),Shiv Dial Sud and Sons,India,1,10034.4,USD,RDF,,2024-10-07,2024-10-08,,Please enter PG expiry date
275,4500001562,ICB/EPSS6/RDF-R/PH/27/23,Lincoin Pharmaceuticals Limited,India,1,134075.95,USD,RDF,,2024-09-30,2024-09-30,,Please enter PG expiry date
274,4500001589,ICB/EPSS6/RDF-R/PH/27/23,Orient Int.Holding Shanghal Rongheng int,China,2,326001.45,USD,RDF,,2024-09-24,2024-09-24,,Please enter PG expiry date
273,4500001588,ICB/EPSS6/RDF-R/PH/27/23,Orient Int.Holding Shanghal Rongheng int,China,1,62780.37,USD,RDF,,2024-09-24,2024-09-24,,Please enter PG expiry date
272,"combined with 8258 and been (4500003616-28,644.78 USD lost and Insurance claimed)",ICB/EPSS6/MOH-BMGFBUFFET/Capital-SDG/FH/&Others/PH/MS/25/23,MYLAN Laboratories Ltd.,India,1,182343.92,USD,SDG,,2024-09-23,2024-09-23,,Please enter PG expiry date
271,7901/4500001310,ICB/PFSA6/RDF/FW/LR/04/19 (Refill PO 6651),Zim Laboratories Limited,India,1,162243.84,USD,RDF,,2024-09-19,2024-09-20,,Please enter PG expiry date
270,4500001140,ICB/EPSS6/RDF-R/PH/23/23,Rise Global GMBH,Germany,1,65017.25,USD,RDF,,2024-09-19,2024-09-19,,Please enter PG expiry date
269,4500000920,ICB/EPSS6/RDF-R/PH/23/23,Orient Int.Holding Shanghal Rongheng int,China,1,513497.6,USD,RDF,,2024-09-19,2024-09-19,,Please enter PG expiry date
268,7704/4500001561,ICB/EPSA6/RDF_Routine/MD/10/22(FOR ORH,RISE IMPORT AND EXPORT GMBH,India,1,243243.0,USD,RDF,,2024-09-17,2024-09-17,,Please enter PG expiry date
267,4500001126,ICB/EPSS6/RDF-R/PH/27/23,SCOTT EDIL PHARMACIA LTD,India,3,269085.75,USD,RDF,,2024-09-17,2024-09-17,,Please enter PG expiry date
266,4500001193,ICB/EPSS6/RDF-R/,Skymap pharmaceuticals pvt.Ltd,India,1,23738.4,USD,RDF,,2024-09-17,2024-09-17,,Please enter PG expiry date
265,8014/4500001502,ICB/EPSA6/RDF_Routine/MD/10/22(Changed from Po No:007401),"Qingdao Haier Biomedical Co., Ltd",China,1,11652.0,USD,RDF,,2024-09-17,2024-09-17,,Please enter PG expiry date
264,8015/4500001501,ICB/EPSA6/RDF_Routine/MD/10/22(Changed from Po No:007602),"Qingdao Haier Biomedical Co., Ltd",China,1,2913.0,USD,RDF,,2024-09-17,2024-09-17,,Please enter PG expiry date
263,8009/4500001507,ICB/EPSS6/RDF/ORHB/MD/16/23(Changed from Po No:008119),Spot Medical Equipment FZE,Utd.Arab Emir,1,140000.0,USD,RDF,,2024-09-17,2024-09-17,,Please enter PG expiry date
262,"8257/4500001371 combined with 8258 and been (4500003616-28,644.78 USD lost and Insurance claimed)",ICB/EPSS6/MOH-BMFFET-Capital -SDG/FH/&Others/PH/MS/26/23,MYLAN Laboratories Ltd.,India,1,5278856.48,USD,SDG,,2024-09-17,2024-09-16,,Please enter PG expiry date
261,8175/4500001472,ICB/EPSS6/MOH-BMGF-BUFFET-Capital-SDG/FH/&Others/PH/MS/25/23,MYLAN Laboratories ltd,India,2,407187.2,USD,SDG,,2024-09-05,2024-09-05,,Please enter PG expiry date
260,8149/4500001403,ICB/EPSS6/MOH-BMGF-BUFFET-Capital-SDG/FH/&Others/PH/MS/25/23,MYLAN Laboratories ltd,India,1,136253.26,USD,SDG,,2024-09-05,2024-09-05,,Please enter PG expiry date
259,8173/4500001473,ICB/EPSS6/MOH-BMGF-BUFFET-Capital-SDG/FH/&Others/PH/MS/25/23,Bayer AG,finland,1,3554011.92,USD,SDG,,2024-09-05,2024-09-05,,Please enter PG expiry date
258,4500001101,ICB/EPSS6/RDF-R/PH/23/23,Leben,India,1,72370.8,USD,RDF,,2024-09-05,2024-09-05,,Please enter PG expiry date
257,7895/4500001362,ICB/Framwork/PFSA6/RDF-R/PH/01/19(Refill order from PO#007201 &007203),Galentic Pharma,India,1,229337.87,USD,RDF,,2024-09-03,2024-09-03,,Please enter PG expiry date
256,8150/4500001417,ICB/EPSS6/MOH-BMGF-BUFFET-Cpital-SDG/FH/&Others/PH/MS/25/23,United Pharma (K) Limited,Kenya,1,14025.0,USD,SDG,,2024-09-03,2024-09-03,,Please enter PG expiry date | Confiscated due to the supplier not performed completely
255,8142/4500001313,ICB/EPSA6/RDF-Routine/MI/21/21(for SRHB Split from Po :007726),Beeveejay Limited,,1,18414.0,USD,RDF,,2024-09-03,2024-09-02,,Please enter PG expiry date
254,8143/ / 4500001312,ICB/EPSA6/RDF-Routine/MI/21/21(Split from :007726),Beeveejay Limited,,8,773822.5,USD,RDF,,2024-09-03,2024-09-02,,Please enter PG expiry date
253,8147/ / 4500001438,EPSS6/RT2/Local/MOH-SDG/CH/PH/05/23,Sansheng Pharmaceutical PLC,Ethiopia,1,2090800.0,ETB,SDG,,2024-09-03,2024-09-02,,Please enter PG expiry date
252,7878/ / 4500001219,ICB/EPSA6/RDF*R/PH/13/22,Bliss GVS Pharma Ltd.,India,1,4029.27,USD,RDF,,2024-09-02,2024-09-02,,-495
251,4500001186,ICB/EPSS6/RDF-R/PH/23/23(Lot-1),Scoo Edil Pharmacia Ltd,Chandigarh India,2,1064840.85,USD,RDF,,2024-08-30,2024-09-02,,Please enter PG expiry date
250,4500001337,ICB/EPSS6/RDF-R/PH/23/23,"Medicef pharma 2nd floor, BlockB, pocket-8 sector-19, Rohini",Delhi India,1,204066.0,USD,RDF,,2024-08-27,2024-08-27,,Please enter PG expiry date
249,4500001135,#ICB/EPSS6/RDF-R/PH/27/23,Beximco pharmaceuticals Ltd,Bangladesh,1,775530.6,USD,RDF,,2024-08-27,2024-08-27,,Please enter PG expiry date
248,8148/4500001378,EPSS6/RT2/Local/MOH-SDG/CH/PH/05/23,Humanwell Pharmaceutical Ethiopia PLC,Ethiopia,1,2090600.0,ETB,SDG,,2024-08-27,2024-08-27,,Please enter PG expiry date
247,4500001287,ICB/EPSS6/RDF-R/PH/23/23,Rise Global GMBH,Germany,1,35750.4,USD,RDF,,2024-08-23,2024-08-23,,Please enter PG expiry date
246,4500001288,ICB/EPSS6/RDF-R/PH/23/23,Rise Global GMBH,Germany,1,7600.0,USD,RDF,,2024-08-23,2024-08-23,,Please enter PG expiry date
245,4500001231,ICB/EPSS6/RDF-R/PH/27/23,Ciron Druga And Pharmaceuticals Pvt Ltd,india,1,67280.0,USD,RDF,,2024-08-22,2024-08-21,,Please enter PG expiry date
244,4500001142,ICB/EPSS6/RDF-R/PH/27/23,Ciron Druga And Pharmaceuticals Pvt Ltd,india,1,13297.14,USD,RDF,,2024-08-21,2024-08-21,,Please enter PG expiry date
243,4500001243,ICB/EPSS6/RDF-R/PH/23/23,Bliss Gvs Phama Limited,india,1,232888.5,USD,RDF,,2024-08-09,2024-08-09,,"-235 | (1,726.41 
USD remaining)"
242,4500001158,ICB/EPSS6/RDF-R/PH/23/23,Galentic Pharma Pvt Ltd,india,1,157297.08,USD,RDF,,2024-08-09,2024-08-09,,Please enter PG expiry date
241,8165/ 4500001286,ICB/EPSS6/RDF-R/PH/23/23,KILICH dRUGS,india,1,5742.94,USD,RDF,,2024-08-09,2024-08-09,,-226
240,7813/ 4500001244,ICB/EPSS6/RDF/MD/ORBH/16/23,Fenway Trading CO Ltd,china,1,176000.0,USD,RDF,,2024-08-07,2024-08-08,,Please enter PG expiry date
239,8102/ 4500000812,ICB/EPSS6/MOH-BMFG-BUFFET-Capital-SDG/FH/ & others/ph/ms/25/23,MLAN Laboratories LTD,india,2,395898.16,USD,SDG,,2024-08-06,2024-08-06,,Please enter PG expiry date
238,008101/ 4500000798,ICB/EPSS6/MOH-BMGF-BUFET-CAPITAL-SDG-FH/&OTHERS/PH/MS/25/23,Bayer AG,finland,1,1705380.0,USD,SDG,,2024-08-06,2024-08-06,,Please enter PG expiry date
237,8109/ 4500000839,ICB/EPSS6/MOH-BMGF-BUFFER-Capital-SDG/FH/&Others/PH/MS/25/23,Uuited pharma(K) limited,Kenya,1,35718.0,USD,SDG,,2024-08-05,2024-08-06,,Please enter PG expiry date
236,4500001139,ICB/EPSS6/RD-R/PH/27/23,Uuited pharma(K) limited,Kenya,1,119168.64,USD,RDF,,2024-08-05,2024-08-06,,-153
235,4500001161,ICB/EPSS6/RDF-R/PH/23/23,Macleods pharmaceuticals ltd,INDIA,1,124378.8,USD,RDF,,2024-08-02,2024-08-05,,Please enter PG expiry date
234,4500001148,ICB/EPSS6/RDF-R/PH/23/23,Reyoung Pharmaceutical,China,1,79350.0,USD,RDF,,2024-08-01,2024-08-01,,Please enter PG expiry date
233,7899/ / 4500001262,ICB/EPSA6/RDF-R/PH/10/21(Refill order from po # 006685 &ICB/Framework/PFSA6/RDF-R/PH/01/19 Refill order from po # 007218),Macleods Pharmaceuticals Ltd.,India,2,109645.89,USD,RDF,,2024-08-01,2024-08-01,,Please enter PG expiry date
232,8112/ / 450000799,ICB/EPSS6/MOH-BMGF-BUFFET-Capital-SDG/FH/&Others/PH/MS/25/23,Rise Global GMBH,Germany,1,92933.75,USD,SDG,,2024-07-31,2024-07-31,,Please enter PG expiry date
231,7870/ / 4500001737,"ICB/EPSA6/RDF-R/PH/13/22
 (refill from PO No: 7540)",Galentic Pharma,India,1,29129.1,USD,RDF,Released,2024-07-31,2024-07-31,,Please enter PG expiry date
230,8117/ / 4500000992,ICB/EPSS6/MOH-BMGF-BUFFET-Capital-SDG/FH/&Others/PH/MS/25/23,SEVATtO PHARMA,India,1,149000.0,USD,SDG,,2024-07-26,2024-07-29,,Please enter PG expiry date
229,8303/4500001099,ICB/PSA6/SDG/PLACEMENT/LR/32/19(Split po from 8176,Abbott GmbH,Germany,1,1447947.29,USD,SDG,,2024-07-26,2024-07-26,,Please enter PG expiry date
228,7953/ / 4500001087,ICB/PSA6/SDG/PLACEMENT/LR/32/19(Split po from 8176),Abbott GmbH,Germany,1,1447947.29,USD,SDG,,2024-07-26,2024-07-26,,Please enter PG expiry date
227,8113/ / 4500000811,ICB/EPSS6/MOH-BMGF-BUFFET-Capital-SDG/FH/&Other/PH/MS/25/23,Pregna International Ltd,India,1,66677.4,USD,SDG,,2024-07-24,2024-07-24,,Please enter PG expiry date
226,8115/ / 4500000795,"ICB/EPSS6/MOH-BMGF-BUFFET-Capital -
SDG/FH/ &Others /PH/MS/25/23",Naari PTE Limited,India,1,737831.36,USD,SDG,,2024-07-23,2024-07-23,,Please enter PG expiry date
225,8110/ / 4500001093,"ICB/EPSS6/MOH-BMGF-BUFFET-Capital -
SDG/FH/ &Others /PH/MS/25/23",Orient International Holding Shanghai,China,1,352091.08,USD,SDG,,2024-07-23,2024-07-23,,Please enter PG expiry date
224,8287/ / 4500001111,ICB/EPSA6/MOH-SDG-STI/MOFED/BUFFET/R4D/PH/04/22(Refil from po 007029,Relier Pharma,"UNITED ARAB
 EMIRATES (THE)",1,73165.63,USD,SDG,,2024-07-22,2024-07-22,,Please enter PG expiry date
223,8174/ / 4500000991,ICB/EPSS6/MOH-BMGF-BUFFET-Capital-SDG/FH/&Other/PH/MS/25/23,Cupid Limited,India,1,240598.8,USD,SDG,,2024-07-18,2024-07-18,,Please enter PG expiry date
222,8230 / 4500001013,ICB/EPSA6/RDF-Routine/MI/21/21/(Split from po 7066 void ),HEBEI PUKANG MEDICAL INSTRUMENTS CO LTD,China,1,29600.0,USD,RDF,,2024-07-17,2024-07-18,,Please enter PG expiry date
221,8229/ / 4500001014,ICB/EPSA6/RDF-Routine/MI/21/21/(Split from po 7066 void ),HEBEI PUKANG MEDICAL INSTRUMENTS CO LTD,China,2,137565.0,USD,RDF,,2024-07-17,2024-07-18,,Please enter PG expiry date
220,8286/ / 4500001004,ICB/EPSA6/MOH-SDG-MOFED/FH/PH/15/22 (REFIL FROM PO 007404),Galentic Pharma,India,1,37349.0,USD,SDG,,2024-07-15,2024-07-18,,Please enter PG expiry date
219,8259/ / 4500000928,ICB/EPSA6/MOH-WB-BUFFET/FH/PH/07/23(Rifell from PO 007967),FDC,India,1,78469.72,USD,SDG,,2024-07-12,2024-07-15,,Please enter PG expiry date
218,8137/ / 4500000933,ICB/EPSS6/RDF-R/PH/23/23,M.J. Biopharm Private Limited,India,2,608304.88,USD,RDF,,2024-07-12,2024-07-12,,Please enter PG expiry date
217,8135/ / 4500000932,ICB/EPSS6/RDF-R/PH/23/23,M.J. Biopharm Private Limited,India,1,1408161.74,USD,RDF,,2024-07-12,2024-07-12,,Please enter PG expiry date
216,8176/ / 4500000953,ICB/PSA6/SDG/PLACEMENT/32/19,Abbott GmbH,Germany,1,2895894.58,USD,SDG,,2024-07-12,2024-07-12,,Please enter PG expiry date
215,8141/ / 4500000966,ICB/EPSS6/RDF-R/PH/23/23,Mission Pharma,Denmark,1,756291.5,USD,RDF,,2024-07-12,2024-07-12,,-23
214,7997 / /4500000952,ICB/Framework/EPSS6/RDF-R/PH/06/23,Rise Global GMBH,Germany,10,207426.67,USD,RDF,,2024-07-12,2024-07-11,,Please enter PG expiry date
213,7994 / /4500000914,ICB/Framework/EPSS6/RDF-R/06/23,Venus Remedies Limited,India,8,120481.19,USD,RDF,,2024-07-11,2024-07-11,,Please enter PG expiry date
212,8241 / /4500000921,ICB/EPSA6/MOH-SDG/FH/15/22 (Refill from PO 007418,FDC,India,1,199996.57,USD,SDG,,2024-07-11,2024-07-11,,Please enter PG expiry date
211,7903/ / 4500000945,"ICB/8EPSS6/MOH/GF-NMIII
/MRDT/LR/24/23/(Refill PO 7788",RAPIGEN INC,"Korea (the 
Republic of)",1,329744.0,USD,SDG,,2024-07-10,2024-07-10,,Please enter PG expiry date
210,7794/ / 4500000944,ICB/EPSS6/MOH/GF-NFMIII/MRDT/24/23,RAPIGEN INC.,"Korea (the 
Republic of)",1,447256.0,USD,SDG,,2024-07-10,2024-07-10,,Please enter PG expiry date
209,7985/ / 4500000862,ICB/Framework/EPSS6/RDF-R/PH/06/23,Khandelwal Laboratories Pvt. Ltd.,India,6,170546.69,USD,RDF,,2024-07-10,2024-07-10,,Please enter PG expiry date
208,8019/ / 4500000882,ICB/Framework/EPSS6/RDF-R/PH/06/23,Khandelwal Laboratories Pvt. Ltd.,India,3,44902.96,USD,RDF,,2024-07-10,2024-07-10,,Please enter PG expiry date
207,8057/ / 4500000880,ICB/Framework/EPSS6/RDF-R/PH/06/23,Novartis Pharma Services AG,Switzerland,1,351600.0,USD,,,2024-07-10,2024-07-10,,Please enter PG expiry date
206,8079/ / 4500000885,ICB/Framework/EPSS6/RDF-R/PH/06/23,Novartis Pharma Services AG,Switzerland,3,24090.0,USD,RDF,,2024-07-10,2024-07-10,,Please enter PG expiry date
205,8080 / /4500000884,ICB/Framework/EPSS6/RDF-R/PH/06/23,Novartis Pharma Services AG,Switzerland,1,78315.0,USD,RDF,,2024-07-10,2024-07-10,,Please enter PG expiry date
204,7995/ / 4500000889,ICB/Framework/EPSS6/RDF-R/PH/06/23,VHB Medi Sciences Limited,India,5,181736.34,USD,RDF,,2024-07-10,2024-07-10,,Please enter PG expiry date
203,8062/ / 4500003311,ICB/Framework/EPSS6/RDF-R/PH/06/23,Hetro Labs Ltd.,India,4,444944.49,USD,RDF,,2024-07-10,2024-07-10,,-411
202,8100/ / 4500000912,EPSA6/RT2/FW/MOH-GF-TB-Kit/PH/01/21,Lupin Limited,I ndia,1,786960.16,USD,SDG,,2024-07-10,2024-07-10,,Please enter PG expiry date
201,8099/ / 4500000907,EPSA6/RT2/FW/MOH-GF-TB-Kit/PH/01/21,Lupin Limited,I ndia,1,786960.16,USD,SDG,,2024-07-10,2024-07-10,,Please enter PG expiry date
200,8134/ / 4500000761,ICB/EPSS6/RDF-R/PH/23/23,M.J Biopharm Private Limited,India,1,1408161.74,USD,RDF,,2024-07-08,2024-07-08,,Please enter PG expiry date
199,8136/ / 4500000930,ICB/EPSS6/RDF-R/PH/23/23,"M,J Biopharm private Limited",India,2,608306.52,USD,RDF,,2024-07-08,2024-07-08,,Please enter PG expiry date
198,8159/ / 4500000868,NCB/EPSS6/RDF-R/PH/04/23,EPHARM,Ethiopia,1,55137761.15,ETB,RDF,,2024-07-08,2024-07-09,,Please enter PG expiry date
197,8155/ / 4500000863,NCB/EPSS6/RDF-R/PH/04/23,EPHARM,Ethiopia,1,9364953.65,ETB,RDF,,2024-07-08,2024-07-09,,Please enter PG expiry date
196,7560,ICB/EPSA6/RDF-R/PH/13/22,Bliss GVS Pharma Ltd.,India,3,121772.53,USD,RDF,,2024-03-12,,,Please enter PG expiry date
195,7807,ICB/PFSA6/SDG/PLACEMENT/LR/32/19,"Immucor Medizinische 
Diagnostik GmbH",Germany,1,32470.05,USD,SDG,,2024-01-24,2024-01-24,,Please enter PG expiry date
194,7800/4500001267,ICB/FW/EPSS6/MOH-GF/MALARIA/PH/14/24,Macleods Pharmaceuticals Ltd.,India,1,455040.0,USD,SDG,,2024-01-19,2024-01-19,,Please enter PG expiry date
193,7804,ICB/FW/EPSS6/MOH-GF/MALARIA/PH/14/23,Macleods Pharmaceuticals Ltd.,India,1,456398.8,USD,GF,,2024-01-19,2024-01-19,,Please enter PG expiry date
192,7802,ICB/FW/EPSS6/MOH-GF/MALARIA/PH/14/23,Macleods Pharmaceuticals Ltd.,India,1,273845.6,USD,GF,,2024-01-19,2024-01-19,,Please enter PG expiry date
191,7801,ICB/FW/EPS6/MOH-GF/Malaria/PH/14/23,Macleods Pharmaceuticals Ltd,india,2,315592.0,USD,SDG,,2024-01-19,2024-01-19,,Please enter PG expiry date
190,7778,ICB/FW/EPSS6/MOH-GF-NFMIII/ARV/PH/20/23,MYLAN Laboratories Ltd.,India,1,105314.64,USD,GF,,2024-01-18,2024-01-18,,Please enter PG expiry date
189,7779,ICB/FW/EPSA6/GF-MOH/NFMIII/ARV/PH/01/23,MYLAN Laboratories Ltd.,India,1,682911.6,USD,GF,,2024-01-18,2024-01-18,,Please enter PG expiry date
188,7788,ICB/EPSS6/MOH/GF-NFMIII/MRDT/24/23,RAPIGEN INC.,"Korea (the 
Republic of)",1,2236280.0,USD,GF,,2024-01-18,2024-01-18,,Please enter PG expiry date
187,7753,ICB/FW/EPSS6/MOH-GF-NFMIIIARV/PH/20/23,Macleods Pharmaceuticals Ltd.,India,1,66764.16,USD,GF,,2024-01-18,2024-01-18,,Please enter PG expiry date
186,7782,ICB/FW/EPSS6/MOH-GF-NFMIIIARV/PH/20/23,Macleods Pharmaceuticals Ltd.,India,1,21370.32,USD,GF,,2024-01-18,2024-01-18,,Please enter PG expiry date
185,7790,ICB/EPSS6/GF&MOF/MS/LR/22/23,Rise Global GMBH,Germany,1,1878.5,USD,GF,,2024-01-16,2024-01-16,,Please enter PG expiry date
184,7775,ICB/EPSA6/RDF-R/PH/13/22,M.J. Biopharm Private Limited,India,1,98390.9,USD,RDF,,2024-01-15,2024-01-15,,Please enter PG expiry date
183,7796,NCB/EPSS6/RDF/ORHB/MD/06/23,Gilando Biomedical Solution Plc,Ethiopia,2,40932000.0,ETB,RDF,,2024-01-09,2024-01-15,,Please enter PG expiry date
182,7797,NCB/EPSS6/RDF/ORHB/MD/06/23,Baroyi General Trading,Ethiopia,1,17490000.0,ETB,RDF,,2024-01-09,2024-01-15,,Please enter PG expiry date
181,7773/4500003313,ICB/EPSA6/RDF-R/PH/13/22,SCOTT EDIL PHARMACIA LTD,India,1,22019.94,USD,RDF,,2024-01-09,2024-01-04,,-153
180,7793,ICB/EPSS6/GF&MOF/MS/LR/22/23,GST Corporation Ltd,India,1,333002.64,USD,Treasury,,2024-01-09,2024-01-04,,Please enter PG expiry date
179,7776,ICB/FW/PSA6/SDG/BLOOD BAG/MS/11/20,Kay & Company,Inda,3,762300.0,USD,SDG,,2024-01-04,2024-01-04,,Please enter PG expiry date
178,7495,ICB/EPSA6/RDF-R/PH/13/22,SCOTT EDIL PHARMACIA LTD,India,1,273494.23,USD,RDF,,2024-01-04,2024-01-04,,Please enter PG expiry date
177,7789,EPSS6/RT2/FW/GF/HIV&S YPHILIS/LR/03/23,SD Biosensor,China,1,,USD,GF,,2024-01-04,2024-01-04,,Please enter PG expiry date
176,7770,ICB/EPSA6/RDF-R/PH/13/22,SCOTT EDIL PHARMACIA LTD,India,1,16889.4,USD,RDF,,2024-01-04,2024-01-04,,Please enter PG expiry date
175,7765,ICB/EPSS6/MOH-GF/NFMIII/OI/PH/19/23,Lupin Limited,I ndia,1,44936.1,USD,GF,,2024-01-04,2024-01-04,,Please enter PG expiry date
174,7774,ICB/EPSA6/RDF-R/PH/13/22,Sansheng Pharmaceutical PLC,Ethiopia,1,125554.65,ETB,RDF,,2024-01-02,2024-01-03,,Please enter PG expiry date
173,7798,ICB/FW/EPSS6/MOH-GF/Malaria/PH/14/23,Ajanta Pharma Ltd.,India,2,473388.0,USD,SDG,,2024-01-02,2024-01-02,,Please enter PG expiry date
172,7799/4500001266,ICB/FW/EPSS6/MOH-GF/Malaria/PH/14/23,Ajanta Pharma Ltd.,India,1,682560.0,USD,SDG,,2024-01-02,2024-01-02,,Please enter PG expiry date
171,7636,"ICB/EPSA6/RDF-R & 
SDG 2015/MS/LS/14/22","RISE IMPORT AND 
EXPORT GMBH",China,2,89739.43,USD,RDF,,2023-12-28,2023-12-29,,Please enter PG expiry date
170,7748,"ICB/EPSA6/MOH-SDG-WB-
BUFFET/FH/PH/07/23",Pregna International Ltd,India,1,90000.0,USD,SDG,,2023-12-28,2023-12-29,,Please enter PG expiry date | Due to Budget Shortage MOH informed us to cancell the PO by letter
169,7758,ICB/EPSS6/RDF-R/MS/15/23,Rise Global GMBH,Germany,1,169829.22,USD,RDF,,2023-12-28,2023-12-29,,Please enter PG expiry date
168,7757,ICB/EPSS6/RDF-R/MS/15/23,"Jiangxi Hongda Medical 
Equipment Group LTD.",China,1,254742.96,USD,RDF,,2023-12-28,2023-12-29,,Please enter PG expiry date
167,7786,"ICB/FW/EPSA6/GF-HAPCO
/NFMIII/ARV/OI/PH/03/22",Micro Labs Limited,India,1,27957.67,USD,GF,,2023-12-28,2023-12-29,,Please enter PG expiry date
166,7784,"ICB/FW/EPSA6/GF-HAPCO
/NFMIII/ARV/OI/PH/03/22",Cipla Ltd.,India,1,13290.0,USD,GF,,2023-12-28,2023-12-29,,Please enter PG expiry date
165,7635/4500002778,"ICB/EPSA6/RDF-R & 
SDG 2015/MS/LS/14/22","RISE IMPORT AND
 EXPORT GMBH",China,4,68647.55,USD,RDF,,2023-12-28,2023-12-29,,-266
164,7632/4500001819,"ICB/EPSA6/RDF-R &
 SDG 2015/MS/LS/14/22","RISE IMPORT AND 
EXPORT GMBH",China,3,55826.1,USD,RDF,,2023-12-28,2023-12-29,,Please enter PG expiry date
163,7633,"ICB/EPSA6/RDF-R & SDG
 2015/MS/LS/14/22","RISE IMPORT AND 
EXPORT GMBH",China,6,518635.3,USD,RDF,,2023-12-28,2023-12-29,,Please enter PG expiry date
162,7780,"ICB/FW/EPSA6/GF-HAPCO
/NFMIII/ARV/OI/PH/03/22",MYLAN Laboratories Ltd.,India,1,8358.0,USD,GF,,2023-12-28,2023-12-29,,Please enter PG expiry date
161,7785,"ICB/FW/EPSA6/GF-HAPCO
/NFMIII/ARV/OI/PH/03/22",Macleods Pharmaceuticals Ltd.,India,1,18639.01,USD,GF,,2023-12-27,2023-12-29,,Please enter PG expiry date
160,7750,"EPSA6/RT2/FW/GF-
HAPCO/HIV-RTK/LR/01/22",Intec Products Inc,China,1,16000.0,USD,GF,,2023-12-27,2023-12-29,,Please enter PG expiry date
159,7697,"ICB/EPSA6/RDF_Routine
/MD/10/22","Jiangsu Saikang Medical Co.,Ltd",China,1,14592.0,USD,RDF,,2023-12-27,,,Please enter PG expiry date
158,7781,"ICB/FW/EPSS6/MOH-
GF-NFMIII/ARV/PH/20/23",EMCURE PARMACEUTICALS Ltd.,India,1,70207.02,USD,GF,,2023-12-27,2023-12-22,,Please enter PG expiry date
157,7752,"EPSA6/RT2/FW/GF-
HAPCO/HIV-RTK/LR/01/22","Trinity Biotech Manufacturing 
Limited",Ireland,1,5010.0,USD,GF,,2023-12-27,2023-12-22,,Please enter PG expiry date
156,7695/4500000946,"ICB/EPSA6/RDF_Routine
/MD/10/22","Shenzhen Comen Medical
 Instruments Co. Ltd.",China,2,349728.9,USD,RDF,,2023-12-27,2023-12-28,,Please enter PG expiry date
155,7713,"ICB/EPSA6/RDF_Routine
/MD/10/22","Shenzhen Comen Medical
 Instruments Co. Ltd.",China,2,662702.6,USD,RDF,,2023-12-27,2023-12-28,,Please enter PG expiry date
154,7716,"ICB/EPSA6/RDF_Routine/
MD/10/22","Jiangsu Saikang Medical Co.,Ltd",China,1,286368.0,USD,RDF,,2023-12-27,2023-12-27,,Please enter PG expiry date
153,7769,ICB/EPSS6/RDF-R/MS/15/23,"Anhui Anyu Latex products Co., Ltd",China,1,299050.5,USD,RDF,,2023-12-25,2023-12-25,,Please enter PG expiry date
152,7760,ICB/EPSS6/RDF-R/MS/15/23,"Ideal Medical Industries Co., LTD",China,1,2861789.88,USD,RDF,,2023-12-21,2023-12-22,,Please enter PG expiry date
151,7759,ICB/EPSS6/RDF-R/MS/15/23,"Ideal Medical Industries Co., LTD",China,1,2861789.88,USD,RDF,,2023-12-21,2023-12-22,,Please enter PG expiry date
150,7787,ICB/FW/EPSA6/GF-HAPCO/NFMIII/AV/OI/PH/03/22,Hetero Labs Limited,India,1,12530.0,USD,GF,,2023-12-21,2023-12-25,,Please enter PG expiry date
149,7783,ICB/FW/EPSA6/GF-MOH/NFMIII/ARV/PH/01/23,Cipla Ltd.,India,1,455271.6,USD,GF,,2023-12-21,2023-12-22,,Please enter PG expiry date
148,7755/4500000813,ICB/EPSS6/RDF-R/MS/15/23,Guilin HBM Health Protections Inc,China,1,4292682.04,USD,RDF,,2023-12-21,2023-12-22,,Please enter PG expiry date
147,7756/4500000760,ICB/EPSS6/RDF-R/MS/15/23,Guilin HBM Health Protections Inc,China,1,4292687.6,USD,RDF,,2023-12-21,2023-12-22,,Please enter PG expiry date
146,7490/450001108,NCB/EPSA6/RDF-R/PH/04/22,Pharmacure,Ethiopia,3,117393560.0,ETB,RDF,,2023-12-21,2023-12-21,,Please enter PG expiry date
145,7777,ICB/FW/EPSS6/MOH-GF/Malaria/FH/14/23,Ajanta Pharma Ltd.,India,1,103896.0,USD,GF,,2023-12-18,2023-12-21,,Please enter PG expiry date
144,7761,ICB/EPSS6/RDF-R/MS/15/23,Siaan International PTE LTD,Singaprore,1,448577.5,USD,RDF,,2023-12-15,2023-12-14,,Please enter PG expiry date
143,7749,ICB/EPSA6/MOH-SDG-WB-BUFFET/FH/PH/07/23,"Humanwell Pharmaceutical
 Ethiopia PLC",Ethiopia,1,100000.0,ETB,RDF,,2023-12-13,2023-12-13,,Please enter PG expiry date
142,7603,EPSA6/RT2/RDF-R/PH/05/22,United Pharma (K) Limited,Kenya,1,6307.28,USD,RDF,,2023-12-13,2023-12-13,,Please enter PG expiry date
141,7630,"ICB/EPSA6/RDF-R& SDG
 2015/MS/LS/14/22",Karex Industries SDN BHD,Malaysia,1,401368.13,USD,SDG,,2023-12-12,2023-12-13,,Please enter PG expiry date
140,7631,"ICB/EPSA6/RDF-R& SDG 
2015/MS/LS/14/22",Wise team FZC,Utd Arab Emir,2,1076768.91,USD,RDF,,2023-12-12,2023-12-13,,Please enter PG expiry date
139,7766,"ICB/FW/EPSS6/MOH-GF-
NFMIII/ARV/PH/20/23",MYLAN Laboratories Ltd.,India,1,650974.68,USD,GF,,2023-12-12,2023-12-13,,Please enter PG expiry date
138,7763,"ICB/EPSS6/GF-CHEM/MS
/LS/09/23",Kay & Company,Inda,1,73920.0,USD,SDG,,2023-12-12,2023-12-13,,Please enter PG expiry date
137,7764,"ICB/EPSS6/GF-CHEM/MS/
LS/09/23",Care Pharma FZ LLC,Utd Arab Emir,1,1394808.48,USD,GF,,2023-12-12,2023-12-13,,Please enter PG expiry date
136,7767,"ICB/FW/EPSS6/MOH-GF-
NFMIII/ARV/PH/20/23",EMCURE PARMACEUTICALS Ltd.,India,1,123776.76,USD,GF,,2023-12-12,2023-12-13,,Please enter PG expiry date
135,7768,"ICB/FW/EPSS6/MOH-GF-
NFMIII/ARV/PH/20/23",EMCURE PARMACEUTICALS Ltd.,India,1,310206.36,USD,GF,,2023-12-12,2023-12-13,,Please enter PG expiry date
134,7746/4500001369,ICB/EPSA6/MOH-SDG-WB-BUFFET/FH/PH/07/23,United Pharma,Kenya,1,189620.0,USD,SDG,,2023-12-12,2023-12-12,,Please enter PG expiry date
133,7771,ICB/EPSA6/MOH-SDG-MOFED/FH/PH/15/22,Relier Pharma,"UNITED ARAB
 EMIRATES (THE)",1,450888.32,USD,SDG,,2023-12-08,2023-12-11,,Please enter PG expiry date
132,7772/4500001365,ICB/EPSA6/MOH-SDG-MOFED/FH/PH/15/22,Relier Pharma,"UNITED ARAB
 EMIRATES (THE)",1,450888.32,USD,SDG,,2023-12-08,2023-12-11,,Please enter PG expiry date
131,7592,ICB/PFSA6/RDF/FW/PLACEMENT/LR/20/28,High Technology Inc,USA,4,88212.54,USD,RDF,,2023-12-08,,,Please enter PG expiry date
130,7593/4500007593,ICB/PFSA6/RDF/FW/PLACEMENT/LR/20/28,High Technology Inc,USA,1,7050.0,USD,RDF,,2023-12-08,,,Please enter PG expiry date
129,7685,ICB/PFSA6/RDF/FW/PLACEMENT/LR/20/18,High Technology Inc,USA,2,7050.0,USD,RDF,,2023-12-08,,,Please enter PG expiry date
128,7298,ICB/Framwork/pfsa6/rdf-r/ph/01/19,Intas Pharmaceutical Ltd.,India,1,279500.0,USD,RDF,,2023-12-08,,,Please enter PG expiry date
127,7602/4500000804,ICB/EPSA6/RDF-Routine/MD/10/22,"Qingdao Haier Biomedical Co., Ltd",China,1,2913.0,USD,RDF,,2023-12-08,,,Please enter PG expiry date
126,7614,EPSA6/RT2/FW/GF-HAPCO/HIV RTK/LR/01/22,Trinity Biotech Manufacturing Limited,Ireland,1,249930.0,USD,GF,,2023-12-08,,,Please enter PG expiry date
125,7604,ICB/EPSA6/RDF-R/PH/09/22,Akriti Pharmaceuticals Pvt. Ltd,India,1,390000.0,USD,RDF,,2023-12-08,,,Please enter PG expiry date
124,7643,ICB/FW/EPSA6/GF-HAPCO/NFMIII/ARV/OI/PH/03/22,Leben,India,2,200184.4,USD,GF,,2023-12-08,,,Please enter PG expiry date
123,7668,ICB/FW/EPSA6/GF-HAPCO/NFMIII/OI/PH/03/22,Micro Labs Limited,India,2,147351.53,USD,GF,,2023-12-08,,,Please enter PG expiry date
122,7634,ICB/EPSA6/SDG-MOH/MD/Maxillo/03/23,Greens Surgical Pvt Ltds,India,1,253210.5,USD,SDG,,2023-12-08,,,Please enter PG expiry date
121,7645,ICB/FW/EPSA6/GF-HAPCO/NFMIII/ARV/OI/PH/03/22,MILAN LABORATORIES (INDIA) PVT.LTD,India,1,248300.0,USD,GF,,2023-12-08,,,Please enter PG expiry date
120,7670,ICB/FW/EPSA6/GF-HAPCO/NFMIII/ARV/OI/PH/03/22,MYLAN Laboratories Ltd.,India,1,9853.0,USD,GF,,2023-12-08,,,Please enter PG expiry date
119,7669,ICB/FW/EPSA6/GF-HAPCO/NFMIII/ARV/OI/PH/03/22,laurus labs limited,India,1,539011.96,USD,GF,,2023-12-08,,,Please enter PG expiry date
1478,7558,ICB/EPSA6/RDF-R/PH/13/22,Humanwell Pharmaceutical Ethiopia PLC,Ethiopia,2,7013430.0,ETB,,,2023-12-07,,,
1477,7513/4500000555,ICB/EPSA6/RDF-R/PH/13/22,Humanwell Pharmaceutical Ethiopia PLC,Ethiopia,3,28676340.0,ETB,,,2023-12-07,,,
1476,7522,ICB/EPSA6/RDF-R/PH/13/22,Humanwell Pharmaceutical Ethiopia PLC,Ethiopia,3,14903795.0,ETB,,,2023-12-07,,,
1475,7535,ICB/EPSA6/RDF-R/PH/13/22,Humanwell Pharmaceutical Ethiopia PLC,Ethiopia,3,10908726.5,ETB,,,2023-12-07,,,
1509,7460,ICB/EPSA6/RDF-R2015/LR/16/22,Follium Pharmaceuticals,Ethiopia,1,5780000.0,ETB,,,2023-12-06,,,
1508,7457,ICB/EPSA6/RDF-R2015/LR/16/22,Follium Pharmaceuticals,Ethiopia,1,1156000.0,ETB,,,2023-12-06,,,
1507,7458,ICB/EPSA6/RDF-R2015/LR/16/22,Follium Pharmaceuticals,Ethiopia,1,1961080.0,ETB,,,2023-12-06,,,
118,7754,ICB/EPSA6/RDFR/2014&2013/Retendereditems/MS/11/21,Guilin HBM Health Protections Inc,China,1,1594371.23,USD,RDF,,2023-12-04,2023-12-12,,Please enter PG expiry date
117,7396,ICB/EPSA6/RDF-Routine/MD/10/22,"Jiangsu Saikang Medical Co.,Ltd",China,1,300960.0,USD,RDF,,2023-12-01,2023-12-25,,Please enter PG expiry date
116,7399/4500002327,ICB/EPSA6/RDF-Routine/MD/10/22,"Shenzhen Comen Medical
 Instruments Co. Ltd.",China,2,1012431.5,USD,Spanish Gov.t,,2023-12-01,,,Please enter PG expiry date
115,7600/4500001714,ICB/PFSA6/RDF/FW/PLACEMENT/LR/20/18,Beckman Coulter,Japan,5,141154.1,USD,RDF,,2023-11-30,2024-06-17,,-327
114,7599/4500001717,ICB/PFSA6/RDF/FW/PLACEMENT/LR/20/18,Beckman Coulter,Japan,5,65371.2,USD,RDF,,2023-11-30,2024-06-17,,-327
113,7737,PSA6/DT/FW/GF/PIMA CD4/ANALYZE/LR/01/20,Abbott Rapid Dx International Ltd.,Ireland,3,223044.0,USD,GF,,2023-11-29,2024-01-19,,Please enter PG expiry date
112,7745/ 4500001481,ICB/EPSA6/MOH-SDG-WB-BUFFET/FH/07/23,Rise Global GMBH,Germany,1,46902.84,USD,SDG,,2023-11-29,,,Please enter PG expiry date
111,7740,ICB/EPSS6/GF-CHEM/MS/LS/09/23,Tagros Chemicals India Ltd.,India,1,3443190.0,USD,GF,,2023-11-29,,,Please enter PG expiry date
110,7682,EPSA6/RT2/FW/GF-HAPCO/HIV RTK/LR/01/22,Intec Products Inc,China,1,2132070.4,USD,GF,,2023-11-24,,,Please enter PG expiry date
109,7684,EPSA6/RT2/FW/GF-HAPCO/HIV RTK/LR/01/22,"Trinity Biotech Manufacturing 
Limited",Ireland,1,455580.0,USD,GF,,2023-11-24,,,Please enter PG expiry date
108,7738,ICB/FW/EPSA6/MOH-GF/Malaraia/PH/14/23,Ajanta Pharma Ltd.,India,2,1251210.6,USD,GF,,2023-11-22,,,Please enter PG expiry date
107,7732/4500001074,ICB/EPSA6/MOH-GF/NFMIII/MRDT/condom/LR/05/23,"Thai Nippon Rubber Industry 
Public Company Limited",Thailand,1,1003200.0,USD,GF,,2023-11-21,,,Please enter PG expiry date
106,7744/0986,ICB/EPSA6/MOH-SDG-MOFED/FH/PH/15/22,WomanCare Global Trading CIC,"United 
Kingdom (the)",2,988777.02,USD,Susan Thompson Buffett Foundation,,2023-11-15,,,Please enter PG expiry date
105,7546,ICB/EPSA6/RDF-R/PH/13/22,Neon Laboratory Ltd.,India,1,14772.0,EUR,RDF,,2023-10-31,,,Please enter PG expiry date
104,7734,EPSA6/RT2/FW/GF-HAPCO/HIV-RTK/LR/01/22,Intec Products Inc,China,1,16000.0,USD,GF,,2023-10-20,,,Please enter PG expiry date
103,7595,ICB/PFSA6/RDF/FW/PLACEMNT/LR/20/18,Fenway Trading Co. Ltd.,"Taiwan 
(province
 of China)",1,72393.49,USD,RDF,,2023-10-08,,,Please enter PG expiry date
102,7587,ICB/EPSA6/RDF-R/PH/13/22,SCOTT EDIL PHARMACIA LTD,India,2,43340.94,USD,RDF,,2023-10-08,,,Please enter PG expiry date
101,7555/4500004106,ICB/EPSA6/RDF-R/PH/13/22,SCOTT EDIL PHARMACIA LTD,India,1,10447.06,USD,RDF,,2023-10-08,,,Please enter PG expiry date
100,7501,ICB/EPSA6/RDF-R/PH/13/22,SCOTT EDIL PHARMACIA LTD,India,2,267097.85,USD,RDF,,2023-10-08,,,Please enter PG expiry date
99,7514,ICB/EPSA6/RDF-R/PH/13/22,SCOTT EDIL PHARMACIA LTD,India,3,167597.91,USD,RDF,,2023-10-08,,,Please enter PG expiry date
98,7515,ICB/EPSA6/RDF-R/PH/13/22,SCOTT EDIL PHARMACIA LTD,India,1,139803.75,USD,RDF,,2023-10-08,,,Please enter PG expiry date
97,7523,ICB/EPSA6/RDF-R/PH/13/22,SCOTT EDIL PHARMACIA LTD,India,5,332511.05,USD,RDF,,2023-10-08,,,Please enter PG expiry date
96,7613,EPSA6/RT2/FW/GF-HAPCO/HIVRTK/LR/01/22,Premier Medical Corporation Pvt.Ltd,India,1,159277.5,USD,GF,,2023-10-08,,,Please enter PG expiry date
1506,7493,ICB/EPSA6/RDF-R/PH/13/22,"M,J Biopharm private Limited",India,1,158635.8,USD,,,2023-10-06,,,
1505,7492,ICB/EPSA6/RDF-R/PH/13/22,"M,J Biopharm private Limited",India,1,925403.05,USD,,,2023-10-06,,,
1504,7491,ICB/EPSA6/RDF-R/PH/13/22,"M,J Biopharm private Limited",India,1,925403.05,USD,,,2023-10-06,,,
1503,7409,ICB/EPSA6/MOH-SDG-MOFED/PH/15/22,Galentic Pharma,India,1,89873.1,USD,,,2023-10-06,,,
1502,7404,ICB/EPSA6/MOH-SDG-MOEFD/FH/15/22,Galentic Pharma,India,1,149396.0,USD,,,2023-10-06,,,
1501,7408,ICB/EPSA6/MOH-SDG-MOFED/FH/PH/15/22,CONNEXI,United States (the),1,2503117.82,USD,,,2023-10-06,,,
1500,7403,ICB/EPSA6/MOH-SDG-MOFED/FH/PH/15/22,CONNEXI,United States (the),1,2199706.88,USD,,,2023-10-06,,,
1499,7498,NCB/EPSA6/RDF-R/PH/04/22,APF,Ethiopia,1,27500200.0,ETB,,,2023-10-06,,,
1498,7497,NCB/EPSA6/RDF-R/PH/04/22,APF,Ethiopia,1,27500220.0,ETB,,,2023-10-06,,,
1497,7476,NCB/EPSA6/RDF-R/PH/04/22,Sansheng Pharmacetical plc,ethiopia,3,9703349.0,ETB,,,2023-10-06,,,
1496,7477,NCB/EPSA6/RDF-R/PH/04/22,Sansheng Pharmaceutical plc,Ethiopia,3,9703349.0,ETB,,,2023-10-06,,,
95,7646,ICB/EPSA6/RDF-R & SDG 2015/MS/LS/14/22,GST Corporation Ltd,India,6,20906.1,USD,RDF,,2023-09-27,,,Please enter PG expiry date
94,7647,ICB/EPSA6/RDF-R & SDG 2015/MS/LS/14/22,GST Corporation Ltd,India,4,245726.5,USD,RDF,,2023-09-27,,,Please enter PG expiry date
93,7655,ICB/EPSA6/RDF-R & SDG 2015/MS/LS/14/22,Avian international (India),India,8,64929.44,USD,RDF,,2023-09-27,,,Please enter PG expiry date
92,7651,ICB/EPSA6/RD-R & SDG 2015/MS/LS/14/22,Avian international (India),India,7,381728.88,USD,RDF,,2023-09-27,,,Please enter PG expiry date
91,7688,ICB/EPSA6/RDF-R& SDG 2015/MS/LS/14/23,Nubenco enterprise INC,"United 
States (the)",1,962602.9,USD,RDF,,2023-09-27,,,Please enter PG expiry date
90,7687,ICB/EPSA6/RDF-R& SDG 2015/MS/LS/14/22,Nubenco enterprise INC,"United 
States (the)",1,962602.9,USD,RDF,,2023-09-27,,,Please enter PG expiry date
89,7654,ICB/EPSA6/RDF-R& SDG 2015/MS/LS/14/22,Nubenco enterprise INC,"United 
States (the)",1,115394.14,USD,RDF,,2023-09-27,,,Please enter PG expiry date
88,7616/4500001070,EPSA6/RT2/RDF-R/PH/05/22,United Pharma,Kenya,4,32860.8,USD,RDF,,2023-09-15,,,Please enter PG expiry date
87,7582/4500000545,ICBEPSA6/RDF-R/PH/13/22,"Humanwell Pharmaceutical
 Ethiopia PLC",Ethiopia,3,10908536.5,ETB,RDF,,2023-09-14,,,Please enter PG expiry date
86,7581,ICB/EPSA6/RDF-R/PH/13/22,"Humanwell Pharmaceutical
 Ethiopia PLC",Ethiopia,3,14903795.0,ETB,RDF,,2023-09-14,,,Please enter PG expiry date
85,7322,ICB/PFSA6/RDF/FW/Placement/LR/20/18,Roche Diagnostics PVT) LTD,South Africa,1,779897.27,USD,RDF,,2023-09-11,2023-11-28,,Please enter PG expiry date
84,7553,ICB/EPSA6/RDF-R/PH/13/22,SCOTT EDIL PHARMACIA LTD,India,1,158334.36,USD,RDF,,2023-09-08,,,Please enter PG expiry date
83,7556,ICB/EPSA6/RDF-R/PH/13/22,Novartis Pharma Services AG,Switzerland,1,263505.36,USD,RDF,,2023-09-08,,,Please enter PG expiry date
82,7524,ICB/EPSA6/FDR-R/PH/13/22,SCOTT EDIL PHARMACIA LTD,India,3,103756.0,USD,RDF,,2023-09-08,,,Please enter PG expiry date
81,7526,ICB/EPSA6/RDF-R/PH/13/22,SCOTT EDIL PHARMACIA LTD,India,2,48999.56,USD,RDF,,2023-09-08,,,Please enter PG expiry date
80,7537,ICB/EPSA6/RDF-R/PH/13/22,SCOTT EDIL PHARMACIA LTD,India,1,136496.57,USD,RDF,,2023-09-08,,,Please enter PG expiry date
79,7564,ICB/EPSA6/RDF-R/PH/13/22,SCOTT EDIL PHARMACIA LTD,India,2,71121.31,USD,RDF,,2023-09-08,,,Please enter PG expiry date
78,7568/4500003165,ICB/EPSA6/RDF-R/PH/13/22,SCOTT EDIL PHARMACIA LTD,India,2,177593.94,USD,RDF,,2023-09-08,,,Please enter PG expiry date
77,7569,ICB/EPSA6/RDF-R/PH/13/22,SCOTT EDIL PHARMACIA LTD,India,2,269388.19,USD,RDF,,2023-09-08,,,Please enter PG expiry date
76,7573,ICB/RPSA6/RDF-R/PH/13/22,SCOTT EDIL PHARMACIA LTD,India,1,3694.6,USD,RDF,,2023-09-08,,,Please enter PG expiry date
75,7617,ICB/EPSA6/RDF-R/PH/10/21,Pil Pharmaceutical Ltd,India,1,67282.05,USD,RDF,,2023-09-06,,,Please enter PG expiry date
74,7609/4500001069,ICB/EPSA6/RDF-R/PH/02/22,SCOTT EDIL PHARMACIA LTD,India,2,80234.29,USD,RDF,,2023-09-05,,,Please enter PG expiry date
73,7610,ICB/EPSA6/RDF-R/PH/02/22,SCOTT EDIL PHARMACIA LTD,India,1,64940.3,USD,RDF,,2023-09-05,,,Please enter PG expiry date
72,7580,ICB/EPSA6/RDF-R/PH/13/22,Sansheng Pharmaceutical PLC,Ethiopia,1,251109.3,ETB,RDF,,2023-09-05,,,Please enter PG expiry date
71,7578/4500000544,ICB/EPSA6/RDF-R/PH/22,"Humanwell Pharmaceutical
 Ethiopia PLC",Ethiopia,3,28675740.0,ETB,RDF,,2023-09-04,,,Please enter PG expiry date
70,7637,ICB/EPSA6/RDF-R & SDG 2015/MS/LS/14/22,Medplus (India) limited,India,1,582862.0,USD,RDF,,2023-09-04,,,Please enter PG expiry date
69,7663,"ICB/EPSA6/RDF-R & SDG
 2015/MS/LS/14/22",Medplus (India) limited,India,2,352597.7,USD,RDF,,2023-09-04,,,Please enter PG expiry date
68,7083,ICBPSA6/RDF/CT&MRI/MI/25/19,Elsmed Healthcare Solutions Ltd.,Tikva Israel,1,460000.0,USD,RDF,,2023-09-04,,,Please enter PG expiry date
67,7618,ICB/EPSA6/RDF-R/PH/10/21(Refill order form (006852&006762),SCOTT EDIL PHARMACIA LTD,India,2,127624.51,USD,RDF,,2023-09-04,,,Please enter PG expiry date
66,7615,EPSA6/RT2/RDF-R/PH/05/22(Refill order from 007109),Beta Drugs Limited,india,1,27636.5,USD,RDF,,2023-09-04,,,Please enter PG expiry date
65,7642,ICB/EPSA6/RDF-R& SDG 2015/MS/LS/14/22,Jiangsu Hongda medical equipment group LTD,China,1,29323.2,USD,RDF,,2023-09-01,,,Please enter PG expiry date
64,7619,ICB/EPSA6/RDF-R/PH/10/21(Refill order form (006770),Medicamen Biotech Limited,India,1,77510.4,USD,RDF,,2023-09-01,,,Please enter PG expiry date
63,7607,ICB/EPSA6/RDF-R/PH/13/22/(Refill order from PO;007493,M.J. Biopharm Private Limited,India,1,39658.95,USD,RDF,,2023-09-01,,,Please enter PG expiry date
62,7653,ICB/EPSA6/RDF-R& SDG 2015/MS/LS/14/22,"Medtrue enterprise co., Ltd",China,1,15990.0,USD,SDG,,2023-09-01,,,Please enter PG expiry date
61,7730,ICB/EPSA6/RDF-R& SDG 2015/MS/LS/14/22,"Medtrue enterprise co., Ltd",China,1,85519.9,USD,RDF,,2023-09-01,,,Please enter PG expiry date
60,7652,ICB/EPSA6/RDF-R& SDG 2015/MS/LS/14/22,"Medtrue enterprise co., Ltd",China,1,85519.9,USD,RDF,,2023-09-01,,,Please enter PG expiry date
59,7659/4500004161,ICB/EPSA6/RDF-R & SDG 2015/MS/LS/14/22,"Guizhou tedia medical instruments Co., Ltd",China,2,507670.64,USD,RDF,,2023-09-01,,,Please enter PG expiry date
58,7658,ICB/EPSA6/RDF-R&SDG 2015/MS/LS/14/22,"Guizhou tedia medical 
instruments Co., Ltd",China,2,74839.9,USD,RDF,,2023-09-01,,,Please enter PG expiry date
57,7640,ICB/EPSA6/RDF-R&SDG 2015/MS/LS/14/22,Healthium Medtech Pvt. Ltd.,India,6,268225.7,USD,RDF,,2023-08-29,,,Please enter PG expiry date
56,7641/4500001071,ICB/EPSA6/RDF-R&SDG2015/MS/LS/14/22,Healthium Medtech Pvt. Ltd.,India,4,240130.08,USD,RDF,,2023-08-29,,,Please enter PG expiry date
55,7623,ICB/FW/EPSA6/GF-HAPCO/NFMIII/ARV/OI/PH/03/22,Cipla Ltd.,India,1,47172.5,USD,GF,,2023-08-29,,,Please enter PG expiry date
54,7629,ICB/EPSA6/RDF-R& SDG 2015/MS/LS/14/22,Citotest Labware Manufacturing Co.LTD,China,3,13108.01,USD,RDF,,2023-08-28,,,Please enter PG expiry date
53,7712,ICB/EPSA6/RDF-R& SDG 2015/MS/LS/14/22,Apothecaries Sundries Mfg Co.,India,1,263754.75,USD,Treasury,,2023-08-28,,,Please enter PG expiry date
52,7628,ICB/EPSA6/RDF-R& SDG 2015/MS/LS/14/22,Apothecaries Sundries Mfg Co.,India,1,6774.24,USD,RDF,,2023-08-28,,,Please enter PG expiry date
51,7679,ICB/FW/EPSA6/GF-MOH/NFMIII/ARV/PH/01/23,Macleods Pharmaceuticals Ltd.,India,1,62104.0,USD,GF,,2023-08-28,,,Please enter PG expiry date
50,7611,EPSA6/RT2/FW/GF-HAPCO/HIV RTK/LR/01/22,Intec Products Inc,China,1,1888588.8,USD,GF,,2023-08-28,,,Please enter PG expiry date
49,7711,ICB/EPSA6/RDF-R& SDG 2015/MS/LS/14/22,Apothecaries Sundries Mfg Co.,India,1,161730.45,USD,RDF,,2023-08-25,,,Please enter PG expiry date
48,7625,ICB/EPSA6/MOH-GF/OI/NFMIII/PH/04/23,Macleods Pharmaceuticals Ltd.,India,2,46792.5,USD,GF,,2023-08-25,,,Please enter PG expiry date
47,7626,ICB/EPSA6/MOH-GF/IO/NFMIII/PH/04/23,Macleods Pharmaceuticals Ltd.,India,1,888480.75,USD,GF,,2023-08-25,,,Please enter PG expiry date
46,7678,ICBFW/EPSA6/GF-MOH/NFMIII/ARV/PH/01/23,Cipla Ltd,India,1,5617441.2,USD,GF,,2023-08-25,,,Please enter PG expiry date
45,7680,ICB/FW/EPSA6/GF-MOH/NFMIII/ARV/PH/01/23,Macleods Pharmaceuticals Ltd.,India,1,176020.77,USD,GF,,2023-08-25,,,Please enter PG expiry date
44,7692,ICB/FW/EPSA6/GF-MOH/NFMIII/ARV/PH/01/23,MYLAN Laboratories Ltd.,India,1,52788.0,USD,GF,,2023-08-24,,,Please enter PG expiry date
43,7672,ICB/FW/EPSA6/GF-HAPCO/NFMIII/ARV/OI/PH/03/22,MYLAN Laboratories Ltd.,India,1,63525.0,USD,GF,,2023-08-24,,,"Please enter PG expiry date | 8243/4500002093 returned to tender 
Changed"
42,7718,ICB/FW/EPSA6/GF-HAPCO/NFMIII/ARV/OI/PH/03/22,MILAN LABORATORIES (INDIA) PVT.LTD,India,1,199800.0,USD,GF,,2023-08-24,,,Please enter PG expiry date
41,7709,ICB/FW/EPSA6/GF-HAPCO/NFMIII/ARV/OI/PH/03/22,Leben,India,2,163517.56,USD,GF,,2023-08-24,,,Please enter PG expiry date
40,7690,ICB/EPSA6/MOH-SDG-MOFED/FH/PH/15/22,Bayer AG,finland,1,3409520.0,USD,SDG,,2023-08-24,,,Please enter PG expiry date
39,7612,ICB/EPSA6/RDF-R/PH/02/22,Medicamen Biotech Limited,India,1,82243.2,USD,RDF,,2023-08-24,,,Please enter PG expiry date
38,7677,ICB/FW/EPSA6/GF-MOH/NFMIII/ARV/PH/01/23,Hetero Labs Limited,India,2,335310.12,USD,GF,,2023-08-22,2023-12-22,,Please enter PG expiry date
37,7585,ICB/EPSA6/MOF&SDG/LLINS/MS/02/23,Tianjin Yorkool International,China,1,600400.74,USD,SDG,,2023-08-21,,,Please enter PG expiry date
36,7583,ICB/EPSA6/MOF&SDG/LLINS/MS/02/23,Tianjin Yorkool International,China,1,466139.5,USD,Treasury,,2023-08-21,,,Please enter PG expiry date
35,7676,ICB/FW/EPSA6/GF-MOH/NFMIII/ARV/PH/01/23,MYLAN Laboratories Ltd,India,2,8519322.0,USD,GF,,2023-08-18,,,Please enter PG expiry date
34,7601,ICB/PFSA6/RDF/FW/PLACEMENT/LR/20/18,Elsmed Healthcare Solutions Ltd.,Tikva Israel,2,19370.0,USD,RDF,,2023-08-18,,,Please enter PG expiry date
33,7666,ICB/FW/EPSA6/GF-HAPCO/NFMIII/ARV/OI/03/22,Hetero Labs Limited,India,1,95291.0,USD,GF,,2023-08-18,,,Please enter PG expiry date
32,7362,ICB/PFSA6/RDF/FW/PLACEMENT/LR/20/18,"Philosys Co.,Ltd","Korea (the 
Republic of)",2,94050.0,USD,RDF,Fully Delivered,2023-08-18,,,
31,7596,ICB/PFSA6/RDF/FW/PLACEMENT/LR/20/18,"Philosys Co.,Ltd","Korea (the 
Republic of)",1,98259.45,USD,RDF,,2023-08-18,,,Please enter PG expiry date
30,7489/4500000833,NCB/EPSA6/RDF-R/PH/04/22,Pharmacure,Ethiopia,3,117393785.0,ETB,RDF,,2023-08-17,,,Please enter PG expiry date
29,7644,ICB/FW/EPSA6/GF-HAPCO/NFMIII/ARV/OI/PH/03/22,Unique Pharmaceutical Laboratories,India,1,23096.36,USD,GF,,2023-08-17,,,Please enter PG expiry date
28,7675,ICB/FW/EPSA6/GF-HAPCO/NFMIII/ARV/OI/PH/03/22,Unique Pharmaceutical Laboratories,India,1,20211.8,USD,GF,,2023-08-17,,,Please enter PG expiry date
27,7605,ICB/EPSA6/RDF-R/PH/13/22,Ciron Drugs and Pharmaceuticals PVT Ltd,India,1,7154.6,USD,RDF,,2023-08-17,,,Please enter PG expiry date
26,7681,ICB/FW/EPSA6/GF-HAPCO/NFMIII/ARV/OI/PH/03/22,Macleods Pharmaceuticals Ltd.,India,1,2156047.84,USD,GF,,2023-08-17,,,Please enter PG expiry date
25,7667,ICB/FW/EPSA6/GF-HAPCO/NFMIII/ARV/OI/PH/03/22,Macleods Pharmaceuticals Ltd.,India,2,235576.27,USD,GF,,2023-08-17,,,Please enter PG expiry date
24,7624,ICB/FW/EPSA6/GF-HAPCO/NFMIII/ARV/OI/PH/03/22,Macleods Pharmaceuticals Ltd.,India,1,1033696.98,USD,GF,,2023-08-17,,,Please enter PG expiry date
23,7622,ICB/FW/EPSA6/GF-HAPCO/NFMIII/ARV/OI/PH/03/22,"Shanghai Desano Bio-Pharmaceutical Co., Ltd.",China,1,292638.48,USD,GF,,2023-08-17,,,Please enter PG expiry date
22,7665,ICB/FW/EPSA6/GF-HAPCO/NFMIII/ARV/OI/PH/03/22,Hetero Labs Limited,India,1,258425.6,USD,GF,,2023-08-17,,,Please enter PG expiry date
21,7664,ICB/FW/EPSA6/GF-HAPCO/NFMIII/ARV/OI/PH/03/22,Hetero Labs Limited,India,1,147805.0,USD,GF,,2023-08-17,,,Please enter PG expiry date
20,7691,EPSA6/RT2/FW/MOH-GF-TB-Kit/PH/01/21,Lupin,Mumbai India,1,605634.64,USD,GF,,2023-08-17,,,Please enter PG expiry date
19,7693,EPSA6/RT2/FW/MOH-GF-TB-Kit/PH/01/21,Macleods Pharmaceuticals Ltd.,India,1,908425.52,USD,GF,,2023-08-17,,,Please enter PG expiry date
18,7388,NCB/EPSA6/RDF-R/LR/MS/05/22,"Adama Development P.L.C. 
NazMed Medical Textiles",Ethiopia,1,275427369.0,ETB,RDF,,2023-08-17,,,Please enter PG expiry date
17,7657,ICB/EPSA6/RDF-R/PH/10/21,Novartis Pharma Services AG,Switzerland,1,40584.06,USD,RDF,,2023-08-14,,,Please enter PG expiry date
16,7620,ICB/EPSA6/MOH-GF/OI/NFMIII/PH/04/23,Leben Laboratories Pvt.Ltd,India,1,26705.6,USD,GF,,2023-08-07,,,Please enter PG expiry date
15,7671,"ICB/FW/EPSA6/GF-HAPCO/
NFMIII/ARV/OI/03/22",MYLAN Laboratories Ltd,India,2,1329062.89,USD,GF,,2023-08-04,,,Please enter PG expiry date
14,7598,ICB/PFSA6/RDF/FW/PLACEMENT/LR/20/18,Elsmed Healthcare Solutions Ltd.,Tikva Israel,4,447810.6,USD,RDF,,2023-07-28,,,Please enter PG expiry date
13,7591,ICB/PFSA6/RDF/FW/PLACEMNET/LR/20/18,Elsmed Healthcare Solutions Ltd.,Tikva Israel,1,1041316.73,USD,RDF,,2023-07-28,,,Please enter PG expiry date
12,7594,ICB/PFSA6/RDF/FW/PLACEMENT/LR/20/18,Sysmex Europe SE,Norderstedt Germany,4,224794.03,EUR,RDF,,2023-07-28,,,Please enter PG expiry date
11,7597/4500001167,ICB/PFSA6/RDF/FW/PLACEMENT/LR/20/18,Sysmex Europe SE,Norderstedt Germany,5,13656.72,EUR,RDF,,2023-07-28,,,Please enter PG expiry date
10,7447,ICB/EPSA68RDF-R2015/LR/16/22,"Hangzhou Alltest Biotech CO., LTD",CHINA,1,47967.5,USD,RDF,,2023-07-27,,,Please enter PG expiry date
9,7561,ICB/EPSA6/RDF-R/PH/13/22,Beximco Pharmaceuticals Ltd,Bangladesh,1,521819.8,USD,RDF,,2023-07-27,,,Please enter PG expiry date
8,7400,ICB/EPSA6/RDF-Routine/MD/10/22,Adonai Trading FZE,"United Arab
 Emirates (the)",1,1489065.12,EUR,RDF,,2023-07-25,,,Please enter PG expiry date
7,7411,ICB/IPSA6/RDF-Rotine/MD/10/22,Adonai Trading FZE,"United Arab
 Emirates (the)",1,102326.4,USD,RDF,,2023-07-25,,,Please enter PG expiry date
1471,7434,ICB/EPSA6/MOH-SDG-MOFED/FH/15/22,Reller Pharma,United Arab emirates (the),1,901776.64,USD,,,2023-07-17,,,
1464,7549,ICB/EPSA6/RDF-R/PH/13/22,Orient International Holding Sanghai,China,1,29493.22,USD,,,2023-07-17,,,
1472,7539,ICB/EPSA6/EDF-R/PH/13/22,Serum Institute of India pvt Ltd.,India,1,98962.5,USD,,,2023-07-14,,,
1470,7528,ICB/EPSA6/RDF-R/PH/13/22,Brawn Laboratories Ltd,India,3,39234.96,USD,,,2023-07-14,,,
1469,7496,ICB/EPSA6/RDF-R/PH/13/22,Brawn Laboratories Ltd,India,1,84771.0,USD,,,2023-07-14,,,
1468,7521,ICB/EPSA6/RDF-R/PH/13/22,Brawn Laboratories Ltd,India,1,62228.38,USD,,,2023-07-14,,,
1467,7519,ICB/EPSA6/RDF-R/PH/13/22,Brawn Laboratories Ltd.,India,4,414191.4,USD,,,2023-07-14,,,
1466,7552,ICB/EPSA6/RDF-R/PH/13/22,Brawn Laboratories ltd,India,2,273901.82,USD,,,2023-07-14,,,
1465,7536,ICB/EPSA6/RDF-R/PH/13/22,Ningbo Inopha Biotec ltd,China,1,75541.76,USD,,,2023-07-14,,,
1489,7554,ICB/EPSA6/RDF-R/PH/13/22,Medicamen Biotech Limited,India,1,27841.8,USD,,,2023-07-13,,,
1488,7543,ICB/EPSA6/RDF-R/PH/13/22,Medicamen Biotech Limited,India,1,247512.75,USD,,,2023-07-13,,,
1487,7504,ICB/EPSA/RDF-R/PH/13/22,Medicamen Biotech Limited,India,1,536026.92,USD,,,2023-07-13,,,
1486,7530,ICB/EPSA6/RDF-R/PH/13/22,Medicamen Biotech Limited,India,1,1193341.3,USD,,,2023-07-13,,,
1485,7542/4500002552,ICB/EPSA6/RDF-R/PH/13/22,Medicamen Biotech Limited,India,2,130791.43,USD,RDF,,2023-07-13,,,
1484,7550,ICB/EPSA6/RDF-R/PH/13/22,Pinnacle Life Science pvt Ltd,India,2,826260.51,USD,,,2023-07-13,,,
1483,7562,ICB/EPSA6/RDF-R/PH/13/22,Bafna Pharmaceuticals Ltd,India,1,114483.0,USD,,,2023-07-13,,,
1482,7527,ICB/EPSA6/RDF-R/PH/13/22,Bafna Pharmaceuticals Ltd,India,1,7563.3,USD,,,2023-07-13,,,
1481,7570,ICB/EPSA6/RDF-R/PH/13/22,Bafna Pharmaceuticals Ltd,India,2,18391.2,USD,,,2023-07-13,,,
1480,7548,ICB/EPSA6/RDF-R/PH/13/22,Bafna Pharmaceuticals Ltd,India,1,110138.6,USD,,,2023-07-13,,,
1479,7520,ICB/EPSA6/RDF-R/PH/13/22,Bafna Pharmaceuticals Ltd.,India,3,35503.3,USD,,,2023-07-13,,,
1474,7517,ICB/EPSA6/RDF-R/PH/13/22,Macleods Pharmaceuticals,India,1,48472.02,USD,,,2023-07-13,,,
1473,7532/4500002551,ICB/EPSA6/RDF-R/PH/13/22,Mission Parma,Denmark,1,97848.0,USD,,,2023-07-13,,,
1543,7566,ICB/EPSA6/RDF-R/PH13/22,Sansheng Pharmaceutical PLC,Ethiopia,1,251109.3,ETB,,,2023-07-07,,,
1495,7533,ICB/EPSA6/RDF-R/PH/13/22,Neon Laboratory Ltd.,India,2,8805.6,EUR,,,2023-07-07,,,
1494,7565,ICB/EPSA6/RDF-R/PH/13/22,Neon Laboratory Ltd.,India,1,43819.2,EUR,,,2023-07-07,,,
1492,7516,ICB/EPSA6/RDF-R/PH/13/22,VHB Medi Sciences Limited,India,1,29750.0,USD,,,2023-07-07,,,
1491,7452/1633,ICB/EPSA6/RDF-R2015/LR/16/22,Intec Products Inc,China,2,184483.2,USD,RDF,,2023-07-07,,,
1490,7571,ICB/EPSA6/RDF-R/PH/13/22,VHB Medi Sciences Limited,India,1,23189.66,USD,,,2023-07-07,,,
1542,7572/4500005839,ICB/EPSA6/RDF-R/PH/13/22,United Pharma (K) Limited,Kenya,2,60296.0,USD,,,2023-07-04,,,
1541,7502,ICB/EPSA6/RDF-R/PH/13/22,United Pharma (K) Limited,Kenya,1,22230.0,USD,,,2023-07-04,,,
1540,7576,ICB/EPSA6/RDF-R/PH/13/22,REMEDICA LTD,CYPRUS,2,180084.46,USD,,,2023-07-04,,,
1539,7518/4500000988,ICB/EPSA6/RDF-R/PH/13/22,Theon Pharmaceuticals,India,2,207229.42,USD,,,2023-07-04,,,
1538,7575,ICB/EPSA6/RDF-R/PH/13/22,REMEDICA LTD,CYPRUS,1,83293.2,USD,,,2023-07-04,,,
1537,7509,ICB/EPSA6/RDF-R/PH/13/22,IND-SWIFT LTD,India,1,35736.0,USD,,,2023-07-04,,,
1536,7525/4500002548,ICB/EPSA6/RDF-R/PH/13/22,IND-SWIFT LTD,India,1,9388.75,USD,,,2023-07-04,,,
6,7410,ICB/EPSA6/RDF-Routine/MD/10/22,Beeveejay Limited,,1,6267.0,EUR,RDF,,2023-07-04,,,Please enter PG expiry date
5,7401/4500000775,ICB/EPSA6/RDF-Routine/MD/10/22,"Qingdao Haier Biomedical Co., Ltd",China,1,11652.0,USD,RDF,,2023-07-04,,,Please enter PG expiry date
4,7425,EPSS6/DT/RDF-Paulos/Roche/LR/25/22,Roche Diagonstic(Pty) Ltd,South Africa,1,69634.87,USD,RDF,,2023-07-04,,,Please enter PG expiry date
1534,7482,NCB/EPSA6/RDF-R/PH/04/22,Humanwell Pharmaceutical Ethiopia PLC,Ethiopia,4,41318904.8,ETB,,,2023-06-30,,,
1533,7484,NCB/EPSA6/RDF-R/PH/04/22,Humanwell Pharmaceutical Ethiopia PLC,Ethiopia,4,102636951.5,ETB,,,2023-06-30,,,
1532,7484/4500000630,NCB/EPSA6/RDF-R/PH/04/22,Humanwell Pharmaceutical Ethiopia PLC,Ethiopia,4,23473871.0,ETB,,,2023-06-30,,,
1530,7472,NCB/EPSA6/RDF-R/PH/04/22,Humanwell Pharmaceutical Ethiopia PLC,Ethiopia,4,102637221.5,ETB,,,2023-06-30,,,
1529,7474,NCB/EPSA6/RDF-R/PH/04/22,Humanwell Pharmaceutical Ethiopia PLC,Ethiopia,4,8280710.0,ETB,,,2023-06-30,,,
1528,7483,NCB/EPSA6/RDF-R/PH/04/22,Humanwell Pharmaceutical Ethiopia PLC,Ethiopia,4,41318623.2,ETB,,,2023-06-30,,,
1527,7475,NCB/EPSA6/RDF-R/PH/04/22,Humanwell Pharmaceutical Ethiopia PLC,Ethiopia,4,8280660.0,ETB,,,2023-06-30,,,
1526,7487/4500000632,NCB/EPSA6/RDF-R/PH/04/22,Humanwell Pharmaceutical Ethiopia PLC,Ethiopia,3,82288490.0,ETB,,,2023-06-30,,,
1525,7485/4500000711,NCB/EPSA6/RDF-R/PH/04/22,Humanwell Pharmaceutical Ethiopia PLC,Ethiopia,4,23473671.0,ETB,,,2023-06-30,,,
1524,7577/4500001064,ICB/EPSA6/RDF-R/PH/13/22,Hetero Labs Limited,India,1,124950.0,USD,,,2023-06-30,,,
1523,7540,ICB/EPSA6/RDF-R/PH13/22,Glentic Pharma,India,1,29129.1,USD,,,2023-06-30,,,
1521,7538,ICB/EPSA6/RDF-R/PH/13/22,the SAY Pharma Drug Store LLC,United Arab Emirates (the),1,262783.5,USD,,,2023-06-29,,,
1520,7541,ICB/EPSA6/RDF-Routine/MD/10/22,Adonai Trading FZE,"United Arab
 Emirates (the)",1,239800.0,USD,,,2023-06-29,,,
1522,7445/4500000873,ICB/EPSA6/RDF-R2015/LR/16/22,Wise team FZC,Utd Arab Emir,1,2392.02,USD,,,2023-06-26,,,
1511,7465,ICB/PFSA6/FW/BB-Reagents/sdg/lr/20/19,Beijing Wantai Biological Pharmacy Enterorise Co.Ltd,china,1,120000.0,USD,,,2023-06-24,,,
1510,7418,ICB/EPSA6/MOH-SDG-MOFED/FH/PH/15/22,FDC,India,1,799986.88,USD,,,2023-06-24,,,
1518,7456,ICB/EPSA6/RDF-R2015/LR16/22,Shiv DIAL sud and sons,India,3,356790.39,USD,,,2023-06-20,,,
1517,7448,ICB/EPSA6/RDF-R2015/LR/16/22,Shiv DIAL sud and sons,India,1,7243.2,USD,,,2023-06-20,,,
1516,7453,ICB/EPSA6/RDF-R2015/LR/16/22,Connexi,United States (the),5,142228.32,USD,,,2023-06-15,,,
1515,7432,ICB/EPSA6/MOH-SDG-MOFED/FH/PH/15/22,Womancare Global Trading CIC,United Kingdom (the),2,2310000.0,USD,,,2023-06-15,,,
1514,7471,ICB/EPSA6/MOH-SDG-MOFED/FH/PH/15/22,Womancare Global trading CIC,United Kingdom (the),2,990000.0,USD,,,2023-06-15,,,
1513,7470,ICB/EPSA6/MOH-SDG-MOFED/FH/15/22,Womancare Global trading CIC,United Kingdom (the),2,1091845.92,USD,,,2023-06-15,,,
1519,7449,ICB/EPSA6/RDF-R2015/LR/16/22,Shiv DIAL sud and Sons,india,2,13414.8,USD,,,2023-06-14,,,
1463,7368,ICB/PFSA6/RDF/FW/Placement/LR/20/18,Roche Diagonstic(Pty) Ltd,South Africa,129,831434.78,USD,,,2023-06-09,,,
1462,7412/4500001077,ICB/EPSA6/MOH-SDG-MOFED/FH/15/22,Hexagon Nutrition (International) PVT LTD),India,1,617730.98,USD,,,2023-06-08,2023-06-09,,
1461,7427,ICB/FW/EPSA6/GF-HAPCO/NFMIII/ARV/OI/PH/03/22,Cipla ltd,India,1,488997.0,USD,,,2023-06-06,2023-06-07,,
1460,7428,ICB/FW/EPSA6/GF-HAPCO/NFMIII/ARV/OI/PH/03/22,Hetero Labs Limited,India,1,39696.09,USD,,,2023-06-06,2023-06-07,,
1458,7433,ICB/EPSA6/RDF-ROUTINE/MI/21/21,Zaman project management,"United Arab 
Emirates (the)",1,69520.56,USD,,,2023-06-05,2023-06-06,,
1457,7431,ICB/EPSA6/RDF-ROUTINE/MI/21/21,Zaman project management,"United Arab 
Emirates (the)",1,1094948.82,USD,,,2023-06-05,2023-06-06,,
1448,7366,ICB/EPSA6/RDF-R/LR/MS/05/22,NASSA chemicals PLC,Ethiopia,2,117184.0,ETB,RDF,,2023-06-01,2023-06-02,,
1447,7381,ICB/EPSA6/RDF-R/PH/13/22,Humanwell Pharmaceutical Ethiopia PLC,Ethiopia,1,1247850.0,ETB,RDF,,2023-06-01,2023-06-06,,
1362,7106,ICBPSA6/2013/REQUETTTEMS/MS/LS/16/20,Jiangxi Hongda Medical  Equipment Group LTD.,CHINA,3,267862.0,,RDF,,2023-06-01,,,
1450,7374,ICB/EPSA6/RDF-R/PH/13/22,HUMANWELL PHARMACEUTICAL,Ethiopia,1,1247850.0,ETB,RDF,,2023-05-30,2023-05-31,,
1449,7464,ICB/FW/EPSA6/GF-HAPCO/NFMIII/ARV/OI/03/22,laurus labs limited,India,1,258952.14,USD,GF,,2023-05-30,2023-05-31,,
1455,7356,EPSA/DT/SDG/ABV&HCV/VL/Abbot/LR/22/22,Abbott GmbH,Germany,13,136319.43,USD,SDG,,2023-05-29,2023-05-29,,
1454,7429,ICB/FW/EPSA6/GF*HAPCO/NFMIII/ARV/OI/PH/03/22,laurus labs limited,India,1,172638.34,USD,GF,,2023-05-29,2023-05-29,,
1453,7417,ICB/EPSA6/MOH-SDG-MOFED/FH/PH/15/22,Naari PTE Limited,India,1,139772.8,USD,SDG,,2023-05-29,2023-05-29,,
1452,7451,ICB/EPSA6/RDF-R2015/LR/16/22,Kay & Company,Inda,2,121070.16,USD,GF,,2023-05-29,2023-05-30,,
1451,7450,ICB/EPSA6/RDF-R2015/LR/16/22,Kay & Company,Inda,3,68103.0,USD,RDF,,2023-05-29,2023-05-30,,
1446,7413,ICB/EPSA6/MOH-SDG-MOFED/FH/PH/15/22,Medicamen Biotech Limited,India,2,286877.19,USD,SDG,,2023-05-29,2023-05-29,,
1445,7416,ICB/EPSA6/MOH-SDG-MOFED/FH/PH/15/22,SCOTT EDIL PHARMACIA LTD,India,2,355131.57,USD,SDG,,2023-05-29,2023-05-29,,
1444,7441,ICB/PFSA6/RDF/FW/PLACEMENT/LR/20/18,Elsmed Healthcare Solutions Ltd.,Tikva Israel,4,256351.96,,RDF,,2023-05-27,2023-05-29,,
1443,7341,ICB/PFSA6/RDF/FW/PLACEMENT/LR/20/18,Elsmed Healthcare Solutions Ltd.,Tikva Israel,1,13844.82,,RDF,,2023-05-27,2023-05-29,,
1442,7462,ICB/FW/EPSA6/GF-HAPCO/NFMIII/ARV/OI/PH/03/22,MYLAN Laboratories Ltd.,India,1,155684.08,,GF,,2023-05-27,2023-05-29,,
1441,7463,ICB/FW/EPSA6/GF-HAPCO/NFMIII/ARV/OI/PH/03/22,MYLAN Laboratories Ltd.,India,1,431597.64,,GF,,2023-05-27,2023-05-29,,
1512,7390/4500000598,NCB/EPSA6/RDF-R/LR/MS/05/22,Adama development P.L.C NazMed Medical Textiles,Ethiopia,1,275427369.0,ETB,,,2023-05-26,2024-01-29,,
1459,7358/4500001464,EPSA6/DT/SDG/HBV&HCV/VL-Abbott/LR/22/22,ABBOTT GmbH,Germany,24,52112.71,USD,,,2023-05-25,2023-05-29,,
1456,7283,ICB/PFSA6/SDG/PLACEMENT/LR/32/19,Immucor Medizinische Diagnostik GmbH,United States (the),44,464876.32,USD,SDG,,2023-05-25,,,
1440,7281/4500001366,ICB/PFSA6/SDG/PLACEMENT/LR/32/19,Immucor Medizinische Diagnostik GmbH,United States (the),12,93268.16,USD,SDG,,2023-05-25,2023-05-26,,
1439,7282,ICB/PFSA6/SDG/PLACEMENT/LR/32/19,Immucor Medizinische  Diagnostik GmbH,Germany,12,93372.36,,SDG,,2023-05-25,,,
1438,7419,ICB/EPSA6/MOH-SDG-MOFED/FH/PH/15/22,Mission Pharma,Denmark,1,501918.48,,SDG,,2023-05-25,2025-04-07,,
1436,7336,NBC/EPSA6/RDF-R/PH/04/22,Pharmacure,Ethiopia,1,22000000.0,ETB,RDF,,2023-05-25,2025-04-07,,
1435,7360,NBC/EPSA6/RDF-R/PH/04/22,Pharmacure,Ethiopia,1,23000000.0,ETB,RDF,,2023-05-25,2023-05-26,,
1434,7365,NCB/EPSA6/RDF-R/LR/MS/05/22,Life Care Pharmaceuticals Trading,Ethiopia,2,31012450.74,ETB,RDF,,2023-05-25,2025-04-07,,
1437,7459,ICB/Framework/pfsa6/RDF-R/PH/01/19,Gulf Pharmaceutics Industry,united Arab Emirayes (the),1,38025.0,,RDF,,2023-05-24,2025-04-07,,
1433,7372,ICB/EPSA6/RDF-R/PH/13/22,REMEDICA LTD,CYPRUS,1,164486.82,,RDF,,2023-05-24,2025-04-07,,
1432,7405,ICB/EPSA6/MOH-SDG-MOFED/FH/PH/15/22,MYLAN Laboratories Ltd.,India,2,144202.0,,Treasury,,2023-05-23,2023-05-23,,
1431,7426,ICB/FW/EPSA6/GF-HAPCO/NFMII/ARV/OI/PH/03/22,Aurobindo Pharma,India,2,931399.1,,GF,,2023-05-23,2023-05-23,,
1430,7227,ICB/EPSA6/MOH-SDG-MOFE/FH/PH/15/2023,United pharma,India,1,137108.4,,,,2023-05-23,,,
1429,7443,ICB/FRAMEWORK/PFSA6/RDF-R/PH/01/19,Strides Pharma Science Limited,India,1,32500.0,,RDF,,2023-05-19,2023-05-22,,
1428,7363,ICB/PSA6/SDG-GF-MNCH&STI/PH/18/19,FDC,India,1,2513.28,,SDG,,2023-05-19,2023-05-22,,
1427,7422,ICB/EPSA6/MOH-SDG-MOFED/FH/PH/15/22,Ningbo Inopha Biotec Ltd,China,1,141984.72,,SDG,,2023-05-18,2023-05-19,,
1426,7369,ICB/EPSA6/RDF-R/PH/13/22,Leben Laboratories Pvt.Ltd,India,1,187075.2,,RDF,,2023-05-18,2023-05-19,,
1425,7414,ICB/EPSA6/MOH-SDG-MOFED/FH/PH/15/22,Ningbo Inopha Biotec Ltd,China,2,81157.58,,SDG,,2023-05-18,2023-05-19,,
1424,7370,ICB/EPSA6/RDF-R/PH/13/22,Leben Laboratories Pvt.Ltd,India,1,15443.95,,RDF,,2023-05-18,2023-05-19,,
1423,7375,ICB/EPSA6/RDF-R/PH/13/22,Unique Pharmaceutical Laboratories,India,1,164285.74,,RDF,,2023-05-18,2023-05-19,,
1422,7373,ICB/EPSA6/RDF-R/PH/13/22,Bafna Pharmaceuticals Ltd.,India,1,5500.44,,RDF,,2023-05-18,2023-05-19,,
1421,7380,ICB/EPSA6/RDF-R/PH/13/22,Macleods Pharmaceuticals Ltd.,India,1,352772.77,,RDF,,2023-05-18,2023-05-19,,
1420,7393,ICB/EPSA6/MOH-SDG-MOFED/FH/PH/15/22,Medopharm Pvt.ltd,India,1,33987.33,,SDG,,2023-05-17,2023-05-17,,
1418,7338,ICB/EPSA6/RDF-R/PH/10/21,Medochemie Ltd.,Cyprus,1,169179.92,,RDF,,2023-05-15,,,
1417,7339,ICB/EPSA6/RDF-R/PH/10/21,Medochemie Ltd.,Cyprus,1,169179.92,,RDF,,2023-05-15,,,
1413,7420,ICB/FW/EPSA6/GF-HAPCO/NFMIII/ARV/OI/PH/03/22,MYLAN Laboratories Ltd.,India,3,1686800.96,,GF,,2023-05-11,,,
1412,7423,ICB/FW/EPSA6/GF-HAPCO/NFMIII/ARV/OI/PH/03/22,MYLAN Laboratories Ltd.,India,4,1078119.59,,GF,,2023-05-11,,,
1411,7134,ICB/EPSA6/RDF-Routine/MI/21/21,Zaman Project Management,UAE,1,1164469.38,,RDF,,2023-05-10,,,
1410,7136,ICB/EPSA6/RDF-Routine/MI/21/21,Zaman Project Management,UAE,1,268600.0,,RDF,,2023-05-10,,,
1409,7387,ICB/EPSA6/RDF-R/PH/13/22,SCOTT EDIL PHARMACIA LTD,India,1,5112.0,,RDF,,2023-05-09,,,
1408,7385,ICB/EPSA6/RDF-R/PH/12/22,SCOTT EDIL PHARMACIA LTD,India,1,37049.16,,RDF,,2023-05-09,,,
1407,7386,ICB/EPSA6/RDF-R/PH/13/22,SCOTT EDIL PHARMACIA LTD,India,1,37047.28,,RDF,,2023-05-09,,,
1406,7379,ICB/EPSA6/RDF-R/PH/13/22,SCOTT EDIL PHARMACIA LTD,India,1,721063.76,,RDF,,2023-05-09,,,
1405,7382,ICB/EPSA6/RDF-R/PH/13/22,SCOTT EDIL PHARMACIA LTD,India,3,96271.02,,RDF,,2023-05-09,,,
1404,7378,ICB/EPSA6/RDF-R/PH/13/22,SCOTT EDIL PHARMACIA LTD,India,2,20073.76,,RDF,,2023-05-09,,,
1403,7384,ICB/EPSA6/RDF-R/PH/13/22,Medicamen Biotech Limited,India,2,82665.83,,RDF,,2023-05-09,,,
1402,7377,ICB/EPSA6/RDF-R/PH/13/22,Medicamen Biotech Limited,India,1,295649.33,,RDF,,2023-05-09,,,
1400,7311,ICB/FRAMEWORK/PFSA6/RDF-R/PH/01/20,Novartis Pharma Services AG,Switzerland,1,462715.84,,RDF,,2023-05-09,,,
1399,7312,ICB/FRAMEWORK/PFSA6/RDF-R/PH/01/19,Novartis Pharma Services AG,Switzerland,1,462714.84,,RDF,,2023-05-08,,,
1398,7394,ICB/EPSA6/MOH-SDG-MOFED/PH/15/22,Ciron Drugs and Pharmaceuticals  PVT Ltd,India,1,14898.0,,SDG,,2023-05-08,,,
1397,7383,ICB/EPSA6/RDF-R/PH/13/22,Brawn Laboratories Ltd.,India,2,323286.08,,RDF,,2023-05-04,,,
1396,7391,ICB/EPSA6/RDF-R/PH/13/22,Brawn Laboratories Ltd.,India,1,47311.74,,RDF,,2023-05-04,,,
1395,7392,ICB/EPSA6/RDF-R/PH/13/22,M.J. Biopharm Private Limited,India,1,393561.9,,RDF,,2023-05-04,,,
1415,7367,NCB/EPSA6/RDF-R/MS/05/22,Queens,Ethiopia,1,2960859.0,ETB,RDF,,2023-05-02,,,
1401,7389,NCB/EPSA6/RDF-R/MS/05/22,FOLLIUM tRADING OLC,Ethiopia,1,761625.0,ETB,RDF,,2023-05-02,,,
1385,7329,PSA6/DT/FW/PIMA CD4/Analyzer/LR/01/20,Abbott Rapid Dx International Ltd.,Ireland,3,222396.0,,,,2023-04-20,,,
1388,7344,ICB/PSA6/FW/BB-Reagents/SDG/LR/20/19,Dialab Production,Neudorf Australia,1,47760.0,,SDG,,2023-04-19,,,
1387,7346,ICB/PSA6/FW/BB-Reagents/SDG/LR/20/19,Beijing Wantai Biological Pharmacy Enterprise Co. Ltd.,CHINA,2,96000.0,,SDG,,2023-04-19,,,
1384,7354/4500000759,ICB/PSA6/RDF/CT&MRI/MI/25/19,BOSTON MEDICAL FZE,Utd.Arab Emir,1,760000.0,,RDF,,2023-04-19,,,
1383,7337,ICB/FRAMEWORK/PFSA6/RDF-R/PH/01/19,Macleods Pharmaceuticals Ltd.,India,1,36423.56,,RDF,,2023-04-13,,,
3,7621,ICB/EPSA6/MOH-GF/OI/NFMIII/PH/04/23,Medicamen Biotech Limited,India,2,59712.46,USD,GF,,2023-04-08,,,Please enter PG expiry date
1382,7207,ICB/FRAMEWORK/PFSA6/RDF-R/PH/01/19,Cadila Health Care,India,1,385221.5,,RDF,,2023-03-30,,,
1381,7211,ICB/PFSA6/RDF/FW/LR/04/2019,"Hangzhou Alltest Biotech CO., LTD",CHINA,1,559257.6,,RDF,,2023-03-24,,,
1419,7327,ICB/FW/EPSA6/GF-HAPCO/NFMIII/ARV/OI/PH/03/22,Macleods Pharmaceuticals Ltd.,India,3,947380.97,,GF,,2023-03-22,,,
1380,7217,ICB/Frramework/PFSA6/RDF-R/PH/01/19,Macleods Pharmaceuticals Ltd.,India,1,445231.73,,RDF,,2023-03-21,,,
1379,7219,ICB/FRAMEWORK/PFSA6/RDF-R/PH/01/19,F. Hoffmann-La Roche Ltd.,Switzerland,1,443385.0,,RDF,,2023-03-21,,,
1378,7270,ICB/FRAMEWORK/PFSA6/RDF-R/PH/01/19,MSN Laboratories Private Limited,India,1,95663.25,,RDF,,2023-03-21,,,
1377,7277,ICB/FRAMEWORK/PFSA6/RDF-R/PH/01/19,Unique Pharmaceuticals,India,1,66528.0,,RDF,,2023-03-21,,,
1375,7151,ICB/Framework/PFSA6/RDF-R/PH/01/19,Mission Pharma,Denmark,1,80000.0,,SDG,,2023-03-21,,,
1374,7189,ICB/FRAMWORK/PFSA6/RDF-R/PH/01/19,Mission Pharma,Denmark,1,189077.96,,RDF,,2023-03-17,,,
1373,7203,ICB/FRAMEWORK/PFSA6/RDF-R/PH/01/19,Galentic Pharma,India,1,229337.87,,RDF,,2023-03-17,,,
1372,7246,ICB/EPSA6/GF/LR/0822,Kay & Company,Inda,1,187571.16,,RDF,,2023-03-17,,,
1371,7315,ICB/PSFA6/RDF/FW/PLACEMENT/LR/20/18,"Philosys Co.,Ltd","Korea (the 
Republic of)",1,98259.45,,RDF,,2023-03-17,,,
1370,7079,ICB/EPSA6/RDF-Routine/MI/21/21,Mission Pharma,Denmark,1,79360.0,,RDF,,2023-03-17,,,
1369,7316,ICB/PSFA6/RDF/FW/PLACEMENT/LR/20/18,Gez Chemical & Pharmaceuticals PLC,CHINA,1,65949.0,,RDF,,2023-03-07,,,
1493,6771,ICB/EPSA6/RDF-R/PH/10/21,Medochemie Ltd,Cyprus,2,570514.14,USD,,,2023-03-05,,,
1394,7275,ICB/FRAMEWORK/PFSA6/RDF-R/01/19,Sandoz Pharmaceuticals d.d,Slovenia,1,533513.0,,RDF,,2023-03-05,,,
1386,7255,ICB/EPSA6/SDG/GF-HAPCO/NFMILL/ARV/OI/Covid/19/ph/11/22,Macleods Pharmaceuticals Ltd.,India,1,77744.21,,GF,,2023-02-21,,,
1368,7300/4500002013,ICB/FRAMWORK/PFSA6/RDF-R/PH/01/19,Sunrise International Labs Ltd,India,1,46242.6,USD,RDF,,2023-02-10,,,
2,7440,ICB/EPSA6/MOH-SDG/Spare part /md/21/22,"Guangdong Biolight Meditech Co., Ltd",China,1,,USD,SDG,,2023-02-08,,,Please enter PG expiry date
1,7506,CB/EPSA6/RDF-R/PH/13/22,SCOTT EDIL PHARMACIA LTD,India,3,33671.04,USD,RDF,,2023-02-08,,,Please enter PG expiry date
1393,7273,ICB/FRAMEWORK/PFSA6/RDF-R/01/19,SANDOZ PHARMACEUTICALS,Slovenia,1,13984.0,,RDF,,2023-02-05,,,
1392,7276,ICB/FRAMEWRK/PFSA6/RDF-R/PH/01/19,Sandoz Pharmaceuticals d.d,Slovenia,1,54250.0,,RDF,,2023-02-05,,,
1391,7342,ICB/PFSA6/RDF/FW/PLACEMENT/LR/20/18,Sysmex Europe SE,Norderstedt Germany,4,173979.05,,RDF,,2023-02-05,,,
1390,7345,ICB/PSA6/FW/BB-Reagents/SDG/LR/20/19,Kay & Company,Inda,1,48208.0,,SDG,,2023-02-05,,,
1389,7343,ICB/PFSA6/RDF/FW/PLACEMENT/LR/20/18,Sysmex Europe SE,Norderstedt Germany,4,12678.3,,RDF,,2023-02-05,,,
1366,7127,EPSA6/DT/RDF/MS/09/22,Healthium Medtech Pvt. Ltd.,India,8,279125.0,,RDF,,2023-01-18,,,
1367,7248,ICB/EPSA6/GF/LR/08/22,Apothecaries Sundries Mfg Co.,India,2,122135.9,,GF,,2023-01-05,,,
1361,7214,ICB/EPSA6/RDF-R/PH/02/22/REFILL,CSPC Zhongnuo Pharmaceutical Co. Ltd.,CHINA,1,769019.1,,RDF,,2022-12-29,,,
1360,7215,ICB/EPSA6/RDF-R/PH/02/22/REFILL,SCOTT EDIL PHARMACIA LTD,India,1,158871.6,,RDF,,2022-12-29,,,
1359,7239,ICB/EPSA6/RDF-R/PH/09/23,Akriti Pharmaceuticals Pvt. Ltd,India,1,520000.07,,RDF,,2022-12-29,,,
1358,7238,ICB/EPSA6/RDF-R/PH/09/22,Akriti Pharmaceuticals Pvt. Ltd,India,1,520000.07,,RDF,,2022-12-29,,,
1352,7228,ICB/EPSA6/RDF-R/PH/09/22,THESAY PHARMA DRUG STORE,India,1,256140.0,USD,RDF,,2022-12-29,,,
1350,7235,ICB/FRAMEWORK/PFSA6/RDF-R/PH/01/19,Reyoung pharmaceutical,China,1,96240.4,USD,RDF,,2022-12-29,,,
1349,7168/4500002228,ICB/FRAMEWORK/PFSA6/RDF-R/PH/01/19,Hetro Labs Ltd.,India,1,8074.89,USD,RDF,,2022-12-29,,,Amended agrement
1348,7193,ICB/EPSA6/GFNFMIII&SDG/MALECONDOM/12/22,Karex Industries SDN BHD,Malaysia,1,393724.55,USD,SDG,,2022-12-29,,,007284 returned totender Changed
1344,7099,ICB/FW/EPSA6/GF-AHPCO/NFMIII/ARV/OI/PH/03/22,Hetro Labs Ltd.,India,1,43667.0,USD,GF,,2022-12-29,,,"006223 returned to 
tender Changed 
8276/4500002164 
& 8277/4500002581"
1342,7198,ICB/FRAMEWORK/PFSA6/RDF-R/PH/01/19,Kilitch Drugs,India,1,105854.35,USD,RDF,,2022-12-29,,,"7196 returned to tender 
Changed"
1357,7201,ICB/FRAMEWORK/PFSA6/RDF-R/PH/01/29,Galentic Pharma,India,1,91247.31,USD,RDF,,2022-12-28,,,
1356,7195/4500004126,ICB/FRAMEWORK/PFSA6/RDF-R/PH/01/19,M/S. GALENTIC PHARMA,India,1,85032.82,USD,RDF,,2022-12-28,,,
1355,7230,ICB/EPSA6/RDF-R/PH/09/22,SCOTT EDIL PHARMACIA LTD,India,1,793868.4,USD,RDF,,2022-12-28,,,
1354,7226,ICB/EPSA6/RDF-R/PH/09/22,BRAWN LABORATORIES,India,1,48186.6,USD,RDF,,2022-12-28,,,
1353,7234,ICB/EPSA6/RDF-R/PH/09/22,INNOVA CAPTAB Limited,India,1,123901.7,USD,RDF,,2022-12-28,,,
1351,7229,ICB/EPSA6/RDF-R/PH/09/22,Medicamen Biotech Limited,India,1,212236.18,USD,RDF,,2022-12-28,,,
1347,7210,ICB/EPSA6/GFNFMIII&SDG/MALECONDOM/12/22,Karex Industries SDN BHD,Malaysia,1,1766628.0,USD,GF,,2022-12-28,,,007303 returned totender Changed
1346,7205,ICB/FRAMEWORK/PFSA6/RDF-R/PH/01/19,,India,1,113778.73,USD,RDF,,2022-12-28,,,007066 returned totender Changed  008229 & 008230
1345,7208,ICB/FRAMEWORK/PFSA6/RDF-R/PH/01/19,Bliss GVS Pharma Ltd.,India,1,106341.75,USD,RDF,,2022-12-28,,,"007172returned to 
tender Changed"
1363,7114,ICB/PFSA6/RDF/FW/PLACEMENT/LR/20/18,HIGH TECHNOLOGY INC,United   states   (the),4,64328.52,,RDF,,2022-11-20,,,
1365,7044,ICB/FW/EPSA6/GF-HAPPCO/NFMIII/ARV/OI/PH/03/22,MILAN LABORATORIES (INDIA) PVT.LTD,India,2,177299.8,,GF,,2022-10-21,,,
1364,7043,ICB/FW/EPSA6/GF-HAPCO/NFMIII/ARV/OI/PH/03/22,Leben,India,2,102546.04,,RDF,,2022-10-21,,,
1341,7078,ICB/EPSA6/RDF-Routine/MI/21/21,Medical Export Group,China,1,164926.44,USD,RDF,,2022-09-22,,,"8283/4500002093 returned to tender 
Changed"
1376,6929,ICB/Framwwork/PFSA6/RDF-R/PH/01/19,NOVARTIS PHARMA SERVICES,Switzerland,1,463600.0,,RDF,,2022-03-21,,,

