,,,,,,,,,,,,,,,,,,,,,,,,,,,,,,,,,,,,,
,,,,,COMPREHENSIVE PHARMACEUTICAL PROCUREMENT CONTRACT MANAGEMENT FOLLOW UP SHEET,,,,,,,,,,,Performance Guarantee follow up & Status,,,,,,,,,,,,Bank and Insurance Team,,,,,Shipment Follow Up and Port Clearance Team,,,Remark,
S.N,Recevied date from TMD,Tender reference number,PO No,Supplier,Country of Origin,Local A.,Discription of the product,Unit,Qauntity,Unit Price,Total price,Total PO Amount,Currency,Budget Source,Mode of Shipment,PO Transferred to BIT/LT Date,PG Requested Date,PG received Date,PG Confirmed Date,Bank/Insurance Name,PG Reference ,PG Expiry Date,Remaining Days for PG Expiry,Submit PG,Status,Satus Date,PG Receiver name,BI Officer,LC Opening Status,LC Opened Date,LC Expiry Date,LC Age (Days),Shipment Officer,Shipment Status,Order Closure,,
1,7/9/2025,EPSA-ICB-G-008-2017-BID,4500004787,Care pharma FZ LLC,Utd Arab Emir,Life care pharmaceutical trading,Laboratory Supplies - cover slides rectangular size 22x22 mm thickness 0.13 mm of 100 pieces,PAC,"39,017",0.29,"11,314.93","108,730.93",USD,RDF,,7/11/2025,7/22/2025,9/19/2025,9/19/2025,Awash Bank,AA00041827,9/16/2026,176,59,Released,3/24/2026,Jibril Ali,Dejene,Opened,10/1/2025,12/29/2025,290,Amanuel,Full Delivered,,,
,,,,,,,Laboratory Supplies - Microscope slides size 27x75 mm thickness 1.2mm frosted of 50 slides,PAC,"147,600",0.66,"97,416.00",,,,,,,,,,,,,,,,,,,,,,,,,,
3,7/10/2025,EPSA-ICB-G-0062-2017-BID,4500004632,Tenama International FZ-LLC,Utd.Arab Ermir,Tenama International FZ-LLC,Permethrine 0.05 - Cream of 30gm,TIN,"734,754",0.23,"168,993.42","168,993.42",USD,RTI-NTD,,7/25/2025,7/29/2025,8/13/2025,8/19/2025,Awash Bank,AA00041812,8/11/2026,24,15,Confiscated,,,Dejene,Opened,9/2/2025,11/30/2025,319,Hirkisa,"3,651.02 USD remain",,PG Confiscated due to not fully delivered,
4,7/10/2025,EPSA-ICB-G-0062-2017-BID,4500004637,Tenama International FZ-LLC,Utd.Arab Ermir,Life care Pharmaceutical Trading ,Permethrine 0.05 - Cream of 30gm,TIN,"257,015",0.23,"59,113.45","59,113.45",USD,MOF,,8/18/2025,8/19/2025,10/28/2025,10/29/2025,Awash Bank,AB/IFB/CRM&OP/0710/25,10/22/2026,96,70,,,,Dejene,Opened,11/6/2025,2/3/2026,254,Efa,"Not fully delivered, and USD 322.23 is missing from the FOB value due to production loss",,"not fully delivered, and USD 322.23 is missing from the FOB value due to production loss",
5,7/10/2025,EPSA-ICB-G-0062-2017-BID,4500004605,RISE GLOBAL GMBH,Germany,EMA Construction & Trading PLC,Ivermectin - 3mg - Tablet of 500,TIN,"15,577",12.48,"194,400.96","194,400.96",USD,SDG,Sea,7/16/2025,7/16/2025,7/22/2025,7/23/2025,Berhan Bank,BrB/ATB/435/25,9/23/2026,67,6,,,,Mahider,Opened,8/13/2025,11/10/2025,339,Hirkisa,"9,297.06 USD Remain",,,
6,7/10/2025,EPSA-ICB-G-0062-2017-BID,4500004608,RISE GLOBAL GMBH,Germany,EMA Construction & Trading PLC,Prednisolone - 5mg - Tablet of 1000,TIN,"3,300",4.79,"15,807.00","81,614.04",USD,SDG,Sea,8/10/2025,7/10/2025,8/22/2025,8/22/2025,Berhan Bank,BrB/ATB/433/25,9/23/2026,208,43,Released,2/27/2026,Israel,Mulugeta,Opened,8/13/2025,11/10/2025,339,Hirkisa,Full Delivered,,,
,,,,,,,Ivermectin - 3mg - Tablet of 500,TIN,"5,273",12.48,"65,807.04",,,,,,,,,,,,,,,,,,,,,,,,,,
7,7/10/2025,ICB/FW/EPSS6/MOH-GF-Malaria/PH/14/23,4500005223,Macleods pharmaceuticals Ltd.,India,MACLEODS PHARMACEUTICALS LTD,Artemether + Lumefanthrine - 20mg +120mg (6x2) - Tablet (Dispersible) of 30,PAC,"8,412",11.1,"93,373.20","1,087,572.40",USD,GF,Sea,9/24/2025,7/30/2025,8/20/2025,8/21/2025,Awash Bank,AA00043772,8/31/2026,44,21,,,,Mulugeta,Opened,10/17/2025,1/14/2026,274,Sagni,12 PAC  170.80 USD  Remain,,,
,,,,,,,Artemether + Lumefanthrine - 20mg +120mg (6x2) - Tablet (Dispersible) of 30,PAC,"62,924",15.8,"994,199.20",,,,,,,,,,,,,,,,,,,,,,,,,,
8,7/10/2025,ICB-G-0061-2017-BID,4500004651,Brassica PharmaPvt Ltd,india,Leyet General Trading PLC,Tetracycline Eye Ointment of 4gm,TU,"1,406,254",1.09,"1,532,816.86","153,281.69",USD,GF,,8/10/2025,7/10/2025,8/15/2025,8/19/2025,Awash Bank,AA00043780,9/30/2026,74,36,,,,Mulugeta,Opened,9/6/2025,11/4/2025,315,Hirkisa,Full Delivered,,,
9,7/11/2025,ICB-EPSS6-SDG and RDF/RDF-MD/19/24,4500004558,"Shenzhen Comen Medical Instrumnt Co.,Ltd",China,"Shenzhen Comen Medical Instrumnt Co.,Ltd",Anesthesia machine - with Patiet monitor,EA,18,"13,480.00","242,640.00","242,640.00",USD,SDG,,8/10/2025,12/29/2025,4/8/2025,4/11/2025,Awash Bank,AA00043759,7/15/2026,-3,-265,,,,Mulugeta,Opened,9/3/2025,12/1/2025,318,,Full Delivered,,,
10,7/11/2025,ICB/EPSS6/SDG and RDF/MD/19/24,4500006018,"Shenzhen Comen Medical Instrumnt Co.,Ltd",China,Target pharma PLC, ECG Machine -12 Channel,EA,50,880,"44,000.00","44,000.00",USD,RDF,,10/6/2025,10/8/2025,10/27/2025,10/27/2025,Awash Bank,AA00044445,10/9/2026,83,19,,,,Mulugeta,Opened,11/7/2025,2/5/2026,LC Expired,Abush,,,,
11,7/21/2025,ICB/EPSS6/RDF-R/MS/15/23,4500005760,Gullin HBM healthprotection INC,China,Lifecare PharmaceuticalTrading,Glove surgicallatexpowder free sterileno 7.5 of 50 pairs,PAC,"386,103",55.59,"21,463,465.77","21,463,465.77",USD,RDF,,7/14/2025,7/21/2025,9/9/2025,9/13/2025,CBE,MD252414381,8/10/2026,23,50,,,,Abdulfetah,,10/2/2025,3/28/2026,289,,"2,835.09 USD Remain",,LC extended,
12,7/21/2025,EPSA-ICB-G-0008-2017-BID,4500004783,Rise Global Gmbh,Germany,EMA constraction and trading PLC,Serology Proteus OC-19 Antigen 5mlof 5ml,VI,"10,732",1.4,"15,024.80","15,024.80",USD,RDF,Air,7/14/2025,7/21/2025,7/22/2025,7/25/2025,Birhan Bank,BrB/ATB/434/25,7/16/2026,-2,1,,,,Selamawit,Opened,8/18/2025,11/15/2025,334,Amanuel,Full Delivered,,,
13,7/21/2025,ICB/EPSS6/RDF-R/PH/27/23,4500006020,Orient INt. Holding shanghai rongheng,China,ZAF PharmaceuticalPLC,Tetracycline 1% Eye Ointment of 4gm,TU,"1,944,096",0.11,"213,850.56","213,850.56",USD,RDF,,6/11/2025,7/21/2025,7/22/2025,7/23/2025,Awash bank,AA00042124,7/21/2026,3,1,,,,Dejene,Opened,9/1/2025,11/29/2025,320,Semira,Full Delivered,,,
14,7/21/2025,ICB/EPSS6/SDG and RDF/MD/19/24,4500004560,"Shenzhen Lanmage Medical Techno.,Ltd",China,B W B Trading PLC,"X-Ray - Radiography, Digital",EA,10,"54,999.00","549,990.00","549,990.00",USD,SDG,,7/22/2025,7/22/2025,8/1/2025, NM,Awash bank,AA00043764,7/31/2026,13,10,,,,Gebresillassei,Opened,8/12/2025,11/9/2025,340,Abush,Full Delivered,,,
15,7/21/2025,EPSA-NCB-G-0073-2017(PT:30%70%),4500004474,Pharmacure PLC,Ethiopia,Pharmacure PLC,Dextrose - 10% Solution- Intravenous Infusion with IV |Set of 250ml,BAG,"336,300",123.19,"41,428,797.00","105,866,259.60",ETB,SDG-Local,Truck,8/4/2025,,7/11/2025,7/21/2025,Nyala Insurance S.C,NIC/CSCE/PBND/097238/25,5/16/2027,302,ENTER DATE,,,,No LC needed,,,,,Eyob,Cleared to WH,,,
,,,,,,,Dextrose 5% in Ringer lactate - of 250 ml,BAG,"114,000",124.91,"14,239,740.00",,,,,,,,,,,,,,,,,,,,,,,,,,
,,,,,,,Dextrose in Normal Saline - (10% in 0.3%) - Intravenous Infusion with IV Set of 250 ml,BAG,"304,380",123.17,"37,490,484.60",,,,,,,,,,,,,,,,,,,,,,,,,,
,,,,,,,Dextrose 5% in 0.9% Normal saline wiyh 20meq/l of KCL - of 500ml,SDG,"4,560",130,"592,800.00",,,,,,,,,,,,,,,,,,,,,,,,,,
,,,,,,,Dextrose in Normal Saline - (5% in 0.45%) - Intravenous Infusion with IV Set of 250 ml,SDG,"57,000",130,"7,410,000.00",,,,,,,,,,,,,,,,,,,,,,,,,,
,,,,,,,Hypertonic saline (Nacl 3%) - of 250 ml,SDG,"22,800",130,"2,964,000.00",,,,,,,,,,,,,,,,,,,,,,,,,,
,,,,,,,Sodium Chloride (Normal Saline) - 0.009 - Intravenous Infusion,SDG,"17,100",101.78,"1,740,438.00",,,,,,,,,,,,,,,,,,,,,,,,,,
16,7/21/2025,EPSA-ICB-G-0010-2017-BID,4500002915,Tenama International FZ-LLC,Utd.Arab Emir,Life Care Pharmaceuticals Trading,IUCD - IUCD (Intrauterine Contraceptive Device) - Long acting (CU380A)-,PC,"339,876",4.35,"1,478,460.60","1,478,460.60",USD,STBF,Sea,8/18/2025,8/18/2025,8/29/2025,9/2/2025,Awash Bank,AA00041818,8/28/2026,203,11,Released,2/6/2026,Jibrili Ali,Dejene,Opened,10/6/2025,1/4/2026,285,Hirkisa,Full Delivered,,,
17,7/21/2025,EPSA-NCB-G-0043-2017-BID/LOT-2,4500005946,Sa-med plc,Ethiopia,Sa-med plc,Cannula Intravenous Set - 24G of 100 pieces,PAC,"24,271","1,445.00","35,071,595.00","67,411,035.00",ETB,RDF-Local,Truck,8/22/2025,7/24/2025,7/22/2025,7/27/2026,National Insurance Company of Ethiopia S.C,SA-MED PRIVATE Limimted,7/27/2026,9,-2,,,,,Local,,,"46,221",Hirkisa,,,Not Delivering ,
,,,,,,,Cannula Intravenous Set - 18G of 100 pieces,PAC,"27,176","1,190.00","32,339,440.00",,,,,,,,,,,,,,,,,,,,,,,,,,
18,7/21/2025,EPSA-NCB-G-0043-2017-BID/LOT-1,4500005936,Sa-med plc,Ethiopia,Sa-med plc,Cannula Intravenous Set - 24G of 100 pieces,PAC,"24,271","1,445.00","35,071,595.00","67,411,035.00",ETB,RDF-Local,Truck,7/22/2025,7/24/2025,7/22/2025,7/27/2026,National Insurance Company of Ethiopia S.C,SA-MED PRIVATE Limimted,7/27/2026,9,ENTER DATE,,,,,Local,,,"46,221",Hirkisa,,,Not Delivering ,
,,,,,,,Cannula Intravenous Set - 18G of 100 pieces,PAC,"27,176","1,190.00","32,339,440.00",,,,,,,,,,,,,,,,,,,,,,,,,,
19,7/22/2025,ICB/EPSS6/RDF-R 2016/MS/LS/12/23,4500006025,Medico (Huaian) Co.Ltd,China,Woyn Chemicals G.B PLC,Cat Gut Chromic - Gauge 5.0(1) 75cm on 48 mm 1/2 circle Round Bodied Needle of 12 Pieces,DZ,"11,081",2,"22,162.00","22,162.00",USD,RDF,,8/12/2025,8/12/2025,8/20/2025,8/20/2025,Berhan Bank S.C,BRIB/MK/982/25,8/18/2026,31,8,,,,Gebresillassei,Opened,9/1/2025,11/29/2025,320,,6 USD Remain,,3 DZ  6.0 USD Remain,
20,7/22/2025,EPSA-NCB-G-0069-2017-BID,4500005947,Novel Industria group,Ethiopia,Novel Industria group,Chemical-Ultrasound gel with plastic holder bag - 5 Liter,JAR,"18,171",1.1,"19,988.10","19,988.10",ETB,RDF-Local,,7/24/2025,7/15/2025,7/17/2025,7/23/2025,africa Insurance,P/02/1702/247-25/1/00017,5/23/2026,-56,2,,,,,Local,,,"46,221",Hirkisa,Fully Delivered,,,
22,7/23/2025,EPSA-ICB-G-0017-2017-BID(1st Lot),4500005771,Tenama International FZ-LLC,Utd.Arab Emir,Life Care Pharmaceuticals Trading,Miconazole - 0.02 - Oral Gel of 40gm,TU,"42,074",1.11,"46,702.14","46,702.14",USD,RDF,,7/25/2025,7/24/2025,8/13/2025,8/19/2025,Awash Bank,AA 00041813,8/11/2026,186,20,Released,2/6/2026,Jibril Ali,Dejene,Opened,8/28/2025,11/25/2025,324,Efa,Full Delivered,,,
23,7/23/2025,PO#7998,4500005832,Scott Edil Pharmacia,India,Kare Pharmaceuticals P.L.C,Heparin Sodium - 5000IU/ml in 5ml Ampoule  - Injection of  25,PAC,"17,461,000",37.25,"650,422,250.00","650,422,250.00",USD,RDF,,7/25/2025,7/25/2025,9/8/2025,9/9/2025,Awash Bank,AA 00044472,8/27/2026,40,45,,,,Mahider,Opened,9/17/2025,12/15/2025,304,Semira,37.25 USD Remain,,1 PAC  37.25 USD Remain,
24,7/23/2025,ICB/EPSS6/RDF-R/PH/27/23,4500005948,Sakar Healhcare Limited,India,Sakar Healhcare Limited,Tramadol HCI -50mg/ml in 2ml Ampoule - Injection of 5,PAC,"616,529",0.49,"302,099.21","302,099.21",USD,RDF,,7/25/2025,7/24/2025,8/19/2025,8/20/2025,Abay Bank,AB/IFBFI/298/2025,8/18/2026,31,26,,,,Gebresillassei,Opened,9/5/2025,12/3/2025,316,Sagni,0.49 USD Remain,,1 PAC 0.49 USD Remain,
25,7/23/2025,ICB/EPSS6/RDF-R/PH/23/23(1st Lot),4500005781,Aurobindo pharma,India,Aurobindo pharma,Tamsulosin - 0.4mg - capsule of 3x10,PAC,"6,177",2.1,"12,971.70","12,971.70",USD,RDF,,7/25/2025,7/24/2025,9/15/2025,9/16/2025,Bunna Bank,2005.PB 0058,9/10/2026,54,53,,,,Gebresillassei,Opened,9/23/2025,12/21/2025,298,Tesfaye,Full Delivered,,,
26,7/23/2025,ICB/EPSS6/RDF-R/PH/23/23(2st Lot),4500005831,Scott Edil Pharmacia,India,Kare Pharmaceuticals P.L.C,Amoxicillin + Acid - (500mg + 125mg) - Tablet (Film Coated) of 5x3,PAC,"948,030",9.27,"8,788,238.10","8,788,238.10",USD,RDF,,7/25/2025,7/24/2025,8/8/2025,8/9/2025,Awash Bank,AA 00043768,8/2/2026,15,15,,,,Mahider,Opened,8/23/2025,11/20/2025,329,Efa,Full Delivered,,,
27,7/23/2025,ICB/FW/EPSS6/MOH-GF/Malaria/PH/14/23,4500005214,Ajanta pharma Ltd.,India,"ZE,EL Trading PLC",Artemether + Lumefanthrine - 20mg+120mg (6x2) - Tablet (Dispersible) of 30,PAC,"12,619",11.1,"140,070.90","1,631,369.70",USD,GF,,7/25/2025,7/24/2025,10/1/2025,10/1/2025,Awash Bank,AA 00043778,7/31/2026,13,69,,,,Mulugeta,Opened,10/17/2025,1/14/2026,274,Sagni,14 PAC  202.40 USD Remain,,,
,,,,,,,Artemether + Lumefanthrine - 20mg + 120mg (6x4) - Tablet of 30,PAC,"94,386",15.8,"1,491,298.80",,,,,,,,,,,,,,,,,,,,,,,,,,
28,7/24/2025,ICB/EPSS6/RDF-R/PH/PH/23/23(2nd Lot),4500005784,Medochemie Ltd,Cyprus,Amba pharmaceuticals PLC,Lamotrigine 50mg tablet of 10x10,PAC,"6,691",7.4,"49,513.40","49,513.40",USD,RDF,,7/25/2025,,,,,,,ENTER DATE,ENTER DATE,,,,Mulugeta,,,,"46,221",,,,Suspended,
29,7/25/2025,ICB/FW/EPSA6/GF/ARV/OI/PH/03/22,4500005226,Unique Pharmaceutical Laboratories,India,Ethio Spydra P.LC,Sulphamethoxazole + Trimethoprim - (200mg + 40mg)5ml - suspension of 100ml,BT,"43,392",0.28,"12,149.76","12,149.76",USD,GF-HIV,,8/11/2025,7/28/2025,7/29/2025,7/29/2025,CBE,MD2519766102,9/15/2026,59,1,,,,Mahider,Opened,9/2/2025,11/30/2025,319,Efa,Full Delivered,,,
30,7/25/2025,ICB/EPSS/SDG and RDF/MD/19/24,4500004538,BOSTON MEDICAL FZE,Utd.Arab Emir,Innfinity Advanced Technology Solution PLC,Automated Blood component centrifuge with consumable and supply,SET,7,"149,365.13","1,045,555.91","2,460,785.99",USD,SDG,,8/29/2025,7/28/2025,8/13/2025,8/16/2025,Lion Insurance Bank S.C,LIB/IC/1220/08/25,8/25/2026,38,16,,,,Mulugeta,Opened,9/22/2025,12/20/2025,299,Nebiyu,"3,036.16 USD Remain",,,
,,,,,,,"Blood bag collecting 450ml (cassette) (shelf life _>2 year)-------59,664",SET,"59,664",23.72,"1,415,230.08",,,,,,,,,,,,,,,,,,,,,,,,,,
31,7/25/2025,po.no 007338,4500005897,Medochemie Ltd,cyprus,Amba pharmaceuticals plc,Praziquantel - 600mg - Tablet of 10x10,PAC,"19,138",8.84,"169,179.92","169,179.92",USD,RDF,,7/28/2025,8/12/2025,10/1/2025,10/1/2025,CBE,MD2525532377,8/31/2026,44,50,,,,Mulugeta,Opened,10/9/2025,1/6/2026,282,Samuel ,Full Delivered,Closed,,
32,7/25/2025,EPSA-ICB-G-0012-2017-BID,4500005943,Orient Int.Holding Shanghai Rongheng IN,China,ZAF Pharmaceuticals,Salbutamol (Albuterol) - 0.1mg/dose - Aerosol (Oral Inhalation) of 200 methered dose,BT,"286,332",0.78,"223,338.96","223,338.96",USD,RDF,,7/28/2025,8/1/2025,9/5/2025,9/6/2025,Awash Bank,AA00043798,8/25/2026,38,35,,,,Dejene,Opened,9/12/2025,12/10/2025,309,Semira,Full Delivered,,,
33,7/28/2025,EPSA-ICB-G-0008-2017-BID,4500004786,Care Pharma FZ ,Utd Arab Emir,Lifecare pharmaceutical trading,Chemical - Immersion Oil - Refractive Index of 1.515 of 100ml,BT,"5,510",1.16,"6,391.60","6,391.60",USD,RDF,,7/28/2025,7/28/2025,11/4/2025,11/5/2025,Awash Bank,AA 00038125,11/3/2026,127,99,Released,6/29/2026,Jibril Ali,Mahider,Opened,11/18/2025,1/18/2026,242,Amanuel,Full Delivered,,,
34,7/28/2025,ICB/Framework/EPSS6/RDF-R/PH/06/23,4500005903,Khandelwal Laboratories Pvt.Ltd,India,Estro Import & Export Pvt.Ltd ,Anastrazole - 1mg - Tablet (Film Coated) of 10x3,PAC,"5,950",1.35,"8,032.50","8,032.50",USD,RDF,,7/28/2025,8/1/2025,9/9/2025,9/17/2025,Berhan benk,BrB/MB/PG/2678/25,9/9/2026,53,39,,,,Gebresillassei,Opened,10/1/2025,12/29/2025,290,Tesfaye,Full Delivered,,,
35,7/28/2025,EPSA-ICB-G-0026-2017-BID,4500005822,Care Pharma FZ ,Utd Arab Emir,Lifecare pharmaceutical trading,"C-Reactive protein (CRP) immunochromatographic rapid Test Cassette, individually packed- Whole Blood/Serum/plasma of 50 Test",PAC,"1,102",25.87,"28,508.74","28,508.74",USD,RDF,,7/28/2025,7/28/2025,9/19/2025,9/19/2025,Awash Bank,AA00041828,9/16/2026,222,53,Released,2/6/2026,Jibril Ali,Mahider,Opened,10/1/2025,12/29/2025,290,Amanuel,Full Delivered,,,
36,7/28/2025,EPSA-ICB-0012-2017-BID,4500005945,Medicef Pharma,India,NEBIDOM TRADING PLC,Amoxicillin + Clavulaic Acid - (500mg + 125mg) - Tablet (Film coated) of 5x3,PAC,"536,512",0.92,"493,591.04","493,591.04",USD,RDF,,7/28/2025,7/28/2025,8/8/2025,8/11/2025,Bunna Bank,2005.PB.0043,8/31/2026,44,11,,,,Yordanos,Opened,9/1/2025,11/29/2025,320,Sena,Full Delivered,,,
37,7/28/2025,EPSA-ICB-G-0012-2017-BID,4500006034,VHB Medi Sciences Limited,India,Droga pharma plc,Vancomycine - 1mg - Injection of Vial,VI,"406,354",0.8,"325,083.20","325,083.20",USD,RDF,,7/28/2025,7/28/2025,9/5/2025,9/6/2025,Awash Bank,AA00043794,7/31/2026,13,39,,,,Yordanos,Opened,9/17/2025,12/15/2025,304,Semira,Full Delivered,,,
38,7/28/2025,EPSA-ICB-G-0062-2017-BID,4500004629,SEVATTO PHARMA,Ahemedabad India,Leyan pharmaceuticals,Sodium Stibogluconate - 100mg/ml Injection of 30ml,BT,"39,547",4.49,"177,566.03","177,566.03",USD,RTI,,7/28/2025,7/28/2025,11/18/2025,11/19/2025,CBE,MD2530887662,10/27/2026,120,113,Released,6/29/2026,Mulugeta Chernt,Dejene,Opened,12/5/2025,3/4/2026,225,Hirkisa,Full Delivered,,,
39,,,4500006026,Beximco pharmaceuticals Ltd,Bangladesh,Bshaw General Trading PLC,Salbutamol (Albuterol) - 0.1mg/dose - Aerosol (Oral Inhalation) of 200 methered dose,BT,,,0.00,0.00,,,,,,,,,,,"-46,221",ENTER DATE,Released,,,Dejene,Opened,9/5/2025,12/3/2025,316,Semira,Full Delivered,,,
40,7/28/2025,EPSA-ICB-G-0012-2017-BID,4500005944,Aurobindo pharma,India,Mesroy International plc,Amoxicillin + Clavulaic Acid - (500mg + 125mg) - Tablet (Film coated) of 5x3,PAC,"804,768",0.92,"740,386.56","740,386.56",USD,RDF,,7/28/2025,8/1/2025,9/16/2025,9/17/2025,Bunna Bank,2005.PB.005,9/10/2026,54,46,,,,Yordanos,Opened,9/22/2025,12/20/2025,299,Semira,,,Has huge remaining value,
41,7/29/2025,EPSA-ICB-G-0078-2017(Lot 1),4500004087,Guangzhou Double One Latex Products,China,Empire Business PLC,Condom (Male) of 144 pieces,PAC,"256,944,000",4.4784,"1,150,698,009.60","1,150,698,009.60",USD,GF-HIV,Sea,7/29/2025,7/30/2025,9/29/2025,9/29/2025,Awash bank,AA00044413,9/28/2026,72,61,,,,Mulugeta,Opened,10/10/2025,1/7/2026,281,Efa,,,"3,448.37 
USD (EFDA sample)
2 batches Failed EFDA test",
42,7/28/2025,PO7531,7531/4500005798,Kopran Limited,India,Ethio Spydra PLC,Doxycycline - 100mg # Capsule of 20x10,PAC,"195,663,000",3.14,"614,381.82","614,381.82",USD,RDF,,,7/29/2025,9/17/2025,9/18/2025,CBE,AA0006054,8/23/2026,36,50,,LC Expired,,Dejene,Opened,10/16/2025,1/13/2026,275,Semira,Full Delivered,,,
43,7/29/2025,EPSA-ICB-G-0061-2017-BID(FW),4500004620,SEVATTO PHARMA,India,Leyan pharmaceuticals,Gentamicin - 10mg/ml 2ml Injection of 50,PAC,"66,746",2.5,"166,865.00","166,865.00",USD,MOH,,7/30/2025,7/30/2025,11/27/2025,11/28/2025,CBE,MD2530811412,10/27/2026,120,120,Released,6/29/2026,Mulugeta Chernt,Dejene,Opened,12/9/2025,3/8/2026,221,Hirkisa,37.50 USD Remain,,,
44,7/29/2025,EPSA-ICB-G-0078-2017(Lot 2),4500004088,Guangzhou Double One Latex Products,China,Empire Business PLC,Condom (Male) of 144 pieces,PAC,"256,945",4.4784,"1,150,702.49","1,150,702.49",USD,GF-HIV,,8/26/2025,7/30/2025,9/29/2025,9/29/2025,Awash bank,AA00044413,9/28/2026,72,61,,,,Mulugeta,Opened,5/20/2026,8/17/2026,59,Efa,,,"Budget transferred to Other POs-4500006863, 4500006843 Remain Budget 1,077,485.74",
45,7/29/2025,EPSA-ICB-G-0078-2017(Lot3),4500004089,Guangzhou Double One Latex Products,China,Empire Business PLC,Condom (Male) of 144 pieces,PAC,"263,055",4.4784,"1,178,065.51","1,178,065.51",USD,GF-HIV,,3/19/2026,7/30/2025,9/29/2025,9/29/2025,Awash bank,AA00044414,9/28/2026,72,61,,,,Mulugeta,Opened,5/20/2026,8/17/2026,59,,,,,
46,7/29/2025,EPSA-ICB-G-0062-2017-BID,4500004666,SEVATTO PHARMA,India,Leyan pharmaceuticals,Sodium Stibogluconate - 100mg/ml Injection of 30ml,PAC,"17,799",4.49,"79,917.51","79,917.51",USD,MOF,,8/26/2025,8/20/2025,11/27/2025,11/28/2025,CBE,MD2530877011,10/27/2026,120,99,Released,6/29/2026,Mulugeta Chernt,Dejene,Opened,12/9/2025,3/8/2026,221,Hirkisa,Full Delivered,,,
47,7/29/2025,ICB/EPSS6/SDG and RDF/MD/19/24,4500004546,Wise team FZC,Utd Arab Emir,Wise team FZC,Pump - Infusion,EA,406,225,"91,350.00","91,350.00",USD,MOF,,7/30/2025,7/30/2025,8/20/2025,8/21/2025,Hibret Bank,HB/111/PB/4989/25,8/5/2026,54,21,Released,6/12/2026,Beniyam Assegid,Yordanos,Opened,9/22/2025,12/20/2025,299,Abush,Full Delivered,,,
48,7/29/2025,EPSA-ICBG-0010-2017(Lot),4500005375,Macleods pharmaceuticals Ltd,India,Lifecare pharmaceutical trading,Tenofovir disoproxil fumarate (TDF) 300mg tablet of 30,PAC,"251,891",1.61,"405,544.51","405,544.51",USD,GF-HIV,,,7/30/2025,8/20/2025,8/21/2025,Awash bank,AA00043773,8/15/2026,28,21,,,,,,,,"46,221",,,,"Hold by MOH-Lot3 (Reprogramed 10933 10936,10939,& 11286",
49,7/29/2025,EPSA-ICB-G-0010-2017(S.From 2916,4500003757,Macleods pharmaceuticals Ltd,India,Lifecare pharmaceutical trading,Tenofovir disoproxil fumarate (TDF) 300mg tablet of 30, ,"251,891",1.61,"405,544.51","405,544.51",USD,GF-HIV,,8/26/2025,7/30/2025,8/20/2025,8/21/2025,Awash bank,AA00043775,8/14/2026,27,21,,,,Mulugeta,Opened,9/18/2025,12/16/2025,303,Efa,30 PAC  48.30 USD Remain,,,
50,7/30/2025,EPSA-ICB-G-0010-2017(S.From 2916,4500004982,Macleods pharmaceuticals Ltd,India,Lifecare pharmaceutical trading,Tenofovir disoproxil fumarate (TDF) 300mg tablet of 30,PAC,"251,891",1.61,"405,544.51","405,544.51",USD,GF-HIV,,8/26/2025,,8/20/2025,8/21/2025,Awash bank,AA00043774,8/14/2026,27,ENTER DATE,,,,Mulugeta,,,,"46,221",,,,Hold by MOH-Lot2,
51,7/30/2025,EPSA-NCB-G-0019-2017-BID,4500004309,Julphar Ethiopia,Ethiopia,Julphar Ethiopia,ALBE Albendazole - 100mg/5ml - Oral Suspension of 20ml,BT,"231,134",35,"8,089,690.00","30,476,339.00",ETB,RDF,,7/30/2025,7/30/2025,7/25/2025,8/5/2025,Hibret Insurance,GU/25/7512/2025/00004,7/24/2026,11,-5,Released,7/13/2026,Selamawit Tsegay,,,,,"46,221",Eyob,Full Delivered,Closed,,
,,,,,,,CHLO Chlorpheniramine Maleate - 4mg -Tablet of 10x10,PAC,"39,776",99,"3,937,824.00",,,,,,,,,,,,,,,,,,,,,,,,,,
,,,,,,,PARA Paracetamol 120mg/5ml # Syrup of 60ml,BT,"434,090",42050,"18,253,484,500.00",,,,,,,,,,,,,,,,,,,,,,,,,,
52,7/30/2025,EPSA-ICB-G-0012-2017-BID,4500005894,Sansheng Pharmaceutical plc,Ethiopia,Sansheng Pharmaceutical plc,POTA Potassium Chloride - 150mg/mlin 10ml Ampoule - Injection of 10,PAC,"36,852",130,"4,790,760.00","4,790,760.00",ETB,RDF,,7/30/2025,7/30/2025,8/4/2025,8/5/2025,Nib insurance company,P/021/59/02/2025/07/00012,7/23/2026,212,5,Released,12/23/2025,Fikir Getachewe,,,,,"46,221",Eyob,Full Delivered,,,
53,7/30/2025,EPSA-ICB-G-0061-2017-BID(FW),4500004658,Naari PTE Limited,India,Life Care pharmaceutical Trading,Levonorgestrel (D-Norgestrel) - 0.03mg - Tablet of Cycle,CYC,"207,500",0.23,"47,725.00","227,725.00",USD,MOF,,7/31/2025,7/30/2025,8/29/2025,8/2/2025,Awash Bank,AA00041811,8/11/2026,56,30,,6/16/2026,,Selamawit,Opened,9/17/2025,12/15/2025,304,Hirkisa,,,,
,,,,,,,Levonorgestre(D-Norgestrel) + Ethinylestradiol + Ferrous Fumerate - (0.15mg + 0.03mg + 75mg)  - Tablert of Cycle,CYC,"1,000,000",0.18,"180,000.00",,,,,,,,,,,,,,,,,,,,,,,,,,
54,7/30/2025,EPSA-ICB-G-0061-2017-BID(FW),4500004657,Naari PTE Limited,India,Life Care phaemaceutical Trading,Misoprostol - 200mg - Tablet of 4,PAC,"186,407",2.96,"551,764.72","365,180.93",USD,SDG,,7/31/2025,7/30/2025,8/29/2025,9/2/2025,Awash Bank,AA00041810,8/11/2026,56,30,Confiscated,6/16/2026,,Selamawit,Opened,9/17/2025,12/15/2025,304,Hirkisa,,,"Cancel and confiscate PG because only delivered 8%(54,603.12 USD)
 of PO amount (675,185.39 USD)",
,,,,,,,Levonorgestre(D-Norgestrel) + Ethinylestradiol + Ferrous Fumerate - (0.15mg + 0.03mg + 75mg)  - Tablert of Cycle,CYC,"1,722,247",0.18,"310,004.46","310,004.46",,,,,,,,,,,,,,,,,,,,,,,,,
55,7/30/2025,EPSA-ICB-G-0012-2017-BID,4500005893,Humanwell Pharmaceutical Ethiopia plc,Ethiopia,Humanwell Pharmaceutical Ethiopia plc,Carbimazole 5mg tablet of 10x10,PAC,"12,240",500,"6,120,000.00","16,819,920.00",ETB,RDF,,7/30/2025,7/30/2025,7/22/2025,8/5/2025,Bunna Insurance,G/ARK/1307/000742/2025,7/22/2026,169,-8,Released,2/3/2026,Sentayehu Degefa,,,,,"46,221",Eyob,Fully Delivered,,,
,,,,,,,Morphine Sulfate - 20mg/5ml # Syrup of 125ml,BT,"25,476",420,"10,699,920.00",,,,,,,,,,,,,,,,,,,,,,,,,,
56,7/30/2025,ICB/__19/24(Split from 4565),4500006073,Wise Team,UAE,Wise Team,Slit Lamp,EA,34,2700,"91,800.00","247,860,000.00",USD,SDG,,,8/5/2025,8/20/2025,,Hibret bank,HB/111/PB/5106/25,05/08/2026,-4,,Released,5/12/2026,Beniyam Asseged,Mahider,Opened,12/4/2025,3/4/2026,226,Abush,Fully Delivered,,Budget from 4500004565,
57,7/29/2025,EPSA-NCB-G-0019-2017-BID,4500004295,Julphar Ethiopia,Ethiopia,Julphar Ethiopia,PARA Paracetamol 500 mg Tablet of 100x10,PAC,"70,288,000",929,"65,297,552,000.00","65,297,552,000.00",ETB,RDF,,8/6/2025,7/31/2025,7/25/2025,8/5/2025,Hibret Insurance,GU/25/7512/2025/00003,7/24/2026,38,-6,Released,6/16/2026,Selamawit Tsegay,,Local,,,"46,221",Eyob,Full Delivered,,,
58,7/31/2025,ICB/EPSS6/SDG and RDF/MD/19/24,4500004581,Ningbo David Medical Device Co.Ltd,China,ABH partners PLC,"RMAP Resuscitator - Manual, Adult and pediatric",SET,"5,000,000",55,"275,000,000.00","275,000,000.00",USD,MOF,,7/31/2025,7/31/2025,9/16/2025,9/18/2025,CBE,MD2524429400,8/20/2026,33,47,,,,Abdulfetah,Opened,10/10/2025,1/7/2026,281,Abush,Full Delivered,,,
59,7/31/2025,ICB/EPSS6/SDG and RDF/MD/19/24,4500004584,Ningbo David Medical Device Co.Ltd,China,ABH partners PLC,"RMAP Resuscitator - Manual, Adult and pediatric",SET,100,55,"5,500.00","5,500.00",USD,SDG,Sea,7/31/2025,8/1/2025,9/16/2025,9/18/2025,CBE,MD2524429400,8/20/2026,20,46,,,,Abdulfetah,Opened,10/28/2025,1/24/2026,,Abush,Fully Delivered,,,
60,8/4/2025,ICB EPSS6/SGD and RDF/MD/19/24,4500004529,Phoenix Medical Systems Private Limited,India,YS Panacea Trading,CPAP Machine,EA,406,"3,890.00","1,579,340.00","3,063,380.00",USD,MOF,,8/4/2025,8/5/2025,9/9/2025,9/9/2025,CBE,MD2524879511,8/7/2026,20,35,,,,Selamawit,Opened,11/21/2025,2/18/2026,239,Nebiyu,Fully Delivered,,LC extended,
,,,,,,,"Warmer - Radiant,Infant",EA,996,"1,490.00","1,484,040.00",,,,,,,,,,,,,,,,,,,,,,,,,,
61,8/4/2025,EPSA-ICB-G-0015-2017-BID,4500005809,Sterilance (Suzhou),China,GEZ Chemicals and pharmaceuticals PLC,Surgical Scalpel Blade - No.10 of 100 Pieces,PAC,"5,998",2.08,"12,475.84","15,069.60",USD,RDF,,8/4/2025,8/6/2025,9/24/2025,9/29/2025,Lion Insurance Bank S.C,LR/AHG/PPG/57/25,9/18/2026,185,49,Released,3/17/2026,Solomon G/silase,Gebresillassei,Opened,10/9/2025,1/6/2026,282,Abush,Full Delivered,,,
,,,,,,,Surgical Scalpel Blade - No.11 of 100 Pieces,PAC,"1,247",2.08,"2,593.76",,,,,,,,,,,,,,,,,,,,,,,,,,
62,8/4/2025,EPSA-ICB-G-0015-2017-BID,4500005935,Care Pharma FZ LLC,Utd Arab Emir,Life care pharmaceuticals trading,,PAC,"2,019",5.36,"10,821.84","10,821.84",USD,RDF,,8/4/2025,8/4/2025,8/11/2025,8/13/2025,Awash Bank,AA00041809,8/7/2026,20,7,,,,Dejene,Opened,9/12/2025,12/10/2025,309,,48.24 USD Remain,,,
,,,,,,,CASU Cathete Suction - 14CH of 100 pieces,PAC,"3,967",5.36,"21,263.12","21,263.12",,,,,,,,,,,,,,,,,,,,,,,,,
,,,,,,,CASU Catherter Suction - 8CH of 100 pieces,PAC,"2,590",5.36,"13,882.40","13,882.40",,,,,,,,,,,,,,,,,,,,,,,,,
,,,,,,,UMCL Umblical Clamp Sterile - 5.3cm,EA,"240,049",0.02,"4,800.98","4,800.98",,,,,,,,,,,,,,,,,,,,,,,,,
,,,,,,,HEME Hernia mesh 11cm x6cm,EA,"79,800",0.99,"79,002.00","79,002.00",,,,,,,,,,,,,,,,,,,,,,,,,
,,,,,,,HEME Hernia mesh 15cm x 15cm,EA,"80,895",2.25,"182,013.75","182,013.75",,,,,,,,,,,,,,,,,,,,,,,,,
63,8/4/2025,EPSA-ICB-G-0012-2017-BID,4500006048,Neon Laboratory Ltd,India,Neon Laboratories Limited,FENT Fentanyl 50 Mcg/ml in 2ml injection of 5,PAC,"14,772,000",1.35,"19,942,200.00","19,942,200.00",EUR,RDF,,8/8/2025,8/8/2025,8/14/2025,8/19/2025,hIBRET bANK,hb/died/0997/25,7/23/2026,5,6,,,,Selamawit,Opened,8/28/2025,11/25/2025,324,Sagni,Full Delivered,,,
64,8/4/2025,EPSA-ICB-G-0012-2017-BID,4500005934,Care Pharma FFZ LLC,Utd.Arab Emir,Life Care pharmaceuticals trading,Oxygne nasal cannula (prongs) - Adult,EA,"34,944",0.22,"7,687.68","43,",,RDF,,8/4/2025,8/4/2025,8/27/2025,8/29/2025,Awash Bank,AA00041817,8/26/2026,39,23,,,,Dejene,Opened,9/12/2025,12/10/2025,309,Amanuel,Cleared to WH,,The supplier said unable to supply Tracheostomy Tube 2.0 mm wtih 90 curvature armoure with low pressure Cuff Universal inflation funnel and pilot balloon due to global unavailability of the item,
,,,,,,,Oxygne nasal cannula (prongs) - Pediatric,EA,"26,056",0.22,"5,732.32","5,732.32",,,,,,,,,,,,,,,,,,,,,,,,,
,,,,,,,Oxygen Nasal Cannula (prong) -Neonatal,EA,"21,150",0.24,"5,076.00","5,076.00",,,,,,,,,,,,,,,,,,,,,,,,,
,,,,,,,Tracheostomy Tube - 6.5 mm with 90 curvature armoured with low pressure cuff Universal inflation funnel and pilot balloon,EA,717,2.76,"1,978.92","1,978.92",,,,,,,,,,,,,,,,,,,,,,,,,
,,,,,,,Tracheostomy Tube - 7.5 mm with 90 curvature armoured with low pressure cuff Universal inflation funnel and pilot balloon,EA,"3,408",2.18,"7,429.44","7,429.44",,,,,,,,,,,,,,,,,,,,,,,,,
,,,,,,,Tracheostomy Tube - 0.6 mm with 90 curvature armoured with low pressure Cuff Universal inflation funnel and pilot balloon,EA,"1,107",2.76,"3,055.32","3,055.32",,,,,,,,,,,,,,,,,,,,,,,,,
,,,,,,,Tracheostomy Tube 2.0 mm wtih 90 curvature armoure with low pressure Cuff Universal inflation funnel and pilot balloon,EA,"1,020",2.76,"2,815.20","2,815.20",,,,,,,,,,,,,,,,,,,,,,,,,
,,,,,,,Tracheostomy Tube 3.0 mm wtih 90 curvature armoure with low pressure Cuff Universal inflation funnel and pilot balloon,EA,524,2.76,"1,446.24","1,446.24",,,,,,,,,,,,,,,,,,,,,,,,,
,,,,,,,Tracheostomy Tube 4.5 mm wtih 90 curvature armoure with low pressure Cuff Universal inflation funnel and pilot balloon,EA,675,2.76,"1,863.00","1,863.00",,,,,,,,,,,,,,,,,,,,,,,,,
,,,,,,,Tracheostomy Tube 7.0 mm wtih 90 curvature armoure with low pressure Cuff Universal inflation funnel and pilot balloon,EA,"2,759",2.18,"6,014.62","6,014.62",,,,,,,,,,,,,,,,,,,,,,,,,
65,8/4/2025,ICB/EPSS6/SDG and RDF/MD/19/24,4500006067,Rise GLOBAL GMBH,Germany,EMA Construction & Trading PLC,Electro Surgical Unit,EA,35,"7,113.60","248,976.00","248,976.00",USD,RDF,,10/3/2025,8/4/2025,10/9/2025,10/10/2025,Berhan Bank,BrB/ATB/623/25,10/1/2026,75,66,,,,Gebresillassei,,,,"46,221",,Full Delivered,,,
66,8/4/2025,ICBEPSS6/..19/24(Split from 4556),4500006065,Rise GLOBAL GMBH,Germany,EMA Construction & Trading PLC,General Anesthesia Machine,EA,27,"12,720.00","343,440.00","343,440.00",USD,SDG,,10/2/2025,10/21/2025,11/6/2025,11/7/2025,Berhan Bank,BrB/ATB/701/25,10/29/2026,103,16,,,,Mulugeta,Opened,12/4/2025,12/3/2025,226,Abush,,,Transfered from -4500004556,budget from 4500004556
67,8/4/2025,ICB/EPSS6/-/19/24(Split from4556),4500006066,Rise GLOBAL GMBH,Germany,EMA Construction & Trading PLC,ELUD Electosurgical unit - Dermatology,EA,14,"6,345.60","88,838.40","280,905.60",USD,SDG,,10/2/2025,10/21/2025,11/6/2025,11/7/2025,Berhan Bank,BrB/ATB/702/25,10/29/2026,103,16,,,,Mulugeta,Opened,12/3/2025,12/3/2025,227,Abush,,,,budget from 4500004556
,,,,,,,ELSU Electro Surgical Unit,EA,27,"7,113.60","192,067.20",,,,,,,,,,,,,,,,,,,,,,,,,,
68,8/4/2025,ICB/FW/EPSA6/GF/OI/PH/03/22,4500005225,Leben,India,DAT International Trading P.L.C,Sulphamethoxazole + Trimethoprim - (200mg + 40mg)5ml - suspension of 100ml,BT,"65,088",0.28,"18,224.64","18,224.64",USD,GF-HIV,,8/11/2025,8/12/2025,8/15/2025,8/16/2025,Bunna Bank,48252,8/7/2026,20,3,,,,Dejene,Opened,9/2/2025,11/30/2025,319,Efa,Full Delivered,,,
69,8/4/2025,Split From 4565,4500006076,Wise Team FZC,Utd.Arab Emir,Wise Team FZC,PUIN Pump Infusion,EA,54,225,"12,150.00","12,150.00",USD,SDG,,8/4/2025,8/5/2025,8/20/2025,8/21/2025,Hibret Bank,HB/111/PB/4991/25,8/5/2026,18,15,,,,Mahider,Opened,12/4/2025,3/3/2026,226,Adisu,Full Delivered,,540 of infusion pump tubes had been missed,Budget from 4500004565
70,8/4/2025,EPSA-ICB-G-0012-2017-BID,4500006033,M.J Biopharm Pvt Ltd,India,Elpis pharmaceuticals Import PLC,INSS Insulin isophane Human - 100IU/ml in 10ml Vial - Injection(Suspension) of 10ml,VI,"1,544,488",1.53,"2,363,066.64","2,363,066.64",USD,RDF,,8/4/2025,8/5/2025,9/20/2025,9/25/2025,Awash Bank,AA00044495,8/8/2026,21,46,,,,Yordanos,Opened,10/1/2025,12/29/2025,290,Tesfaye,Full Delivered,,,
71,8/4/2025,EPSA-ICB-G-0012-2017-BID,4500005892,RISE GLOBAL GMBH,Germany,EMA Construction & Trading PLC,ADRE Adrenaline (Epinephrine) 0.1% in 1ml ampoule # Injection of 10,PAC,"78,976",0.69,"54,493.44","54,493.44",USD,RDF,,8/6/2025,8/4/2025,8/20/2025,8/21/2025,Berhan Bank,BrB/ATB/498/25,8/15/2026,169,16,Released,2/27/2026,Israel,Selamawit,Opened,9/3/2025,12/1/2025,318,Tesfaye,Full Delivered,,,
72,8/4/2025,ICB/EPSS6/RDF-R/PH/27/23(1stLot),4500005863,Medicamen Biotech Limited,India,Medicamen Biotech Limited,CLOT Clotrimazole - 100mg - Tablet (Vaginal) wiyh applicator of 6,PAC,"98,512",0.15,"14,776.80","14,776.80",USD,RDF,,8/6/2025,8/5/2025,9/5/2025,9/8/2025,Awash Bank,AA 00044453,7/31/2026,13,31,,,,Abdulfetah,Opened,9/18/2025,12/16/2025,303,Semira,Full Delivered,,,
73,8/5/2025,EPSS6/DT/LOCAL/RDF-R/PH/13/23,4500005786,Kilitch Estro Biotech PLC,Ethiopia,Kilitch Estro Biotech PLC,CEFT Ceftazidime - 1g in vial - powder dor Injection wtih Diluent,VI,"270,500,000",43.5,"11,766,750,000.00","225,035,682.00",ETB,RDF,Truck,8/9/2025,Local,,,,,,"-46,221",ENTER DATE,Released,,,,Local,,,"46,221",Eyob,Full Delivered,Closed without shipment,Due to Micro Economic change EPSS was not volunteer to pay the difference,
,,,,,,,Ceftriaxone - 1g in vial - poeder for Injection with Diluent,VI,"5,564,988",23,"127,994,724.00",,,,,,,,,,,,,,,,,,,,,,,,,,
,,,,,,,CEPH Cephalexine - 500mg - capsule of 10x10,PAC,"170,208",501,"85,274,208.00",,,,,,,,,,,,,,,,,,,,,,,,,,
74,8/5/2025,EPSA-ICB-G-0061-2017-BID(FW),4500004616,Rise GLOBAL GMBH,Germany,EMA Construction & Trading PLC,TETR Tetracycline - 1% - Eye Ointment of 4 gm,TU,"937,502",0.109,"102,187.72","102,187.72",USD,MOH,,8/6/2025,8/6/2025,9/5/2025,9/8/2025,Berhan Bank,BrB/ATB/522/25,8/25/2026,38,30,,,,Selamawit,Opened,10/9/2025,1/6/2026,282,Hirkisa,Fully deliverd,,,
75,8/5/2025,EPSA-ICB-0061-2017-BID(FW),4500004617,Rise GLOBAL GMBH,Germany,EMA Construction & Trading PLC,IUCD (Iterauterine contraceptive Device) Long acting (CU380A)-,PAC,"32,935",0.3948,"13,002.74","13,002.74",USD,MOF,,8/6/2025,8/6/2025,8/20/2025,8/21/2025,Berhan Bank S.c,CORCR/061/1433/25,8/15/2026,28,14,,,,Selamawit,Opened,9/3/2025,12/1/2025,318,Abdulkerim,Fully deliverd,,,
76,8/7/2025,ICB/EPSA6/SDG and RDF/MD/1924,4500004540,Fenway Trading Co.Ltd,Taipei Trading Co.Ltd,Strachain Medical PLC,"CYOX Cylinder - Oxygen, 40L",EA,154,157,"24,178.00","24,178.00",USD,SDG,,8/9/2025,8/8/2025,10/23/2025,10/23/2025,Berhan Bank,BrB/GMB/PG/039/25,10/21/2026,110,76,Released,4/27/2026,Gelane,Yordanos,Opened,11/18/2025,1/18/2026,242,Nebiyu,Fully deliverd,,,
77,8/7/2025,ICB/EPSA6/SDG and RDF/MD/1924,4500004535,Fenway Trading Co.Ltd,Taipei Trading Co.Ltd,Strachain Medical PLC,"CYOX Cylinder - Oxygen, 40L",EA,168,157,"26,376.00","26,376.00",USD,MOF,,8/9/2025,8/7/2025,10/23/2025,10/23/2025,Berhan Bank,BrB/GMB/PG/038/25,10/21/2026,95,77,,,,Yordanos,Opened,11/19/2025,1/16/2026,241,Nebiyu,Full Delivered,,,
78,8/7/2025,ICB/EPSA6/SDG and RDF/MD/1924,4500006128,Fenway Trading Co.Ltd,Taipei Trading Co.Ltd,Strachain Medical PLC,"Light - Phototherapy,Infant",EA,912,429,"391,248.00","391,248.00",USD,MOF,,8/9/2025,8/8/2025,10/23/2025,10/23/2025,CBE,MD2529005656,10/15/2026,95,76,,,,Yordanos,Opened,3/17/2026,6/14/2026,123,Nebiyu,,,"Transferred budget is less than PO amount

",
79,8/14/2025,EPSA-NCB-G-0055-2017-BID,4500006233,Ethiopian Pharmaceutical Manufacturine S.C,Ethioipa,Ethiopian Pharmaceutical Manufacturine S.C,Amoxicillin-500mg-Capsule of 50x10,box,"307,823","2,349.00","723,076,227.00","723,076,227.00",ETB,RDF,Truck,8/14/2025,,8/7/2025,45878,Nile Insurance company S.C,P/28/1702/25-26/1/00003,46239,89,ENTER DATE,,,,,Local,,,"46,221",Eyob,,,,
80,8/14/2025,EPSA-NCB-G-0055-2017-BID,4500006196,Ethiopian Pharmaceutical Manufacturine S.C,Ethioipa,Ethiopian Pharmaceutical Manufacturine S.C,Amoxicillin-500mg-Capsule of 50x10,box,"307,824","2,349.00","723,078,576.00","753,935,448.00",ETB,RDF,Truck,8/14/2025,,8/7/2025,45878,Nile Insurance company S.C,P/28/1702/25-26/1/00002,46239,18,ENTER DATE,,,,,Local,,,"46,221",Eyob,,,,
,,,,,,,Griseofulvin - 250mg – Tablet of 10x10,pk,"27,044",699.00,"18,903,756.00",,,,,,,,,,,,,,,,,,,,,,,,,,
,,,,,,,Sulphur-10%-Ointment of 50gm,Tu,"123,228",97.00,"11,953,116.00",,,,,,,,,,,,,,,,,,,,,,,,,,
81,8/7/2025,ICB/EPSS6/SDG and RDF/MD/19/24,4500006041,Ambulac (Shenzhen) Tech.CoLtd,China,ECF Medical device Import,Defibrillator with Monitor,EA,45,"2,536.00","114,120.00","114,120.00",USD,RDF,,10/2/2025,10/2/2025,12/16/2025,12/17/2025,Awash Bank,AA 00044990,12/18/2026,18,75,,,,Mulugeta,Opened,1/1/2026,3/31/2026,198,Adisu,Full Delivered,,,
82,8/8/2025,ICB/EPSS6/SDG and RDF/MD/19/24,4500006129,Fenway Trading Co.Ltd,Taipei Taiwan,Strachain Medical PLC,"Cylinder Oxygen, 50L",EA,200,170,"34,000.00","34,000.00",USD,RDF,,10/3/2025,10/3/2025,10/15/2025,10/16/2025,ENAT BANK,EB/DJTBBG/0021/2025,10/12/2026,361,12,,,,Mulugeta,Opened,11/6/2025,2/3/2026,254,Nebiyu,Full Delivered,,,
83,8/8/2025,ICB/EPSS6/SDG and RDF/MD/19/24,4500006131,Fenway Trading Co.Ltd,Taipei Taiwan,Strachain Medical PLC,"Ultrasonic - Doppler, Fetal",EA,177,49,"8,673.00","8,673.00",USD,RDF,,10/3/2025,10/8/2025,10/15/2025,,,EB/DJTBBG/0022/2025,10/12/2026,86,7,,,,Mulugeta,Opened,11/6/2025,2/3/2026,254,Nebiyu,Full Delivered,,,
84,8/8/2025,ICB/EPSS6/SDG and RDF/MD/19/24,4500006067,Rise GLOBAL GMBH,Germany,EMA Construction & Trading PLC,Electro Surgical Unit,EA,35,"7,133.60","249,676.00","249,676.00",USD,RDF,,10/3/2025,10/3/2025,10/9/2025,,,BrB/ATB/623/25,10/1/2026,86,6,,,,Gebresillassei,Opened,10/21/2025,1/17/2026,270,Nebiyu,Full Delivered,,,
85,8/14/2025,EPSA-ICB-G-0043-2016-BID,4500005853,Rise GLOBAL GMBH,Germany,EMA Construction & Trading PLC,Calcium Carbonate - 500mg - Tablet of 10x10,PAC,"1,700",3.5,"5,950.00","5,950.00",USD,RDF,Air,8/14/2025,8/14/2025,10/16/2025,ENAT BANK,,BrB/ATB/500/25,8/15/2026,216,#REF!,Released,2/27/2026,Israel,Mahider,Opened,9/1/2025,11/29/2025,320,Tesfaye,Fully deliverd,,,
86,8/15/2025,ICB/EPSS6/MOH-SDG/Spare part/MD/05/24,4500004274,Guangdong Biolight Meditech co. ltd,China,WMG Biomedical engineering PLC,ECG Machine ECG with Spare parts,SET,1,60,60.00,286810,USD,SDG,Air,8/14/2025,8/15/2025,10/10/2025,Berhan Bank,,,8/29/2026,42,#REF!,,,,Mulugeta,Opened,10/7/2025,1/4/2026,284,Adisu,,,,
87,"45,883.00",ICB/EPSS6/MOH-SDG/Spare-part/MD/05/24,PO-4500004107,"Beijing Aeonmed Co,.ltd",China,"Beijing Aeonmed Co,.ltd","Anesthesia Machine Patient Circuit, Adult and Pediatric Spare parts",EA,2,308,616.00,"533,035.00",USD,SDG,Air,0814/2025,8/14/2025,8/21/2025,Berhan Bank,,AA00043747,8/3/2026,16,#REF!,,,,Mulugeta,Opened,9/3/2025,12/1/2025,318,,,,,
88,8/15/2025,ICB/EPSS6/MOH-SDG/Spare-part/MD/05/24,4500003995,Contec medical systems co.ltd,China,WMG Biomedical engineering PLC,ECG Machine software update,EA,1,0,0.00,"42,881.00",USD,SDG,Air,8/14/2025,8/14/2025,9/5/2025,,Oromia International  Bank,OB/FB/GUR/129/25,8/29/2026,42,,,,,Abdulfetah,Opened,10/7/2025,1/4/2026,284,Nebiyu,Fully deliverd,,"The supplier should pay penality and storage with liquidated damage-Nebiyu



NIBP Cuff, adult 92  and pediatric 97 qty   and SPO2  Probe adult 90 and pediatric 98 missed",
,,,,,,,Monitor - Fetal Toco probe,EA,6,345,"2,070.00",,,,,,,,,,,,,,,,,,,,,,,,,,
,,,,,,,Monitor - Fetal Fetal heartrate probe,EA,5,345,"1,725.00",,,,,,,,,,,,,,,,,,,,,,,,,,
,,,,,,,Monitor - Fetal Main Board,EA,2,180,360.00,,,,,,,,,,,,,,,,,,,,,,,,,,
,,,,,,,Monitor - Fetal Power Supply Board,EA,2,79,158.00,,,,,,,,,,,,,,,,,,,,,,,,,,
,,,,,,,Monitor - Fetal Toco probe,EA,5,345,"1,725.00",,,,,,,,,,,,,,,,,,,,,,,,,,
,,,,,,,"Monitor – Patient SPO2 Probe with extension cable, Adult and Pediatric size",EA,10,67,670.00,,,,,,,,,,,,,,,,,,,,,,,,,,
,,,,,,,Monitor – Patient ECG cable with electrode,EA,56,125,"7,000.00",,,,,,,,,,,,,,,,,,,,,,,,,,
,,,,,,,"Monitor – Patient NIBP Cuff, Adult and Pediatric",EA,136,27,"3,672.00",,,,,,,,,,,,,,,,,,,,,,,,,,
,,,,,,,Monitor – Patient Skin temperature probe,EA,136,21,"2,856.00",,,,,,,,,,,,,,,,,,,,,,,,,,
,,,,,,,"Monitor – Patient SPO2 Probe with extension cable, Adult and Pediatric size",EA,136,67,"9,112.00",,,,,,,,,,,,,,,,,,,,,,,,,,
,,,,,,,Monitor – Patient ECG cable with electrode,EA,32,125,"4,000.00",,,,,,,,,,,,,,,,,,,,,,,,,,
,,,,,,,"Monitor – Patient NIBP Cuff, Adult and Pediatric",EA,31,27,837.00,,,,,,,,,,,,,,,,,,,,,,,,,,
,,,,,,,Monitor – Patient Skin temperature probe,EA,32,21,672.00,,,,,,,,,,,,,,,,,,,,,,,,,,
,,,,,,,"Monitor – Patient SPO2 Probe with extension cable, Adult and Pediatric size",EA,31,67,"2,077.00",,,,,,,,,,,,,,,,,,,,,,,,,,
,,,,,,,Monitor – Patient ECG cable with electrode,EA,20,125,"2,500.00",,,,,,,,,,,,,,,,,,,,,,,,,,
,,,,,,,"Monitor – Patient NIBP Cuff, Adult and Pediatric",EA,22,27,594.00,,,,,,,,,,,,,,,,,,,,,,,,,,
,,,,,,,Monitor – Patient Skin Temperature Probe,EA,20,21,420.00,,,,,,,,,,,,,,,,,,,,,,,,,,
,,,,,,,"Monitor – Patient SPO2 Probe with extension cable, Adult and Pediatric size",EA,22,67,"1,474.00",,,,,,,,,,,,,,,,,,,,,,,,,,
,,,,,,,Monitor – Patient Display,EA,1,356,356.00,,,,,,,,,,,,,,,,,,,,,,,,,,
,,,,,,,"Pulse Oximeter SPO2 Probe with extension cable, Adult and Pediatric size",EA,9,67,603.00,,,,,,,,,,,,,,,,,,,,,,,,,,
89,8/14/2025,ICB/Framework/EPSS6/RDF-R/PH/06/23,4500005915,Neon Laboratories Ltd,India,Micro Pharma pvt ltd co,ARSE Arsenic Trioxide (ATO) - 1mg/1ml in 10ml Ampoule - Injection,AM,450,6,"2,700.00","2,700.00",EUR,RDF,Air,8/15/2025,8/14/2025,9/24/2025,9/26/2025,Hibret Bank,HB/DIED/1038/25,9/2/2026,46,41,,,,Selamawit,Opened,10/2/2025,12/30/2025,289,Tesfaye,Fully deliverd,,,
90,8/14/2025,ICB/FW/EPSS6/RDF-R/PH/06/23,4500005788,Neon Laboratories Ltd,India,Micro Pharma pvt ltd co,Docetaxel 40mg/ml injection,EA,480,7,"3,360.00","3,360.00",EUR,RDF,Air,8/15/2025,8/14/2025,9/24/2025,9/25/2025,Hibret Bank,HB/DIED/1038/25,9/2/2026,46,41,,,,Selamawit,Opened,10/2/2025,12/30/2025,289,Sena,Fully deliverd,,,
91,8/14/2025,EPSA-ICB-G-0061-2017-Bid(FW),4500004736,Rise GLOBAL GMBH,Germany,EMA Construction & Trading PLC,Ergometrine Maleate - 0.25 mg/ml 1ml Ampoule - Injection of 10,PAC,"5,363",1.43,"7,669.09","7,669.09",USD,SDG,Air,8/15/2025,8/14/2025,8/20/2025,8/21/2025,Berhan Bank,BrB/ATB/502/25,8/15/2026,28,6,,,,Mahider,Opened,9/3/2025,12/1/2025,318,Abdulkerim,,,GMP suspended,
92,8/14/2025,EPSA-ICB-G-0061-2017-Bid(FW),4500004737,Rise GLOBAL GMBH,Germany,EMA Construction & Trading PLC,Gentamicin - 10mg/ml 2ml - Injection of 50,PAC,"16,686",2.5,"41,715.00","41,715.00",USD,MOH,Air,8/15/2025,8/14/2025,8/20/2025,8/21/2025,Berhan Bank,BrB/ATB/501/25,8/15/2026,28,6,,,,Mahider,Opened,9/3/2025,10/1/2025,318,,36 PAC-(90 USD Remain),,,
93,8/14/2025,EPSA-ICB-G-0012-2017-BID,4500005790,Neon Laboratories Ltd,India,Micro Pharma pvt ltd co,Noradrenaline (bolus administratio# IV 4mg/2ml in 2ml ampoule of 5,AM,70.204.000,"0,70","49,142.00","49,142.80",EUR,RDF,Air,8/15/2025,8/14/2025,10/7/2025,10/8/2025,Hibret Bank,HB/DIED/1079/25,9/24/2026,68,54,,,,Selamawit,Opened,10/14/2025,1/11/2026,277,Sena,Fully deliverd,,,
94,8/14/2025,EPSA-ICB-G-0061-2017-Bid(FW),4500004649,Tenama International FZ-LLC,Utd.Arab Emir,Life Care Pharmaceuticals Trading,Manual vaccuum aspirator (MVA) Kit,KIT,"8,379",15.6,"130,712.40","130,712.40",USD,SDG,Sea,8/15/2025,8/14/2025,10/28/2025,10/29/2025,Awash Bank,AB/IFB/CRM&OP/0709/25,10/21/2026,95,75,,,,Yordanos,Opened,11/18/2025,1/18/2026,242,Hirkisa,Awaiting Shipment,,,
95,8/14/2025,EPSA-ICB-G-0061-2017-Bid(FW),4500004613,Tenama International FZ-LLC,Utd.Arab Emir,Life Care Pharmaceuticals Trading,Ergometrine Maleate - 0.25 mg/ml 1ml Ampoule - Injection of 10,PAC,"3,575",1.43,"5,112.25","5,112.25",USD,SDG,Air,8/15/2025,8/14/2025,12/9/2025,12/11/2025,Awash Bank,AB/IFB/CRM&OP/0904/25,12/8/2026,143,117,,,,Gebresillassei,Opened,12/26/2025,3/25/2026,204,Abdulkerim,,,Cancel and close contract,
,,,,,,,Gentamicin - 10mg/ml 2ml - Injection of 50,PAC,"27,811",2.5,"69,527.50","69,527.50",,,,,,,,,,,,,,,,,,,,,,,,,
96,8/14/2025,EPSA-ICB-G-0061-2017-BID(FW),4500004630,Tenama International FZ-LLC,Utd.Arab.Emir,Life Care Pharmaceuticals Trading,Vitamin K1 (Phytomenadione) - 10mg/ml in 1ml ampoule - Injection of 3,AM,"191,188",2.62,"500,912.56","500,912.56",USD,SDG,Sea,8/14/2025,8/15/2025,10/28/2025,10/28/2025,Awash Bank,AB/IFB/CRM&OP/0708/25,10/22/2026,96,74,,,,Gebresillassei,Opened,11/17/2025,2/14/2026,243,Hirkisa,,,,
97,8/14/2025,EPSA-ICB-G-0061-2017-BID(FW),4500004615,Tenama International FZ-LLC,Utd.Arab.Emir,Life Care Pharmaceuticals Trading,IUCD (Iterauterine contraceptive Device) Long acting (CU380A)-,PC,"19,761",39.48,"780,164.28","780,164.28",USD,MOF,Sea,8/14/2025,8/15/2025,8/29/2025,9/2/2025,Awash Bank,AA00041819,8/28/2026,203,14,Released,2/6/2026,Jibril Ali,Yordanos,Opened,10/9/2025,1/6/2026,282,Hirkisa,Fully deliverd,,,
98,8/19/2025,EPSA-ICB-G-0062-2017-BID,4500004634,Scott Edil pharmacia Ltd,India,Kare pharmaceuticals plc,White petrolatum - Ointment of 50 gm,TU,"792,000",0.25,"198,000.00","198,000.00",USD,MOH,Sea,8/19/2025,9/8/2025,9/8/2025,9/9/2025,Awash Bank,AA00044473,5/15/2027,301,0,,,,Mahider,Opened,9/22/2025,12/20/2025,299,Efa,2.50 USD Remain,,,
99,8/19/2025,EPSA-NCB-G-0019-2017-BID(Refill)PT-30/70,4500004513,Sansheng Pharmaceutical PLC,Ethiopia,Sansheng Pharmaceutical PLC,Water For Injection - 10ml - Injection of 100 Vial,PAC,"28,561",690,"19,707,090.00","19,707,090.00",ETB,MOH-CH,Truck,8/21/2025,,8/20/2025,8/22/2025,Nib Insurance,P/02/5902/205/08,8/11/2026,24,ENTER DATE,Released,,,,Local,,,"46,221",Eyob,Fully deliverd,,"1784 PAC -(1,230,960 ETB Remain)",
100,8/21/2025,EPSA-ICB-G-0016-2017-BID,4500004096,Care Pharma FZ LLC,Utd.Arab.Emir,Life Care Pharmaceuticals Trading,Chemical - Methylene Blue - powder of 25gm,TIN,"474,000",5.76,"2,730,240.00","3,573,478.86",USD,GF-TB-GC,Air,8/27/2025,8/27/2025,11/4/2025,11/5/2025,Awash Bank,IFB/CRM&OP/0751/25,11/3/2026,127,69,Released,6/29/2026,Jibril Ali,Dejene,Opened,12/3/2025,3/1/2026,227,Amanuel,Fully deliverd,,,
,,,,,,,Chemical - Hydrochloric Acid concentrated - 37% - Solution - Solution of L,BT,"136,000",6.18,"840,480.00",,,,,,,,,,,,,,,,,,,,,,,,,,
,,,,,,,Chemical - carbol Fuchsin (Basic fuchsin) - powder of 25g,TIN,"1,703",1.62,"2,758.86",,,,,,,,,,,,,,,,,,,,,,,,,,
4/10/1900,8/26/2025,ICB/EPSS6/MOH-SDG/Spare-part/MD/05/24,4500004181,Shenzhen Middray Bio-Medical Electronics,China,Gilando Biomedical Solution PLC,Spare parts,EA,2,481.25,962.50,"279,120.31",USD,SDG,Air,8/26/2025,8/27/2025,12/5/2025,12/8/2025,Gadaa Bank,GB/ERB/214/25,12/4/2026,139,100,,,,Gebresillassei,Opened,1/14/2026,4/13/2026,185,Adisu,,,,
102,8/26/2025,EPSA-ICB-G-0026-2017-BID,4500006054,Care pharma FZ LLC,Utd.Arab Emir,Life care pharmaceutical trading,Serology - cardiac troponin immunochromatographic rapid test cassette individully packed - of 20tests,PAC,"1,128",8.75,"9,870.00","9,870.00",USD,RDF,Air,8/28/2025,9/19/2025,9/17/2025,9/19/2025,Awash Bank,AA00041829,9/16/2026,176,-2,Released,3/24/2026,Jibril Ali,Dejene,Opened,10/1/2025,12/29/2025,290,Amanuel,Fully deliverd,,,
103,8/27/2025,EPSA-ICB-G-0017-BID(2nd,4500006345,Macleods pharmaceuticals Ltd,India,Life care pharmaceutical trading,Bisacodyl - 5mg # Tablet of 10x10,PAC,"45,172",1.19,"53,754.68","53,754.68",USD,RDF,Air,8/28/2025,8/30/2025,10/1/2025,10/3/2025,Awash Bank,AA 00044419,8/31/2026,44,32,,,,Mulugeta,Opened,10/9/2025,4/7/2026,282,Sena,Fully deliverd,,LC extended,
104,8/27/2025,ICB/EPSS6/RDF-R/PH/23/23(2nd Lot),4500006392,The Say pharma Drug Store Lic,Utd.Arab Emir,GEZ Chemicals and Pharmaceuticals PLC,ISOF Isoflurane inhalation of 250ml,BT,"17,570",17.65,"310,110.50","310,110.50",USD,RDF,Air,8/28/2025,8/8/2025,9/29/2025,8/30/2025,CBE,MD2526623620,9/16/2026,60,52,,,,Mahider,Opened,10/9/2025,1/6/2026,282,Tesfaye,Fully deliverd,,,
105,8/27/2025,EPSA-ICB-G-2017-BID(2nd Lot,4500006382,Ciron Drugs And Pharmaceuticals PVT Ltd,India,Getmaz General Business PLC,KETO Ketoconazole - 2% - Cream of 20gm,TU,"300,001",0.16,"48,000.16","48,000.16",USD,RDF,Air,8/28/2025,8/30/2025,9/22/2025,9/26/2025,CBE,MD2525882534,3/2/2027,227,23,,,,Mahider,Opened,10/1/2025,12/29/2025,290,,Fully deliverd,,,
106,8/27/2025,EPSA-ICB-G-0008-2017-BID,4500006435,Intec Products Inc,China,Intec Products Inc,HCSG - Serology - Hepetitis C ab Test Cassette individually packed of 40tests,PAC,"9,522",3.96,"37,707.12","37,707.12",USD,RDF,Air,8/28/2025,8/30/2025,9/10/2025,9/18/2025,Awash Bank,2408064,3/8/2026,54,11,Released,1/13/2026,Kebede Alemu,Mulugeta,Opened,10/14/2025,1/11/2026,277,Amanuel,Fully deliverd,,,
107,8/28/2025,EPSA-ICB-G-12-2017-BID,4500006502,Ningbo Inopha Biotec Ltd,China,Sante Care pharma PLC,DEXA Dexamethasone - 4mg/ml in 2ml Ampoule - Injection of 5,PAC,"529,280",1.88,"995,046.40","995,046.40",USD,RDF,Sea,8/28/2025,8/30/2025,9/9/2025,9/9/2025,CBE,MD2524510465,8/8/2026,114,10,Released,4/16/2026,Danel Abdisa,Mahider,Opened,9/17/2025,12/15/2025,304,Efa,"1.143,49 USD Remain",,"The Supplier transfered 1,143.49 USD to EPSS account for the remaining quantity",
,,,,,,,HESO Heparin Sodium - 5000IU/ml in 5ml Ampoule - Injection of 25,PAC,"32,032",27.89,"893,372.48","893,372.48",,,,,,,,,,,,,,,,,,,,,,,,,
108,8/28/2025,ICB/EPSS6/RDF/PH/23/23,4500006394,Ciron Drugs And Pharmaceuticals PVT Ltd,India,Getmaz General Business PLC,THIO Thiopental Sodium - 0.5 g - powder For injection of 50,PAC,"4,356",22.25,"96,921.00","96,921.00",USD,RDF,Air,8/28/2025,8/30/2025,9/22/2025,9/26/2025,CBE,MD2525882534,3/2/2027,227,23,,,,Dejene,Opened,10/2/2025,12/30/2025,289,Sagni,Fully deliverd,,,
109,8/28/2025,ICB/EPSS6/RDF-R/PH/23/23(1 st Lot),4500006351,REMEDICA LTD,CYPRUS,Nebidom Trading PLC,CLON clonazepam - 2mg - Tablet of 3x10,PAC,"18,414",1.08,"19,887.12","19,887.12",USD,RDF,Air,8/28/2025,8/28/2025,11/10/2025,11/11/2025,Dashen Bank,DB/PG/018/25,8/11/2026,131,74,Released,4/2/2026,,Abdulfetah,Opened,10/23/2025,1/20/2026,268,,Fully deliverd,,,
110,8/28/2025,EPSA-ICB-G-0008-2017-BID,4500006434,"Hangzhou Alltest Biotech Co., Ltd",China,Lifecare pharmaceutical trading,HCSG Serology - Hepetitis C Ab Test Cassette individually packed of 40tests,PAC,"14,282",3.96,"56,556.72","56,556.72",USD,RDF,Air,8/28/2025,10/9/2025,10/14/2025,10/14/2025,Awash Bank,AA00038116,10/13/2026,87,5,,,,Mahider,Opened,10/23/2025,1/20/2026,268,Amanuel,Fully deliverd,,,
111,8/28/2025,EPSA-ICB-G-0008-2017-BID,4500004784,RISE GLOBAL GMBH,Germany,EMA consractyion and trading plc,IMER Chemical - Immersion Oil - Refractive Index of 1.515 of 100ml,BT,"3,674",1.16,"4,261.84","4,261.84",USD,RDF,Air,8/28/2025,9/2/2025,9/4/2025,9/5/2025,Berhan Bank,BrB/ATB/530/25,8/27/2026,181,2,Released,2/27/2026,Isreal ,Selamawit,Opened,10/1/2025,12/29/2025,290,Amanuel,Fully deliverd,,,
112,8/28/2025,ICB/EPSA6/RDF-R/PH/13/22(Reill from 7507,4500006472,Reyoung pharmaceutical,China,Reyoung pharmaceutical,AMPI Ampicillin sod - 500mg-in vial injection of 50 vial,BX,"89,838",31.25,"2,807,437.50","2,807,437.50",USD,RDF,Air,8/28/2025,10/10/2025,10/10/2025,10/11/2025,CBE,MD2527393693,9/8/2026,52,0,,,,Selamawit,Opened,10/17/2025,1/14/2026,274,Sena,Fully deliverd,,,
113,8/29/2025,ICB/EPSA6/RDF-R/PH/13/22(Reill from 7507,4500006452,Scott Edil Pharmacia,India,Kare pharmaceuticals plc,ATRO Atorvastatin - 40mg # Tablet of 10x10,PAC,"114,129,000",1.88,"214,562,520.00","214,562,520.00",USD,RDF,Air,8/29/2025,9/2/2025,9/19/2025,9/19/2025,Awash Bank,AA 00044496,9/5/2026,49,17,,,,Mahider,Opened,10/8/2025,1/5/2026,283,Tesfaye,Fully deliverd,,,
114,8/29/2025,ICB/EPSA6/RDF-R/PH/13/22(Reill from 7507,4500006463,Medicamen Biotech Limited,India,Droga ,METR Metronidazole - 125mg/5ml - Oral Suspension of 100ml,BT,"1,430,073",2.75,"3,932,700.75","3,932,700.75",USD,RDF,Sea,8/29/2025,8/30/2025,9/22/2025,9/26/2025,Awash Bank,AA000044499,8/31/2026,44,23,,,,Gebresillassei,Opened,10/1/2025,12/29/2025,290,Semira,Fully deliverd,,,
115,8/29/2025,ICB/EPSA6/RDF-R/PH/13/22(Reill from 7507,4500006446,Medicamen Biotech Limited,India,Droga ,PHEN Phenobarbitone (phenobarbital) -30mg - Tablet of 100x10,PAC,"57,807,000",4.9,"283,254,300.00","283,254,300.00",USD,RDF,Air,8/29/2025,8/29/2025,9/23/2025,9/25/2025,Awash Bank,AA00044408,8/31/2026,44,25,,,,Yordanos,Opened,10/9/2025,1/6/2026,282,Sagni,Fully deliverd,,,
116,8/29/2025,ICB/EPSA/RDF-R/PH/13/22,4500006465,Medicamen Biotech Limited,India,Droga ,SUTR Sulphamethoxazole + Trimethoprim - (20mg + 40mg)5ml - Suspension of 100ml,BT,"1,901,664",2.75,"5,229,576.00","5,229,576.00",USD,RDF,Sea,8/29/2025,8/5/2025,9/22/2025,9/26/2025,AWASH BANK,AA00044403,8/31/2026,44,48,,,,Selamawit,Opened,10/8/2025,1/5/2026,283,,Fully deliverd,,,
117,9/1/2025,EPSA-ICB-G-0015-2017-BID,4500006454,Care pharma FZ LLC,Utd Arab Emir,Life care pharmaceutical trading,Oropharyngeal Airay (Guedel) Sterile - 120mm,EA,"7,453",0.17,"1,267.01","1,267.01",USD,RDF,Air,9/1/2025,9/1/2025,,,,,,"-46,221",320,,,,Dejene,,,,"46,221",,,,,
118,9/1/2025,EPSA-ICB-G-0015-2017-BID,4500006453,Care pharma FZ LLC,Utd Arab Emir,Life care pharmaceutical trading,SUSB Surgical Scalpel Blade - No.24 of 100 pieces,PAC,"79,987",2.02,"161,573.74","216,305.88",USD,RDF,Air,9/1/2025,9/1/2025,11/4/2025,11/5/2025,AWASH BANK,IFBCRM&OP/0746/25,11/3/2026,127,64,Released,6/29/2026,Jibril Ali,Dejene,Opened,11/8/2025,2/5/2026,252,,Fully deliverd,,,
,,,,,,,SUSB Surgical Scalpel Blade - No.22 of 100 pieces,PAC,"26,569",2.06,"54,732.14",,,,,,,,,,,,,,,,,,,,,,,,,,
119,9/1/2025,EPSA-ICB-G-0015-2017-BID,4500006441,Sterilance Medical (Suzhou),China,GEZ chemicals and pharmaceuticals PLC,Surgical Scapel Blade - No.15 of 100 pieces,PAC,"18,924",2.08,"39,361.92","39,361.92",USD,RDF,Air,9/1/2025,9/1/2025,9/10/2025,9/13/2025,Lion International Bank S.C,LIBHG/PPG/54/25,9/4/2026,171,9,Released,3/17/2026,Solomon G/silase,Yordanos,Opened,9/26/2025,12/27/2025,295,Abush,Fully deliverd,,,
120,9/1/2025,EPSA-ICBG-0012-2017-BID,4500006475,VHB Medi Sciences Limited,India,Droga pharma plc,Dopamine HCI - 40 mg/ml in 5 ampoule - Injection of 5 ,PAC,"14,633",1.9,"27,802.70","27,802.70",USD,RDF,Air,9/1/2025,9/1/2025,9/22/2025,9/23/2025,Berhan Bank ,BrB/ATB/597.25,9/19/2026,63,21,,,,Yordanos,Opened,10/9/2025,1/6/2026,282,Sagni,134.90 USD Remain,,0.49% sholt due to batch yeild loss (Has letter),
121,9/1/2025,EPSA-ICB-G-0017-2017-BID(2nd Lot),4500006384,Tenama International FZ-LLC,Utd Arab Emir,Life Care Pharmaceuticals Trading,Miconazole - 0.02 - Oral Gel of 40mg,TU,"42,074",1.11,"46,702.14","46,702.14",USD,RDF,Air,9/1/2025,9/1/2025,10/28/2025,10/28/2025,Awash Bank,AB/IFB/CRM&OP/0707/25,10/22/2026,96,57,,,,Mahider,Opened,11/1/2025,1/29/2026,259,Tesfaye,47.73 USD Remain,,Remaining balance of 43 units production loss,
122,9/1/2025,ICB-EPSS6-RDF-R/2016/MS/LS/12/23,4500006541,Peters Surgical India Pvt.Ltd,India,Peters Surgical India Private LTD,Polyglycolic Acid Absorbable Braided Violet - Gauge 3.0 75cm on 27 mm 1/2 Circle Round Bodied Needle of 12 pieces,DZ,"11,095",3.19,"35,393.05","144,724.96",USD,RDF,Air,9/1/2025,9/1/2025,10/29/2025,10/29/2025,Awash Bank,AA 00044435,9/30/2026,74,58,,,,Gebresillassei,Opened,11/3/2025,1/31/2026,257,Amanuel,Fully deliverd,,,
,,,,,,, ployglycolic Acid Absorbable Braide Viole - Gauge 3.0(2/0) 75cm on 27mm 1/2 Circle Cutting Needle of 12 pieces,DZ,"20,251",3.07,"62,170.57",,,,,,,,,,,,,,,,,,,,,,,,,,
,,,,,,,Polyglycolic Acid Absorbable Braided Violet - Gauge 4.0(1) 75cm on 45 mm 1/2 Circle Round Bodied Needle of 12Dozen,DZ,"15,362",3.07,"47,161.34",,,,,,,,,,,,,,,,,,,,,,,,,,
123,9/1/2025,ICB/EPSA6/RDF-R/PH/13/22,4500006460,Leben,India,DAT International Trading P.L.C,METO Metoclopramide - 10mg - Tablet of 10x10,PAC,"108,189",0.29,"31,374.81","31,374.81",USD,RDF,Air,9/1/2025,9/6/2025,9/26/2025,9/29/2025,Berhan Bank,48372,9/19/2026,63,20,,,,Dejene,Opened,10/6/2025,1/3/2026,285,Tesfaye,Fully deliverd,,,
124,9/3/2025,ICB/EPSS6/RDF-R/PH/27/23,4500006468,VHB Medi Sciences Limited,India,LH Investment PLC,DOPA Dopamine HCI - 40 mg/ml in 5 ampoule - Injection of 5 ,PAC,"21,810",0.79,"17,229.90","17,229.90",USD,RDF,Air,9/3/2025,9/6/2025,9/17/2025,9/18/2025,Berhan Bank,BrB/ATB/592/25,9/11/2026,55,11,,,,Yordanos,Opened,9/29/2025,12/27/2025,292,Sena,Fully deliverd,,,
125,9/3/2025,EPSA-ICB-G-0056-2017-BID,4500005727,REMEDICAL LTD,Cyprus,NEBIDOM TRADING PLC,TRAN Tranexamic Acid - 500 mg - Tablet of 10x10,PAC,440,21.65,"9,526.00","9,526.00",USD,RDF,Air,9/3/2025,8/28/2025,11/10/2025,11/11/2025,Dashen Bank,DB/PG/016/25,8/15/2026,135,74,Released,4/2/2026,Daniel moges,Yordanos,Opened,10/24/2025,1/21/2026,267,Tesfaye,Fully deliverd,,,
126,9/3/2025,EPSA-ICB-G-0017-2017-BID,4500006371,RISE GLOBAL GMNH,Germany,EMA consractyion and trading plc,DOTI Timolol Maletate + Dorzolamide - (0.5 % + 2%) - Eye Drop of 5ml,BT,"29,575",1.4,"41,405.00","41,405.00",USD,RDF,Air,9/3/2025,9/6/2025,9/17/2025,9/18/2025,Berhn Bank,BrB/ATB/590/25,10/11/2026,226,11,Released,2/27/2026,Esrael,Selamawit,Opened,10/8/2025,1/5/2026,283,Sena,Fully deliverd,,,
127,9/3/2025,EPSA-ICB/G/0015/2017/BID,4500006461,Gst Corporation Ltd,India,Zaf pharmaceutical pvt ltd,ORPA Oropharyngeal Airay (Guedel) Sterile - 60mm,EA,"7,219",0.14,"1,010.66","3,038.95",USD,RDF,Air,9/3/2025,9/6/2025,9/10/2025,9/18/2025,Awash Bank,AA 00042205,9/7/2026,51,4,,,,Dejene,Opened,9/29/2025,12/27/2025,292,Amanuel,Fully deliverd,,,
,,,,,,,PUBR - PUMP Breast Manual plastic-30ml,EA,"1,517",0.49,743.33,,,,,,,,,,,,,,,,,,,,,,,,,,
,,,,,,,ORPA  - Oropharygeal Aieway (Guedel0 Sterile - 90mm,EA,"8,031",0.16,"1,284.96",,,,,,,,,,,,,,,,,,,,,,,,,,
128,9/3/2025,ICB/Framework/EPSS6/RDF-R/PH/06/23,4500006590,Therdose pharma pvt.Ltd,Inida,Life Care pharmaceuticals Trading,OXAL Oxaliplatine - 50mg/ml - injection of Vial,VI,"17,442",7.71,"134,477.82","139,536.00",USD,RDF,Air,9/3/2025,9/7/2025,10/14/2025,10/14/2025,Awash Bank,AA00038118,10/13/2026,249,ENTER DATE,Released,2/6/2026,Jibril Ali,Selamawit,Opened,10/25/2025,1/22/2026,266,Tesfaye,Fully deliverd,,,
,,,,,,,Freight charge,AU,1,"5,058.18","5,058.18",,,,,,,,,,,,,,,,,,,,,,,,,,
129,9/3/2025,EPSA-ICB-G-0012-2017-BID,4500006390,Beximco pharmaceuticals Ltd,Bangladesh,Bshaw General Trading PLC,Beclomethasone Dipropionate - 100mcg/dose - Aerosol (Oral lnhalation) of 200 methered dose,BT,"188,592",4,"754,368.00","754,368.00",USD,RDF,Air,9/3/2025,9/6/2025,10/6/2025,10/7/2025,Zam Zam,ZZB/IBD/GI/002/2025,9/27/2026,206,35,Released,3/5/2026,Ahimed Ali,Dejene,Opened,10/17/2025,1/14/2026,274,,1 BT( 4 USD)Remain,,,
130,9/3/2025,ICB/Framework/EPSS6/RDF-R/PH/06/23,4500006047,"Khandelwal Laboratories pvt,Ltd",India,"Estro import & Export pvt,Ltd",PACL Paclitaxel - 100mg/16.7ml - Injection of 16.7ml,VI,"12,138",4.5,"54,621.00","54,621.00",USD,RDF,Air,9/3/2025,9/3/2025,10/8/2025,10/10/2025,Brrhan Bank,BrB/MB/PG/8732/25,9/11/2026,55,23,,,-,Yordanos,Opened,10/16/2025,1/13/2026,275,Tesfaye,Fully deliverd,,,
131,9/3/2025,ICB/EPSA6/RDF-R/PH/13/22,4500006471,Ningbo inopha Biotec Ltd,China,Sante Care pharma PLC,OMEP Omeprazole - 4mg/ml in 10ml in 10ml # Injection with diluent,PAC,"509,742",0.28,"142,727.76","142,727.76",USD,RDF,Air,9/3/2025,9/8/2025,10/1/2025,10/1/2025,CBE,MD2525900338,8/20/2026,206,ENTER DATE,Released,1/26/2026,Danieal Abdisa,Mahider,Opened,10/1/2025,12/29/2025,290,Efa,Fully deliverd,,,
132,9/3/2025,ICB/Framework/EPSS6/RDF-R/PH/06/23,4500006560,RISE GLOBAL GMBH,Germany,EMA consractyion and trading plc,CISP Cisplatin - 50mg/50ml - intravenous Infusion of 50ml,VI,"16,940",2.31,"39,131.40","167,488.20",USD,RDF,Air,9/3/2025,9/672025,9/17/2025,9/18/2025,Berhan Bank,BrB/ATB/591/25,9/12/2026,197,ENTER DATE,Released,2/27/2026,Israel,Selamawit,Opened,9/29/2025,12/27/2025,292,Sena,Fully deliverd,,,
,,,,,,,GEMC Gemcitabine - 1gm in Vial - powder for Injection,VI,"17,160",7.48,"128,356.80",,,,,,,,,,,,,,,,,,,,,,,,,,
133,9/3/2025,ICB/EPSA6/RDF-R/PH/13/22,4500006583,Unique pharmaceutical Laboratories,India,Ethio Spydra P.LC,Nifedipine 20mg # Tablet of 10x10,PAC,"233,153",0.62,"144,554.86","144,554.86",USD,RDF,Air,9/3/2025,9/8/2025,9/26/2025,9/29/2025,CBE,MD2525819542,12/31/2026,166,18,,,,Dejene,Opened,10/15/2025,1/15/2026,276,Samuel ,Fully deliverd,Closed,,
134,9/3/2025,ICB/EPSA6/RDF-R/PH/13/22,4500006585,Unique pharmaceutical Laboratories,India,Ethio Spydra P.LC,Nifedipine 20mg # Tablet of 10x10,PAC,"100,000",0.62,"62,000.00","62,000.00",USD,RDF,Air,9/3/2025,9/8/2025,9/26/2025,9/29/2025,CBE,MD2525842400,12/31/2026,166,18,,,,Dejene,Opened,10/9/2025,1/6/2026,282,Sagni,Fully deliverd,,,
135,9/3/2025,EPSA-ICB-G-0012-2017-BID-BID(2nd Lot),4500006450,AXA PARENTERALS LIMITED,India,AXA PARENTERALAS LIMITED,Metronidazole - 5mg/ml - Intravenous Infusion of 100ml,BT,"3,304,035",1.34,"4,427,406.90","4,427,406.90",USD,RDF,Air,9/3/2025,9/3/2025,11/12/2025,11/13/2025,Bunna Bank,2025.PB.0067,11/1/2026,106,70,,,,Mulugeta,Opened,12/4/2025,3/3/2026,226,Efa,,,,
136,9/3/2025,ICB/EPSS6/RDF-R/PH/27/23(2nd Lot),4500006423,Sakar Healthcare Limited,India,Medtech Ethiopia PLC,Vecuronium Bromide - 10mg - powder for injection with Diluent#,EA,"131,094",0.64,"83,900.16","83,900.16",USD,RDF,Air,9/5/2025,9/7/2025,9/15/2025,9/17/2025,Hinret Bank,HB/167/PB/5376/25,9/14/2026,235,8,Released,1/22/2026,Rahale hailu,Mahider,Opened,,,"46,221",,Fully deliverd,,,
137,9/5/2025,ICB/Framework/EPSS6/RDF-R/PH/06/23,4500006562,Aurobindo pharma,India,Mesroy International plc,Ondansetrone - 8mg - Tablet of 2x10,PAC,"12,504",0.75,"9,378.00","9,378.00",USD,RDF,Air,9/5/2025,9/5/2025,10/10/2025,10/11/2025,Bunna Bank,2025.PB.0061,10/5/2026,79,35,,,,Mahider,Opened,10/15/2025,1/12/2026,276,Tesfaye,,,No Response from the Supplier,
138,9/5/2025,EPSA/ICB/G/0012-2017-BID,4500006367,Galentic pharma,India,Caroga Pharma Ethiopia P.L.C,Acyclovir 3% - Eye Ointment of 4.5gm,TU,"41,796",0.6,"25,077.60","25,077.60",USD,RDF,Air,9/5/2025,,,,,,,"-46,221",ENTER DATE,,,,Dejene,,,,"46,221",,,Closed without shipment,Supplier could not supply due to facility expansion,
139,9/5/2025,ICB/EPSS6/RDF-R/PH/27/23(2nd Lot),4500006421,Scott Edil pharmaica Ltd,India,Kare Pharmaceutical PLC,Risperidone 2mg - Tablet of 10x10,PAC,"99,329",0.45,"44,698.05","208,551.37",USD,RDF,Air,9/5/2025,9/5/2025,9/24/2025,9/25/2025,AWash Bank,AA00044500,9/12/2026,56,19,,,,Mahider,Opened,10/9/2025,1/6/2026,282,Samuel ,Fully deliverd,Closed,,
,,,,,,,Vitamin B1 + Vitamin B6 + Vitamin B12 - (100mg +  200mg + 1000mcg) - Tablet of 10x10,PAC,"67,153",2.44,"163,853.32",,,,,,,,,,,,,,,,,,,,,,,,,,
140,9/5/2025,ICB/EPSS6/RDF-R/PH/27/23(2nd Lot),4500006417,Medicamen Biotech Limited,India,Medicamen Biotech Limited,Phenytoin (Diphenhydantoin) - 100mg - Tablet of 100,PAC,"124,902",0.68,"84,933.36","84,933.36",USD,RDF,Air,9/5/2025,9/7/2025,9/22/2025,9/26/2025,AWASH BANK,AA00044498,8/31/2026,44,15,,,,Mahider,Opened,10/6/2025,1/4/2026,285,Sagni,Fully deliverd,,,
141,9/9/2025,ICB/EPSS6/MOH-SDG/Spare part/MD/0524,4500004283,BOSTON MEDICAL FZE,Utd.Arab Emir,Infinity advanced technology solution plc,Spare parts,EA,10,528.22,"5,282.20",200030.38,USD,SDG/ME,Air,9/6/2025,9/8/2025,10/6/2025,10/9/2025,Lion International Bank S.C,LIB/LG/1499/10/25,9/29/2026,73,28,,,,Dejene,Opened,10/21/2025,1/17/2026,270,Abush,,,No Spare parties delivered,
142,9/5/2025,"EPSS6/RT2/RDF-R/Placement/LR/04/23,Lot 3",4500006313,High Technology Inc,USA,Shegna,"ANCH Analyzer - Clinical Henatology, 3Differential,high technology Micro CC-20",EA,80,0,0.00,0.00,USD,RDF,,8/15/2025,not needed b/se zero price,,,,,,"-46,221",ENTER DATE,,,,,,,,"46,221",Amanuel,Fully deliverd,,,
143,9/5/2025,EPSS6/RT2/RDF-R/Placement/LR/04/23,4500004793,High Technology Inc,USA,Shegna,"MCCO Micro CC-20 plus - Tri-Level (L,NH) Control of 3*2.5ml",PAC,80,55,"4,400.00","4,400.00",USD,RDF,Air,9/15/2025,9/10/2025,10/27/2025,10/28/2025,Dashen Bank,DB/PG/014/25,10/20/2026,94,47,,,,Yordanos,Opened,1/31/2026,4/30/2026,168,Kaleab,Fully deliverd,,,
,,,,,,,MCCA micro CC-20 plus - Calibrator of 2.5ml,BT,80,0,0.00,,,,,,,,,,,,,,,,,,,,,,,,,,
144,9/5/2025,EPSS6/RT2/RDF-R/placement/LR/04/23,4500006312,High Technology Inc,USA,Shegna,Micro CC-20 plus - Diluent of 20L,JAR,560,90,"50,400.00",167508.8,USD,RDF,Sea,9/15/2025,9/10/2025,10/27/2025,10/28/2025,Dashen Bank,DB/PG/014/25,10/20/2026,94,47,,,,Yordanos,Opened,11/4/2025,1/31/2026,256,,Fully deliverd,,,
,,,,,,,Micro CC-20 plus - Lyse of 1L,BT,320,151,"48,320.00",,,,,,,,,,,,,,,,,,,,,,,,,,
,,,,,,,Micro CC-20 plus - cleaner of 1L,BT,"1,040",47.22,"49,108.80",,,,,,,,,,,,,,,,,,,,,,,,,,
,,,,,,,Micro CC-20 plus - Enzymatic cleaner concentrate of 50ml,BT,480,41,"19,680.00",,,,,,,,,,,,,,,,,,,,,,,,,,
145,9/5/2025,ICB/EPSS6/MOH-SDG/MD/29/23,4500003059,Spot Medical Equipment FZE,Utd.Arab Emir,Spot Medical Equipment FZE,Refrigerator - Vaccine,EA,17,"7,091.00","120,547.00","120,547.00",USD,MOH-ME,Sea,8/15/2025,9/10/2025,10/22/2025,10/23/2025,Global Bank Ethiopia,1025,10/15/2026,94,42,Released,7/13/2026,Lina Anteneh,Dejene,Opened,10/28/2025,1/24/2026,263,Adisu,Fully deliverd,,"Shipped, but not received",
146,9/5/2025,EPSS6/RT2/RDF-R/placement/LR/04/23,4500005569,High Technology Inc,USA,Shegna,Micro CC-20 plus - Diluent of 20L,JAR,364,90,"32,760.00",108880.72,USD,SDG-LAB,Sea,9/15/2025,9/10/2025,10/27/2025,10/28/2025,Dashen Bank,DB/PG/014/25,10/20/2026,94,47,,,,Yordanos,Opened,11/4/2025,1/31/2026,256,Amanuel,Cleared to WH,,,
,,,,,,,Micro CC-20 plus - Lyse of 1L,BT,208,151,"31,408.00",,,,,,,,,,,,,,,,,,,,,,,,,,
,,,,,,,Micro CC-20 plus - cleaner of 1L,BT,676,47.22,"31,920.72",,,,,,,,,,,,,,,,,,,,,,,,,,
,,,,,,,Micro CC-20 plus - Enzymatic cleaner concentrate of 50ml,BT,312,41,"12,792.00",,,,,,,,,,,,,,,,,,,,,,,,,,
147,9/5/2025,EPSS6/RT2/RDF-R/Placement/LR/04/23,4500005603,High Technology Inc,USA,Shegna,"Micro CC-20 plus - Tri-Level (L,NH) Control of 3*2.5ml",PAC,52,55,"2,860.00","2,860.00",USD,SDG-LSB,Air,8/15/2025,9/10/2025,10/27/2025,10/28/2025,Dashen Bank,DB/PG/014/25,10/20/2026,94,47,,,,Yordanos,Opened,6/12/2026,9/9/2026,36,,,,,
,,,,,,,Micro CC-20 plus - Calibrator of 2.5ml,BT,52,0,0.00,,,,,,,,,,,,,,,,,,,,,,,,,,
148,9/5/2025,EPSS6/RT2/RDF-R/Placement/LR/04/23,4500005613,High Technology Inc,USA,Shegna,"Analyzer - Clinical Henatology, 3Differential,high technology Micro CC-20",EA,52,0,0.00,0.00,USD,SDG-LAB,Sea,9/15/2025,Not needed,,,,,,"-46,221",ENTER DATE,,,,,,,,"46,221",,,,,
149,9/5/2025,EPSS6/RT2/RDF-R/Placement/LR/04/23,4500004831,High Technology Inc,USA,Shegna,"Micro CC-20 plus - Tri-Level (L,NH) Control of 3*2.5ml",PAC,40,55,"2,200.00","2,200.00",USD,RDF,Air,9/15/2025,9/10/2025,10/27/2025,10/28/2025,Dashen Bank,DB/PG/014/25,10/20/2026,94,47,,,,Yordanos,Opened,3/12/2026,6/8/2026,128,Amanuel,Fully deliverd,,,
,,,,,,,Micro CC-20 plus - Calibrator of 2.5ml,BT,40,0,0.00,0.00,,,,,,,,,,,,,,,,,,,,,,,,,
150,9/5/2025,"EPSS6/RT2/RDF-R/Placement/LR/04/23,Lot2",4500006255,High Technology Inc,USA,Shegna,"Analyzer - Clinical Henatology, 3Differential,high technology Micro CC-20",EA,40,0,0.00,0.00,USD,RDF,Sea,9/15/2025,Not needed,,,,,,"-46,221",ENTER DATE,,,,,,,,"46,221",,Fully deliverd,,,
151,9/5/2025,"EPSS6/RT2/RDF-R/Placement/LR/04/23,Lot2",4500006256,High Technology Inc,USA,Shegna,Micro CC-20 plus - Diluent of 20L,JAR,280,90,"25,200.00","83,754.40",USD,RDF,Sea,9/15/2025,9/10/2025,10/27/2025,10/28/2025,Dashen Bank,DB/PG/014/25,10/20/2026,94,47,,,,Yordanos,Opened,11/4/2025,1/31/2026,256,,Fully deliverd,,,
,,,,,,,Micro CC-20 plus - Lyse of 1L,BT,160,151,"24,160.00",,,,,,,,,,,,,,,,,,,,,,,,,,
,,,,,,,Micro CC-20 plus - cleaner of 1L,BT,520,47.22,"24,554.40",,,,,,,,,,,,,,,,,,,,,,,,,,
,,,,,,,Micro CC-20 plus - Enzymatic cleaner concentrate of 50ml,BT,240,41,"9,840.00",,,,,,,,,,,,,,,,,,,,,,,,,,
152,9/5/2025,EPSS6/RT2/RDF-R/Placement/LR/04/23,4500003982,High Technology Inc,USA,Shegna,"Micro CC-20 plus - Tri-Level (L,N,H) Control of 3*2.5ml",PAC,42,55,"2,310.00","2,310.00",USD,MOF-HP,Air,,9/10/2025,10/27/2025,10/28/2025,Dashen Bank,DB/PG/014/25,10/20/2026,94,47,,,,Yordanos,Opened,3/12/2026,6/8/2026,128,Amanuel,Fully deliverd,,,
,,,,,,,Micro CC-20 plus - Calibrator of 2.5ml,BT,42,0,0.00,0.00,,,,,,,,,,,,,,,,,,,,,,,,,
153,9/5/2025,EPSS6/RT2/RDF-R/Placement/LR/04/23,4500006307,High Technology Inc,USA,Shegna,"Analyzer - Clinical Henatology, 3Differential,high technology Micro CC-20",EA,42,0,0.00,0.00,USD,MOF-HP,Sea,9/15/2025,Not needed,,,,,,"-46,221",ENTER DATE,,,,,,,,"46,221",Amanuel,Fully deliverd,,,
154,9/5/2025,"EPSS6/RT2/RDF-R/Placement/LR/04/23,Lot2",4500006309,High Technology Inc,USA,Shegna,Micro CC-20 plus - Diluent of 20L,JAR,294,90,"26,460.00",87942.12,USD,MOF-HP,Sea,9/15/2025,9/10/2025,10/27/2025,10/28/2025,Dashen Bank,DB/PG/014/25,10/20/2026,94,47,,,,Yordanos,Opened,11/4/2025,1/31/2026,256,,Fully deliverd,,,
,,,,,,,Micro CC-20 plus - Lyse of 1L,BT,168,151,"25,368.00",,,,,,,,,,,,,,,,,,,,,,,,,,
,,,,,,,Micro CC-20 plus - cleaner of 1L,BT,546,47.22,"25,782.12",,,,,,,,,,,,,,,,,,,,,,,,,,
,,,,,,,Micro CC-20 plus - Enzymatic cleaner concentrate of 50ml,BT,252,41,"10,332.00",,,,,,,,,,,,,,,,,,,,,,,,,,
155,9/5/2025,ICB/PSA6/RDF/CT&MRI/MI25/19,4500006358,Boston Medical Fze,Utd.ArabEmir,Infinity advanced technology solution plc,MRIM MRI Machine - 1.5T,EA,1,"760,000","760,000.00","760,000.00",USD,RDF,Air,9/17/2025,9/17/2025,10/14/2025,10/16/2025,Lion international Bank,LIB/LG/1563/10/25,10/7/2026,81,27,,,,Mulugeta,Opened,11/1/2025,1/29/2026,259,Adisu,Fully deliverd,,,
156,9/5/2025,ICB/PSA6/RDF/CT&MRI/MI25/20,4500006360,Boston Medical Fze,Utd.ArabEmir,Infinity advanced technology solution plc,MRIM MRI Machine - 1.5T,EA,1,"760,000","760,000.00","760,000.00",USD,RDF,Air,9/17/2025,9/17/2025,10/14/2025,10/16/2025,Lion international Bank,LIB/LG/1562/10/25,10/7/2026,81,27,,,,Mulugeta,Opened,11/1/2025,1/29/2026,259,Adisu,Fully deliverd,,,
157,9/5/2025,ICB/Framework/EPSS6/RDF-R/PH/06/23,4500006553,Khandelwal Laboratories Pvt.Ltd,India,Estro Import & Export Pvt.Ltd ,Anastrazole - 1mg - Tablet (Film coated) of 10x3,PAC,"26,453",1.35,"35,711.55","35,711.55",USD,RDF,Air,9/15/2025,9/12/2025,9/16/2025,9/17/2025,Berhan Bank,BrB/MB/PG/25,9/11/2026,55,4,,,,Yordanos,Opened,9/29/2025,12/27/2025,292,Tesfaye,Fully deliverd,,,
,,,,,,,CARB Carboplatin - 450mg/45ml in Vial - Injection of 45ml,VI,"14,329",16,"229,264.00","229,264.00",,,,,,,,,,,,,,,,,,,,,,,,,
158,9/5/2025,EPSA-ICB-G-0012-BID,4500006395,Orient Int.Holding Shanghai,China,ZAF Pharmaceuticals,CIPR Ciprofloxacin - 0.30% - Eye/Ear drop of 5ml,BT,"383,313",1.14,"436,976.82","436,976.82",USD,RDF,Air,8/25/2025,10/22/2025,10/27/2025,10/28/2025,Awash Bank,AA 00042617,10/23/2026,97,5,,,,Dejene,Opened,11/6/2025,2/3/2026,254,Semira,Fully deliverd,,,
159,9/9/2025,ICB/EPSS6/RDF-R/PH/27/23,4500005860,Scott Edil pharmacia Ltd,India,Kare pharmaceuticals plc,ADRE Adrenaline (Epinephrine) - 0.1% in 1m ampoule # Injection,AM,"130,735",0.59,"77,133.65","77,133.65",USD,RDF,Air,9/15/2025,9/15/2025,10/14/2025,10/14/2025,Awash Bank,AA00044433,9/20/2026,64,29,,,,Mahider,Opened,10/23/2025,1/20/2026,268,Sena,Fully deliverd,,,
160,9/9/2025,EPSA-ICB-G-0017-BID,4500005838,Ciron Drugs And pharmaceuticals Pvt Ltd,India,Getmaz General Business PLC,BETA Betamethasone Diproionate - 0.05% - Ointment of 20gm,TU,"118,060",0.16,"18,889.60","18,889.60",USD,RDF,Sea,8/15/2025,9/17/2025,10/21/2025,10/21/2025,CBE,MD2528720464,4/1/2027,257,34,,,,Mahider,Opened,10/23/2025,1/20/2026,268,Samuel ,Fully deliverd,Closed,,
161,9/9/2025,EPSA-ICB-G-0012-BID,4500006396,Brawn Laboratories Ltd,India,MEDTECH ETHIOPIA PLC,AZIT Azithromycin 200mg/5ml - Oral Suspension of 15ml,BT,"453,038",2.65,"1,200,550.70","1,200,550.70",USD,RDF,Sea,8/15/2025,9/17/2025,10/21/2025,10/21/2025,Awash Bank,AA 00044443,11/13/2026,118,34,,,,Mahider,Opened,10/25/2025,1/22/2026,266,Semira,95.40 USD remain,,,
162,9/9/2025,EPSA-ICB-G-0012-2017-BID(1st Lot),4500006768,The Say pharma Durug Store Lic,Utd.Arab Emir,GEZ Chemicals and pharmaceuticals PLC,ISOF Isoflurane inhalation of 250ml,BT,"13,769",17.65,"243,022.85","243,022.85",USD,RDF,Air,9/15/2025,9/15/2025,10/16/2025,10/17/2025,CBE,MD2528157190,10/7/2026,81,31,,,,Dejene,Opened,10/23/2025,1/19/2026,268,Tesfaye,Fully deliverd,,,
163,9/10/2025,EPSA-ICB-0056-2017-BID,4500005845,REMEDICA LTD,Cyprus,NEBIDOM TRADING PLC,AZAT Azathioprine - 50mg - Tablet of 10x10,PAC,330,5.5,"1,815.00","1,815.00",USD,RDF,Air,8/15/2025,9/15/2025,11/10/2025,11/11/2025,Dashen Bank,DB/PG/017/25,8/15/2026,135,56,Released,4/2/2026,Daniel moges,Selamawit,Opened,11/1/2025,1/29/2026,259,Tesfaye,Fully deliverd,,,
164,9/10/2025,EPSA-ICB-G-0012-2017-BID,4500006538,Medicamen Biotech Limited,Delhi India,Medicamen Biotech Limited,CARB Carbamazepine - 100mg/5ml - Syrup of 100ml,BT,"7,364",0.95,"6,995.80","27,438.25",USD,RDF,Air,8/15/2025,9/15/2025,10/16/2025,10/17/2025,Awash Bank,AA 00044437,9/30/2026,74,31,,,,Mahider,Opened,10/23/2025,1/20/2026,268,Sagni,Fully deliverd,,,
,,,,,,,TRIF Trifluoperazine HCL - 5mg - Tablet of 10x10,PAC,"9,891",0.55,"5,440.05",,,,,,,,,,,,,,,,,,,,,,,,,,
,,,,,,,CLOZ Clozapine - 100mg - Tablet of 5x10,PAC,"10,716",1.4,"15,002.40",,,,,,,,,,,,,,,,,,,,,,,,,,
165,9/3/2025,EPSA-ICB-G-0012-BID,4500006397,Leben,India,DAT internationaltrading PLC,AZIT Azithromycin 200mg/5ml - Oral Suspension of 15ml,BT,"302,026",2.65,"800,368.90","800,368.90",USD,RDF,Sea,8/15/2025,9/15/2025,9/26/2025,9/29/2025,Bunna Bank,48373,9/19/2026,63,11,,,,Dejene,Opened,10/6/2025,1/3/2026,285,Semira,63.60 USD Remain,,240 BT-63.60 USD Remain,
166,9/9/2025,ICB/EPSS6/RDF*R/PH/27/23,4500006398,Pinnacle Life Science pvt.Ltd,India,Micropharma,CLOP Clopidogrel 75mg tablet of 10x10,PAC,"12,264",1.5,"18,396.00","18,396.00",USD,RDF,Air,9/15/2025,9/15/2025,10/30/2025,10/30/2025,CBE,MD2529600099,10/15/2026,89,45,,,,Gebresillassei,Opened,10/25/2025,1/22/2026,266,Tesfaye,391.50 USD Remain,,261 PAC-391.50 USD Remain,
167,9/9/2025,EPSA-ICB-G-0012-BID,4500006506,UNITED PHARMA (K) Limited,Kenya,Halicare Trading One Member PLC,Morphine Sulphate - 10mg/ml - Injection of 10,PAC,"22,764",4.25,"96,747.00","96,747.00",USD,RDF,Air,9/15/2025,9/15/2025,10/9/2025,10/13/2025,Abay Bank,101IIGE252800001,10/15/2026,89,24,,,,Yordanos,Opened,10/6/2025,1/13/2026,285,Sagni,Fully deliverd,,,
168,9/9/2025,ICB/Framework/EPSS6/RDF-R/PH/06/23,4500006557,Venus Remedius Ltd,India,Woyn Chemicals General Business PLC,Bortezomib - 3.5mg in Vial - powder for Injection (Lyophilized),VI,"2,478",25.6,"63,436.80","63,436.80",USD,RDF,Air,8/15/2025,9/17/2025,9/24/2025,9/25/2025,Berhan Bank,BRIB/MKA/995/25,9/22/2026,102,7,Released,6/12/2026,Yegerem,Selamawit,Opened,10/2/2025,12/30/2025,289,Sena,,,Suspended by WHO but now released (Cancelled &replaced by PO-450010638,
169,9/9/2025,ICB/EPSS6/RDF*R/PH/27/23,4500005854,Medicamen Biotech Limited,India,Medicamen Biotech Limited,Chlorpromazine Hydrochloride - 100mg - Tablet of 100x10,PAC,"11,748",9.75,"114,543.00","114,543.00",USD,RDF,Air,8/15/2025,9/17/2025,10/8/2025,10/9/2025,Awash Bank,AA00044426,8/31/2026,44,21,,,,Gebresillassei,Opened,10/16/2025,1/13/2026,275,Sagni,Fully deliverd,,,
170,9/9/2025,ICB/Framework/EPSS6/RDF-R/PH/01/19,4500006476,Bafna pharmaceuticals Ltd,India,Estro Import And Export,Splronolactone - 25mg # Tablet of 10x10,PAC,"124,218",1.2,"149,061.60","149,061.60",USD,RDF,Air,8/17/2025,9/13/2025,9/19/2025,9/26/2025,Berhan Bank,BeB/MB/PG/8731/25,9/17/2026,61,6,,,,Dejene,Opened,10/1/2025,12/29/2025,290,Sena,Fully deliverd,,,
171,9/9/2025,ICB/Framework/EPSS6/RDF-R/PH/01/19,4500006477,Sance Laboratories pvt.Ltd,India,Alovera pharmaceuticals And medical equipment P.L.C,Cefixime 400mg - Capsule of 10x10,PAC,"12,875",10.88,"140,080.00","140,080.00",USD,RDF,Air,8/17/2025,9/17/2025,9/26/2025,10/1/2025,Awash Bank,AA 00032703,9/25/2026,248,9,Released,1/20/2026,Alemitu Debo,Selamawit,Opened,10/9/2025,1/6/2026,282,Sena,Fully deliverd,,,
172,9/16/2025,EPSA-ICB-G-0012-BID,4500006550,Rise Global GMBH,Germany,EMA consractyion and trading plc,Metoprolol succinate-25mg Tablet of 30,PAC,"342,199",213.21,"72,960,248.79","72,960,248.79",USD,RDF,Sea,8/17/2025,8/17/2025,10/1/2025,10/3/2025,Berhan Bank,BrB/ATB/612/25,9/25/2026,151,45,Released,4/27/2026,Gelane ,Gebresillassei,Opened,10/20/2025,1/17/2026,271,Samuel ,Fully deliverd,Closed,,
,,,,,,,Metoprolol succinate-50mg Tablet of 30,PAC,"78,955",197.14,"15,565,188.70","15,565,188.70",,,,,,,,,,,,,,,,,,,,,,,,,
173,9/17/2025,EPSA-ICB-G-0012-2017-BID(1st Lot),4500006736,Lincoln Pharmaceuticals Limited ,Gujarat India,Izara Pharmaceuticals,Dexamethasone - 0.10% - Eye/Ear#suspension# of 10ml,BT,"1,092,641",2.04,"2,228,987.64","2,228,987.64",USD,RDF,Sea,9/17/2025,9/19/2025,10/7/2025,10/8/2025,Awash Bank,AA00044424,9/20/2026,64,18,,,,Gebresillassei,Opened,10/15/2025,1/12/2026,276,Semira,122.40 USD remain,,Not Release performance garatere Hailu,
174,9/19/2025,EPSA-ICB-G-0012-2017-BID,4500006520,Medicamen Biotech Limited,India,Droga Pharma pvt.Ltd>co,DIGO Digoxin 0.25mg - Tablet of 10x10,PAC,"51,392",2.05,"105,353.60","105,353.60",USD,RDF,Sea,8/19/2025,8/19/2025,10/1/2025,9/2/2025,Awash Bank,AA00044418,8/31/2026,44,43,,,,Mahider,Opened,10/9/2025,1/6/2026,282,Samuel ,Fully deliverd,,,
175,9/19/2025,EPSA-ICB-G-0012-2017-BID,4500006426,Medicamen Biotech Limited,India,Droga Pharma pvt.Ltd>co,DEXA Dexamethasone - 4mg - Tablet of 10x10,PAC,"16,674",0.78,"13,005.72","13,005.72",USD,RDF,Air,9/19/2025,9/19/2025,10/1/2025,10/2/2025,Awash Bank,AA00044416,8/31/2026,44,12,,,,Mahider,Opened,10/9/2025,1/6/2026,282,Sagni,Fully deliverd,,,
176,9/19/2025,ICB/EPSS6/RDF-R/PH/27/23,4500006413,Scott Edil pharmacia Ltd,India,Kare pharmaceuticals plc,CHLO Chlorpromazine Hydrochloride - 25mg/2ml in 2ml Ampoule - Injection of 50,PAC,"1,371",4,"5,484.00","5,484.00",USD,RDF,Air,9/17/2025,9/19/2025,10/27/2025,10/27/2025,Awash Bank,aa00044902,10/17/2026,91,38,,,,Mahider,Opened,10/23/2025,1/20/2026,268,,Fully deliverd,,,
177,9/19/2025,EPSA-ICB-G-0012-2017-BID,4500006405,Aculife Healthcare pvt Ltd,India,Ze-el Trading plc.,MANN Mannitol - 20% in500ml Ampoule Intravenous Infusion of 500ml,AM,"24,690",1.5,"37,035.00","37,035.00",USD,RDF,Sea,9/17/2025,9/19/2025,10/6/2025,10/8/2025,CBE,MD2526923949,9/30/2026,74,17,,,,Gebresillassei,Opened,10/15/2025,1/11/2026,276,Samuel ,3960 USD remain,,,
178,9/19/2025,EPSA-ICB-G-0037-2017-BID,4500004023,Humanwell pharmaceutical ethiopia,Ethiopia,Humanwell pharmaceutical ethiopia,DICL Diclofenac Sodium - 25mg/ml in 3ml ampoule - njection of 10x10,PAC,"194,517",700,"136,161,900.00","136,161,900.00",ETB,RDF,Truck,,,,,,,,"-46,221",ENTER DATE,,,,,,,,"46,221",Eyob,,,GMP ,
179,9/24/2025,EPSA-ICB-G-0012-2017-BID,4500006439,Neon Laboratory Ltd,India,Micro pharma private Limited,Haloperidol - 5mg/ml in 1ml Ampule - Injection of 10,PAC,"55,368",0.8,"44,294.40","54,177.97",EUR,RDF,Air,9/25/2025,9/26/2025,10/1/2025,10/1/2025,Hibret Bank,HB/DIED/1000/25,9/17/2026,61,5,,,,Selamawit,Opened,10/11/2025,1/8/2026,280,Sagni,Fully deliverd,,,
,,,,,,,Ketamine HCL - 50 mg/ml - Injection of 10ml,AM,"24,278",40.71,"988,357.38",,,,,,,,,,,,,,,,,,,,,,,,,,
180,9/24/2025,ICB/EPSS6/RDF-R/PH/27/23,4500006445,SCOTT Edil pharmacia Ltd,India,Kare pharmaceuticals plc,Hydralazine - 20mg/ml in 1ml ampoule - Injection of 5,PAC,"32,580",0.38,"12,380.40","12,380.40",USD,RDF,Sea,9/25/2025,9/25/2025,11/3/2025,11/3/2025,Awsh Bank,AA 00044904,10/17/2026,91,71,,,,Gebresillassei,Opened,10/28/2025,1/24/2026,263,,Fully deliverd,Closed,,
181,9/24/2025,EPSA-ICB-G-0078-2017-(HIV-PO),4500004193,Tenama International FZ-LLC,Utd Arab Emir,Life Care Pharmaceuticals Trading,"Plumpy Nut, Ready to Use Supplementary Food (RUSF)-PASTE OF 150 Sachet",PAC,"17,142",34.52,"591,741.84","591,741.84",USD,MOF-NUT,Sea,9/25/2025,9/25/2025,12/5/2025,12/5/2025,Awash Bank,AB/IFB/CRM&OP/0873/25,12/3/2026,138,6,,,,Mulugeta,Opened,12/26/2025,3/25/2026,204,Efa,34.52 USD Remain,,,
182,9/24/2025,ICB/Framework/EPSS6/RDF-R/PH/06/23,4500006561,Rise GLOBAL GMBH,Germany,EMA construction and trading plc,Folinic Acid - 50mg/5ml in 5ml Ampoule - Injection,EA,"12,698",2.25,"28,570.50","28,570.50",USD,RDF,Air,9/25/2025,9/25/2025,10/1/2025,10/3/2025,Berhan Bank,BrB/ATB/618/25,9/25/2026,210,6,Released,2/27/2026,Israel,Dejene,Opened,10/9/2025,1/6/2026,282,Tesfaye,Fully deliverd,,,
183,9/24/2025,EPSA-ICB-G-0012-2017-BID,4500006542,Rise GLOBAL GMBH,Germany,EMA construction and trading plc,Tropicamide 1% drops (mydriatic) of 10ml,BT,"48,268",1.4,"67,575.20","67,575.20",USD,RDF,Air,9/25/2025,9/25/2025,10/1/2025,9/25/2026,Berhan Bank,BrB/ATB/618/25,9/25/2026,210,6,Released,2/27/2026,Israel,Selamawit,Opened,10/9/2025,1/6/2026,282,Sagni,Fully deliverd,,,
184,9/24/2025,EPSA-ICB-G-0012-2017-BID,4500006807,Rise GLOBAL GMBH,Germany,EMA construction and trading plc,Lidocaine HCL + Adrenaline - (2%+1:200000IU) in 20ml vial - Injection of 25,PAC,"21,540",3.35,"72,159.00","72,159.00",USD,RDF,Air,9/25/2025,9/25/2025,10/1/2025,10/3/2025,Berhan Bank,BrB/ATB/614625,9/25/2026,99,6,Released,6/18/2026,Israel Terefe,Gebresillassei,Opened,10/9/2025,1/6/2026,282,Sena,Full delivered,,,
185,9/24/2025,EPSA-ICB-G-0012-2017-BID,4500006830,Rise GLOBAL GMBH,Germany,EMA construction and trading plc,Ketamine HCL - 50 mg/ml - Injection of 10ml,AM,"194,250",0.44,"85,470.00","85,470.00",USD,RDF,Air,9/25/2025,9/25/2025,10/1/2025,10/3/2025,Berhan Bank,BrB/ATB/615/25,9/25/2026,210,0,Released,2/27/2026,Israel,Gebresillassei,Opened,10/10/2025,1/7/2026,281,Sagni,Fully deliverd,,,
186,9/24/2025,EPSA-ICB-G-0012-2017-BID,4500006720,Rise GLOBAL GMBH,Germany,EMA construction and trading plc,"Fluphenazine Decanoate - 25 mg/ml in 2ml Ampoule - Injection (Depot,oily) of 10",PAC,"14,069",3.08,"43,332.52","43,332.52",USD,RDF,Air,10/24/2025,9/25/2025,9/25/2025,10/3/2025,Berhan Bank,BrB/ATB/614/25,9/25/2026,69,6,,,,Dejene,Opened,10/9/2025,1/6/2026,282,Tesfaye,,Closed without shipment,GMP Suspended-Swiss,
187,9/24/2025,EPSA-ICB-G-0012-2017-BID,4500006418,Rise GLOBAL GMBH,Germany,EMA construction and trading plc,Calcium gluconate - 10% in  10ml Ampoule - Injection of 10,PAC,"97,909",1.02,"99,867.18","99,867.18",USD,RDF,Air,9/25/2025,9/25/2025,10/1/2025,10/3/2025,Berhan Bank,BrB/ATB/612/25,9/25/2026,69,43,,,,Selamawit,Opened,10/10/2025,1/7/2026,281,Tesfaye,,Closed without shipment,GMP Suspended-Swiss,
188,9/24/2025,EPSA-ICB-G-0016-2017-BID,4500004098,Tenama International FZ-LLC,utd Arab Emir,Life Care Pharmaceuticals Trading,Cryptococcus lateral flow assay rapid of 40 tests,PAC,"2,099",108,"226,692.00","226,692.00",USD,GF-HIV,Air,9/25/2025,9/25/2025,11/7/2025,11/10/2025,Awash Bank,AA00038126,11/3/2026,108,35,,,,Mulugeta,Opened,11/20/2025,2/17/2026,240,Amanuel,Fully deliverd,,,
189,9/24/2025,EPSA-ICB-G-0078-2017-(HIV-PO),4500004192,Hexagon Nutrition (International) PVT ,China,Leyan pharmaceuticals,"RUTF Plumpy Nut, Ready to Use Theurapeutic Food (RUTF) - paste of 150 sachet",PAC,"15,170",34.89,"529,281.30","529,281.30",USD,MOF-NUT,Air,9/25/2025,9/25/2025,10/30/2025,10/30/2025,Awash Bank,AA 00044912,10/16/2026,90,35,,,,Mulugeta,Opened,11/20/2025,2/17/2026,240,Hirkisa,Fully deliverd,,,
190,9/24/2025,EPSA-ICB-G-0078-2017-(TB-PO),4500004075,Hexagon Nutrition (International) PVT ,China,Leyan pharmaceuticals,"RUTF Plumpy Nut, Ready to Use Theurapeutic Food (RUTF) - paste of 150 sachet",PAC,"16,119",34.89,"562,391.91","562,391.91",USD,MOF-NUT,Air,9/25/2025,9/25/2025,10/30/2025,10/30/2025,Awash Bank,AA00044907,10/16/2026,90,32,,,,Mulugeta,Opened,11/20/2025,2/17/2026,240,Efa,Fully deliverd,,,
191,9/24/2025,ICB/EPSA6/RDF-R/PH/13/22,4500006451,SCOTT Edil pharmacia Ltd,India,SCOTT Edil pharmacia Ltd,ALLO Allopurinol - 100mg # Tablet of 10x5,PAC,"21,096",12.15,"256,316.40","256,316.40",USD,RDF,Air,9/25/2025,9/25/2025,10/27/2025,10/27/2025,Awash Bank,AA00044903,10/17/2026,91,32,,,,Mahider,Opened,11/1/2025,1/29/2026,259,Sena,Fully deliverd,,,
192,9/24/2025,EPSA-ICB-G-0078-(TB-PO),4500004082,Tenama International FZ-LLC,utd Arab Emir,Life Care Pharmaceuticals Trading,"Plumpy Nut, Ready to Use Supplementary Food (RUSF)-PASTE OF 150 Sachet",PAC,"7,340",34.52,"253,376.80","253,376.80",USD,MOF-NUT,Air,9/30/2025,9/30/2025,12/5/2025,12/5/2025,Awash Bank,AB/IFB/CRM&OP/0872/25,12/3/2026,157,66,Released,6/29/2026,Jibril Ali,Mulugeta,Opened,12/26/2025,3/25/2026,204,Semira,Fully deliverd,,,
193,9/24/2025,EPSA-NCB-0038-2017-BID,4500006552,Afrovision pharmaceuticals,Ethiopia,Afrovision pharmaceuticals,Chemical Glycerine Pure - 98% of 1L,BT,"1,326",497,"659,022.00","659,022.00",ETB,RDF,Truck,9/25/2025,,9/26/2025,9/26/2025,Nib insurance company s.c,P/036/59/02/2025/08/00067,8/21/2026,34,ENTER DATE,,,,,,,,"46,221",Hirkisa,Fully deliverd,,,
194,9/29/2025,EPSA-NCB-G-0037-2017-BID,4500003619,Humanwell pharmaceutical Ethiopia plc,Ethiopia,Humanwell pharmaceutical Ethiopia plc,Dextrose - 40% in 20ml - Intravenos Infusion of 50,PAC,"139,906,000",958,"134,029,948,000.00","194,602,370.64",ETB,RDF,Truck,9/25/2025,2/21/2026,4/2/2026,4/7/2025,bUNNA iNSURANCE S.C,BIC/AK/PRB/0515/03/25,9/28/2026,72,ENTER DATE,,,,,,,,"46,221",Eyob,,,,
,,,,,,,Metoclopramide - 5mg/ml in 2ml Ampoule - Injection of 10,PAC,"295,178",76,"22,433,528.00",,,,,,,,,,,,,,,,,,,,,,,,,,
,,,,,,,Tramadol HCI - 50mg/ml in 2ml Ampoule - Injection of 10,PAC,"273,410",122,"33,356,020.00",,,,,,,,,,,,,,,,,,,,,,,,,,
,,,,,,,Benzhexol (Trihexyphenidyl HCL) - 2mg  - Tablet of 10x10,PAC,"10,480",175,"1,834,000.00",,,,,,,,,,,,,,,,,,,,,,,,,,
,,,,,,,Benzhexol (Trihexyphenidyl HCL) - 5mg  - Tablet of 10x10,PAC,"12,146",225,"2,732,850.00",,,,,,,,,,,,,,,,,,,,,,,,,,
,,,,,,,Diazepam - 5mg/ml in 2ml ampoule - Injection of 10,PAC,"51,929",416,"21,602,464.00",,,,,,,,,,,,,,,,,,,,,,,,,,
195,9/29/2025,EPSA-NCB-G-0037-2017-BID,4500004019,Humanwell pharmaceutical Ethiopia plc,Ethiopia,Humanwell pharmaceutical Ethiopia plc,Gentamycin - ,PAC,"52,640",70,"3,684,800.00","139,846,000.00",ETB,RDF,Truck,9/25/2025,,4/15/2025,4/17/2025,BUNNA INSURANCE S.C,BIC/AK/PRB/0519/04/25,4/11/2026,-98,ENTER DATE,,,,,,,,"46,221",Eyob,EFDA hold the production line,,Diclofenac Injection not delivered due to EFDA hold injection lines,
,,,,,,,Diclofenac Sodium - 25mg/ml in 3ml ampoule - njection of 10x10,PAC,"194,516",700,"136,161,200.00",,,,,,,,,,,,,,,,,,,,,,,,,,
196,9/29/2025,EPSA-NCB-G-0037-2017-BID,4500003625,Humanwell pharmaceutical Ethiopia plc,Ethiopia,Humanwell pharmaceutical Ethiopia plc,Dextrose - 40% in 20ml - Intravenos Infusion of 50,PAC,"139,906",958,"134,029,948.00","134,029,948.00",ETB,RDF,Truck,9/25/2025,2/21/2026,4/12/2026,4/16/2025,BUNNA INSURANCE S.C,BIC/AK/PRB/0521/04/26,10/8/2026,82,ENTER DATE,,,,,,,,"46,221",Eyob,,,,
,,,,,,,Tramadol HCI - 50mg/ml in 2ml Ampoule - Injection of 10,PAC,"273,410",122,"33,356,020.00","33,356,020.00",,,,,,,,,,,,,,,,,,,,,,,,,
197,10/1/2025,ICB/EPSS/SDG and RDF/MD/19/24,4500004526,"Samed FZE SPC,",Utd.Arab.Emir,Robans Trading plc,Sterilizer Instrument - Hot Air 53L,EA,42,"4,350.00","182,700.00","182,700.00",USD,RDF,Sea,10/2/2025,10/2/2025,10/9/2025,10/10/2025,Berhan Bank S.C,BRIB/MK/999/25,10/11/2026,85,7,,,,Mulugeta,Opened,10/24/2025,1/21/2026,267,Adisu,Fully deliverd,,,
198,9/30/2025,EPSA-ICB-G-0012-2017-BID,4500006521,Brawn Laboratories Ltd,Delhi India,MEDTECH ETHIOPIA PLC,Vitamin B1 + Vitamin B6 + Vitamin B12 - (100mg +  100mg + 1000mcg) - Injection of 3 vial,PAC,"213,015",1.95,"415,379.25","415,379.25",USD,RDF,Air,10/2/2025,10/2/2025,10/21/2025,10/21/2025,Awash Bank,AA 00044442,11/13/2027,483,19,,,,Gebresillassei,Opened,10/24/2025,1/21/2026,267,Sena,Fully deliverd,,,
199,10/1/2025,ICB/EPSS6/SDG and RDF/MD/19/24,4500004557,"Samed FZE SPC,",Delhi India,MEDTECH ETHIOPIA PLC,Sterilizer Instrument - Hot Air 32L,EA,50,"3,425.00","171,250.00","171,250.00",USD,SDG-ME,Sea,10/2/2025,10/2/2025,10/9/2025,10/10/2025,Berhan Bank S.C,BRIB/MK/999/25,10/11/2026,85,7,,,,Mulugeta,Opened,10/25/2025,1/22/2026,266,Nebiyu,Fully deliverd,,,
200,10/1/2025,ICB/EPSS6/RDF/PH/27/23,4500006501,"Cspc Ouyi pharmaceutical Co.,Ltd",China,Life care pharmaceuticals trading,MERO Meropenem - 1gm in vial - powder for intravenous injection with 10ml diluent,VI,"62,398",1.8,"112,316.40","112,316.40",USD,RDF,Air,10/2/2025,10/2/2025,10/30/2025,10/31/2025,CBE,MD2528953052,10/17/2026,91,28,,,,Gebresillassei,Opened,11/7/2025,2/4/2026,253,Tesfaye,Fully deliverd,,,
201,10/1/2025,EPSA-ICB-G-0061-2017-BID(FW),4500004625,Tenama International FZ-LLC,Utd.Arab.Emir,Life Care Pharmaceuticals Trading,Medroxyprogesterone Acetate - 150mg/ml in vial - Injection (Aqueous suspension),VI,"5,130,068",5.68,"29,138,786.24","2,913,878.62",USD,MOF-HP,Sea,10/2/2025,10/2/2025,1/13/2026,1/14/2026,Buna international bank,30629,12/19/2026,154,103,,,,Mulugeta,Opened,2/3/2026,4/2/2026,165,Hirkisa,,,,
,,,,,,,"SYDI Disposable Syringe - 3 parts, 3ml with 21G needle of 1",EA,"5,130.068.000",,,,,,,,,,,,,,,,,,,,,,,,,,,,
202,10/1/2025,ICB/EPSS6/RDF-R/PH/27/23,4500006385,Scott Edil pharmacia,India,Kare pharmaceuticals plc,AMIN Aminophyline - 250mg/10ml in 10ml Ampoule - Injection of 5,PAC,"30,240",0.55,"16,632.00","16,632.00",USD,RDF,Air,10/2/2025,10/2/2025,10/27/2025,10/27/2025,Awash Bank,AA00044902,10/17/2026,91,33,,,,Gebresillassei,Opened,,,"46,221",,Fully deliverd,,,
203,10/1/2025,EPSA-ICBG-008-2017-BID(GF),4500006836,Care pharma FZ LLC,Utd.Arab Emir,Life care pharmaceutical trading,Laboratory Supplies - Microscope slides size 27x75 mm thickness 1.2mm frosted of 50 Slides,PAC,"72,893",0.66,"48,109.38","48,109.38",USD,GF-TB,Sea,10/2/2025,10/2/2025,11/4/2025,11/5/2025,Awash Bank,IFB/CRM&OP/0750/25,11/3/2026,127,6,Released,6/29/2026,Jibril Ali,Mulugeta,Opened,12/26/2025,3/25/2026,204,Yoseph,Fully deliverd,,,
204,10/1/2025,ICB/EPSS6/SDG and RDF/MD/19/24,4500004563,Topcon Europe Medical BV,Netherlands,HBL Medical Equipment importer plc,Tonometer - Non portable,EA,14,"4,315.00","60,410.00","60,410.00",EUR,SDG-ME,Air,10/2/2025,10/2/2025,10/8/2025,10/10/2025,Berhan Bank,BrB/ANB/0052/25,10/7/2026,111,36,Released,6/18/2026,Estifanose Aweke,Gebresillassei,Opened,11/20/2025,2/17/2026,240,Adisu,Fully deliverd,,,
205,10/1/2025,EPSA-ICB-G-0056-2017-BID,4500005862,Tenama International FZ-LLC,Utd.Arab Emir,Life Care pharmaceutical Trading,Cyclophosphamide 50 mg capsule of 10x10,PAC,864,75,"64,800.00","64,800.00",USD,RDF,Air,10/3/2025,10/2/2025,11/7/2025,11/10/2025,Awash Bank,AA00038127,11/3/2026,108,26,,,,Gebresillassei,Opened,11/13/2025,2/10/2026,247,Tesfaye,Cleared to warehouse,,The supplier changed blister to bottle for Cychlophosphamide ,
,,,,,,,Chlorambucil - 2mg - Tablet of 25,PAC,"1,912",10,"19,120.00","19,120.00",,,,,,,,,,,,,,,,,,,,,,,,,
206,10/2/2025,EPSA-ICB-G-0014-2017-BID/Framework,PO-4500007249,Gst Corporation Ltd,New Delhi India,ZAF Pharmaceuiticals pvt ltd C.o,ENTU Endotracheal Tube Sterile Cuffed - 5CH,EA,"22,197",2.86,"63,483.42","66,713.44",USD,RDF,Air,10/2/2025,10/2/2025,10/28/2025,10/29/2025,CBE,MD2529512898,10/8/2026,82,26,,,,Gebresillassei,Opened,11/1/2025,1/29/2026,259,Amanuel,Fully deliverd,,,
,,,,,,,ENTU Endotracheal Tube Sterile Cuffed - 4CH,EA,"14,237",2.86,"40,717.82",,,,,,,,,,,,,,,,,,,,,,,,,,
,,,,,,,ENTU Endotracheal Tube Sterile Cuffed -7CH,EA,"34,020",2.86,"97,297.20",,,,,,,,,,,,,,,,,,,,,,,,,,
,,,,,,,NAGT Naso Gastric Sterile Infant - 6CH,EA,"200,287",0.04,"8,011.48",,,,,,,,,,,,,,,,,,,,,,,,,,
,,,,,,,SPNE - Spinal Needle 8cm-23G,EA,"125,115",0.18,"22,520.70",,,,,,,,,,,,,,,,,,,,,,,,,,
,,,,,,,SPNE Spinal Needle 8cm-24G,EA,"89,561",1.79,"160,314.19",,,,,,,,,,,,,,,,,,,,,,,,,,
207,10/7/2025,EPSA-ICB-G-0061-2017-BID(FW),4500004665,Ida Foundation,Netherlands,Life care Pharmaceutical Trading,Etonogestrel 68mg Capsule (Subdermal Implant) with full insertion accessory kit of 20,PAC,"7,969",226.9,"1,808,166.10","1,808,166.10",USD,MOH-FH,Sea,10/9/2025,10/9/2025,12/3/2025,12/4/2025,Zemen Bank,ZB/TS/PG/027/25,10/13/2026,87,55,,,,Mulugeta,Opened,12/17/2025,3/16/2026,213,Hirkisa,,,,
,,,,,,,POVI Chemical - povidone lodine - 10% - - Solution of 500ml,BT,"7,969",0,0.00,,,,,,,,,,,,,,,,,,,,,,,,,,
,,,,,,,COAB Cotton Absorbent Wool - 500mg,ROL,"7,969",0,0.00,,,,,,,,,,,,,,,,,,,,,,,,,,
,,,,,,,GLSU Glove Surgical Latex powder - Free Sterile - No.7.5 of 20 Pairs,PAC,"7,969",0,0.00,,,,,,,,,,,,,,,,,,,,,,,,,,
,,,,,,,"SYDI Syringe (Disposable) - (sterile) 3 parts, 5ml ?Luer fitting with 23G Needle of 20pcs",PAC,"7,969",0,0.00,,,,,,,,,,,,,,,,,,,,,,,,,,
,,,,,,,"ADWP Adhesive Wound Plaster - 19mm x 72mm, water proof pack of 20",PAC,"7,969",0,0.00,,,,,,,,,,,,,,,,,,,,,,,,,,
,,,,,,,SUSB Surgical Scalpel Blade-No 10 of 20,PAC,"7,969",0,0.00,,,,,,,,,,,,,,,,,,,,,,,,,,
,,,,,,,ADPL Adhesive Plaster Zinc Oxide-2.5cm x 5cm,EA,"7,969",0,0.00,,,,,,,,,,,,,,,,,,,,,,,,,,
,,,,,,,LIDO Lidocaine HCL-1% in 20ml  vial-injection of 3,PAC,"7,969",0,0.00,,,,,,,,,,,,,,,,,,,,,,,,,,
,,,,,,,GAAC Gauze Absorbent Cotton-8cm x4m of 4,EA,"7,969",0,0.00,,,,,,,,,,,,,,,,,,,,,,,,,,
208,10/7/2025,ICB/EPSS/SDG and RDF/MD/19/24,4500004533 / 4500004541,"Heyer Medical Co.,Ltd",China,WMG Biomedical Engineering PLC,"Tablet - Operating, Manual",EA,42,"2,688.00","112,896.00","112,896.00",USD,MOF-ME,Sea,10/10/2025,10/6/2025,10/6/2025,10/7/2025,bank nf Oromia,CBO/VP/GO/144,9/30/2026,74,0,,,,Mulugeta,Opened,11/10/2025,1/7/2026,250,Nebiyu,,,,
209,10/7/2025,EPSA-ICB-G-0012-2017-BID,4500007106,Neon Laboratory Ltd.,India,Micro pharma Private Limited,AMIN  Aminophylline-250mg/10ml in 10ml Ampoule-Injection of 5,PAC,"36,638",1.35,"49,461.30","49,461.30",EUR,RDF,Air,,10/9/2025,10/13/2025,10/14/2025,Hibret Bank,HB/DIED/1095/25,9/29/2026,73,4,,,,Selamawit,Opened,10/21/2025,1/17/2026,270,Sena,Fully deliverd,,,
210,10/7/2025,EPSA-ICB-G-0061-2017-BID(FW),4500004659,Ida Foundation,Netherlands,Life Care Pharmaceutical Trading,Etonogestrel 68mg Capsule (subdermal implant)with full insertion accessory kit of 20,PAC,"11,061",226.9,"2,509,740.90","2,509,740.90",USD,SDG-FH,Sea,10/9/2025,10/9/2025,12/3/2025,12/4/2025,Zemen ank,ZB/TS/PG/026/25,10/13/2026,87,55,,,,Mulugeta,Opened,12/17/2025,3/16/2026,213,Hirkisa,,,Hold at Hormuz Straight,
,,,,,,,Chemical - povidone lodine - 10% - - Solution of 500ml,BT,"11,061",0,0.00,,,,,,,,,,,,,,,,,,,,,,,,,,
,,,,,,,Glove Surgical Latex powder - Free Sterile - No.7.5 of 20 Pairs,PAC,"11,061",0,0.00,,,,,,,,,,,,,,,,,,,,,,,,,,
,,,,,,,"Syringe (Disposable) - (sterile) 3 parts, 5ml ?Luer fitting with 23G Needle of 20pcs",PAC,"11,061",0,0.00,,,,,,,,,,,,,,,,,,,,,,,,,,
,,,,,,,"Adhesive Wound Plaster - 19mm x 72mm, water proof pack of 20",PAC,"11,061",0,0.00,,,,,,,,,,,,,,,,,,,,,,,,,,
,,,,,,,Surgical Scalpel Blade-No 10 of 20,PAC,"11,061",0,0.00,,,,,,,,,,,,,,,,,,,,,,,,,,
,,,,,,,Adhesive Plaster Zinc Oxide-2.5cm x 5cm,EA,"11,061",0,0.00,,,,,,,,,,,,,,,,,,,,,,,,,,
,,,,,,,Lidocaine HCL-1% in 20ml vial-injection of 3,PAC,"11,061",0,0.00,,,,,,,,,,,,,,,,,,,,,,,,,,
,,,,,,,Gauze Absorbent Cotton-8cm x4m of 4,,"11,061",0,0.00,,,,,,,,,,,,,,,,,,,,,,,,,,
211,10/7/2025,EPSA-ICB-G-0017-BID,4500006387,FDC,India,Elips pharmaceuticals Import PLC,Sodium Cromoglycate - 2% - solution Eye drop of 10 ml,RT,"24,200",0.5,"12,100.00","12,100.00",USD,RDF,Air,8/10/2025,9/19/2025,9/19/2025,9/21/2025,Buna Bank,2005.PB.0052,9/21/2026,65,0,,,,Yordanos,Opened,10/21/2025,1/17/2026,270,Tesfaye,1428 USD remain,,,
212,10/7/2025,ICB/PFSA6/RDF/FW/PLACEMNET/LR/20/18,4500006763,Beckman coulter,Switzerland,Delta,cobas 6000,PAC,8,"9,845.16","78,761.28","203,228.84",USD,RDF,Air,10/9/2025,10/9/2025,11/17/2025,11/19/2025,CBE,MD2531857801,11/30/2026,135,39,,,,Mulugeta,Opened,12/1/2025,2/28/2026,229,Amanuel,1403.31USD remain,,,
213,10/7/2025,EPSA-ICB-G-0012-2017-BID,4500007100,Ciron Drugs And pharmaceuticals pvt Ltd,India,Getmaz General Business PLC,Timolol Maleate - 0.5% - Eye Drop of 5 ml,BT,"105,804",1.25,"132,255.00","132,255.00",USD,RDF,Sea,10/7/2025,10/9/2025,11/6/2025,11/7/2025,CBE,MD2530003737,4/9/2027,265,28,,,,Dejene,Opened,11/18/2025,1/15/2026,242,Samuel ,Fully deliverd,,,
,,,,,,,Latanoprost 0.0005% eye drop of 5ml,BT,"23,148",1.44,"33,333.12","33,333.12",,,,,,,,,,,,,,,,,,,,,,,,,
214,10/7/2025,EPSA-ICB-G-0012-2017-BID,4500007108,Ciron Drugs And Pharmaceuticals Pvt Ltd,India,Getmaz General Buziness Plc,Ciprofloxacin - 0.30% - Eye/Ear drop of 5ml,BT,"255,542",0.114,"29,131.79","29,131.79",USD,RDF,Sea,10/7/2025,10/9/2025,11/6/2025,11/7/2025,CBE,MD2530008343,4/9/2027,265,28,,,,Dejene,Opened,11/18/2025,1/15/2026,242,Samuel ,Fully deliverd,Closed,,
215,10/7/2025,EPSA-ICB-G-0012-2017-BID,4500007099,Ciron Drugs And Pharmaceuticals Pvt Ltd,India,Getmaz General Buziness Plc,KETA Ketamine HCL - 50 mg/ml - Injection of 10ml,Vial,"48,565",0.44,"21,368.60","21,368.60",USD,RDF,Air,10/7/2025,10/9/2025,11/6/2025,11/7/2025,CBE,MD2530010805,4/9/2027,265,28,,,,Dejene,Opened,11/24/2025,2/21/2026,236,Sagni,Fully deliverd,,,
,,,,,,,THIO Thiopental Sodium-0.5g-powder for injection of 50,PAC,"14,571",24.1,"351,161.10","351,161.10",,,,,,,,,,,,,,,,,,,,,,,,,
216,10/9/2025,EPSA-ICB-G-0012-2017-BID,4500006522,Brawn Laboratories Ltd,India,MEDTECH ETHIOPIA PLC,THPC Vitamin B1 + Vitamin B6 Vitamin B12 - (100mg + 200mg + 1000mcg) - Tablet of 10x10,PAC,"51,196",2.89,"147,956.44","147,956.44",USD,RDF,Sea,10/10/2025,10/10/2025,11/6/2025,11/7/2025,Awash Bank,AA00044925,11/23/2026,128,27,,,,Yordanos,Opened,10/23/2025,1/20/2026,268,Semira,,,,
217,10/9/2025,EPSA-ICB-G-0014-2017-BID,4500007250,Healthium Medtech pvt.Ltd,Bengaluru India,Medilab Medical Equipment Supplies Import,PGAR Polyglycolic acid absorbable braided violet - Gauge 0.4(8/0) 45cm on 8mm 1/2 Circle Round Bodied Needle of 12 pieces,DZ,"1,840",4.73,"8,703.20","271,598.93",USD,RDF,Air,10/10/2025,10/10/2025,11/20/2025,11/21/2025,Awash Bank,AA 00044937,10/21/2026,95,41,,,,Selamawit,Opened,12/3/2025,3/3/2026,227,Amanuel,338.56 usd remain,,,
,,,,,,,PGAR Polyglycolic acid absorbable braided violet - Gauge 0.7(6/0) 30cm on 8mm 12mm 1/2 Circle Round Bodied Needle of 12 pieces,DZ,"4,259",3.31,"14,097.29","14,097.29",,,,,,,,,,,,,,,,,,,,,,,,,
,,,,,,,PGAC Polyglycolic Acid Absorbable Braided Violet - Gauge 3.0 (2/0) 75 cm on 27 mm 1/2 Circle Cutting Needle of 12 pieces ,DZ,"10,990",3.26,"35,827.40","35,827.40",,,,,,,,,,,,,,,,,,,,,,,,,
,,,,,,,PGAR Polyglycolic Acid Absorbable Braided Violet - Gauge 3.0(2/0) 75 cm on 27 mm 1/2 Circle Round Bound Bodied Needle of pieces,DZ,"12,474",3.19,"39,792.06","39,792.06",,,,,,,,,,,,,,,,,,,,,,,,,
,,,,,,,PGAR Polyglycolic Acid Absorbable Braided Violet-Gauge 3.5(0) 75 cm on 48 mm 1/2 Round Bodied Needle of 12 pieces,DZ,"7,561",3.31,"25,026.91","25,026.91",,,,,,,,,,,,,,,,,,,,,,,,,
,,,,,,,PGAR Polyglycolic Acid Absorbable Braided Violet-Gauge 4.0(1) 75 cm on 45 mm 1/2 Circle Round Bodied Needle of 12 pieces,DZ,"7,428",3.28,"24,363.84","24,363.84",,,,,,,,,,,,,,,,,,,,,,,,,
,,,,,,,PGAR Polyglycolic acid absorbable braided violet - Gauge 5.0(2) 75 cm on 40 mm 1/2 circle Round Bodied Needle of Dozen,DZ,"27,355",3.31,"90,545.05","90,545.05",,,,,,,,,,,,,,,,,,,,,,,,,
,,,,,,,PGAR Polyglycolic Acid Absorbable Braided Violet - Gauge 2.0(3/0) 75cm on 26mm 1/2 Circle Round Bodied Needle of 12 pieces,DZ,"10,587",3.14,"33,243.18","33,243.18",,,,,,,,,,,,,,,,,,,,,,,,,
218,10/9/2025,EPSA-ICB-0014-2017-BID,PO-4500007341,La-Med Healthcare Pvt.Ltd,Haryana India,"Leyan pharmaceuticals ,Abebayehu Cherinet Tadesse",DRCT Drainage Chest - 18FG,EA,"12,203",0.37,"4,515.11","10,589.03",USD,RDF,Air,10/10/2025,10/15/2025,10/30/2025,11/3/2025,Fisseha ,MIS/TK/0128/2025,10/30/2026,135,15,Released,6/17/2026,Fisseha ,Selamawit,Opened,11/10/2025,1/7/2026,250,Amanuel,Fully deliverd,,,
,,,,,,,DRCT Drainage Chest -  32FG,EA,"16,416",0.37,"6,073.92",,,,,,,,,,,,,,,,,,,,,,,,,,
219,10/13/2025,EPSA/NCB/G?0019/2017/BID,4500006665,Cadila Pharmaceuticals ,Ethiopia,cadila pharmaceutical,ATEN   Atenolol- 50mg -Tablet of 10x10,PAC,"21,222",97,2058534,2058534,ETB,RDF,Truck,12/2/2025,12/2/2025,45937,10/10/2025,Nyala Insurance S.C,PPL/CKY/PBND/223199/25,10/6/2026,265,228,Released,1/14/2026,Desta Ummer,,,,,"46,221",Eyob,Fully deliverd,,,
220,10/13/2025,EPSA-ICB-G-0014-2017-BID,4500007329,Rise Global GMBH,Germany,EMA construction and trading plc,colostomy Bag Adhesive Regulator Closed 25cm*14cm 30mm Opening Adult Opec Medium,EA,"63,413",0.31,19658.03,"27,553.63",USD,RDF,Air,10/14/2025,10/15/2025,10/16/2025,10/17/2025,Berhan Bank,BrB/ATB/637/25,10/10/2026,84,1,,,,Selamawit,,,,"46,221",,,,"7000 USD Remaining, PG Should be Confiscated",
,,,,,,,Endotracheal Tube Sterile Cuffed -CH,EA,"29,607",0.286,8467.602,,,,,,,,,,,,,,,,,,,,,,,,,,
221,10/13/2025,EPSA-ICB-G-0014-2017-BID,PO-4500007322,Rise Global GMBH,Germany,EMA construction and trading plc,Cat Gut Chromic - Gauge 2.0(4/0) 75 cm on 15 mm 1/2 circle Round Bodied Needle of 12 pcs,DZ,"21,282",1.8,38307.6,"721,126.02",USD,RDF,Sea,,10/15/2025,10/16/2025,,Berhan Bank,BrB/ATB/638/25,10/10/2026,84,1,,,,Selamawit,Opened,10/25/2025,1/22/2026,266,Abush,82.59 usd remain,,,
,,,,,,,Cat Gut Chromic - Gauge 3.0(3/0) 75 cm on 25 mm 1/2 circle Round Bodied Needle of 12 pcs,DZ,"42,794",1.8,77029.2,,,,,,,,,,,,,,,,,,,,,,,,,,
,,,,,,,Cat Gut Chromic - Gauge 3.0(3/0) 75 cm on 25 mm 1/2 circle Round Bodied Needle of 12 pcs,DZ,"28,744",1.68,48289.92,,,,,,,,,,,,,,,,,,,,,,,,,,
,,,,,,,Cat Gut Chromic - Gauge 3.5(2/0) 75 cm on 38 mm 1/2 circle Round Bodied Needle of 12 pcs,DZ,"78,305",1.8,140949,,,,,,,,,,,,,,,,,,,,,,,,,,
,,,,,,,Cat Gut Chromic - Gauge 4.0(0) 75 cm on 30 mm 1/2 circle Round Bodied Needle of 12 pcs,DZ,"21,282",1.8,38307.6,,,,,,,,,,,,,,,,,,,,,,,,,,
,,,,,,,Mersilk Braided Black Gauge 2.0(3/0) 75 cm on 26 mm 1/2 circle cutting Needle of 12 pcs,DZ,"46,870",1.12,52494.4,,,,,,,,,,,,,,,,,,,,,,,,,,
,,,,,,,Mersilk Braided Black Gauge 2.0(3/0) 75 cm on 26 mm 1/2 circle Round bodied Needle of 12 pcs,DZ,"27,677",1.12,30998.24,,,,,,,,,,,,,,,,,,,,,,,,,,
,,,,,,,Mersilk Braided Black Gauge 2.0(3/0) 75 cm on 26 mm 1/2 circle cutting Needle of 12 pcs,DZ,"35,811",1.12,40108.32,,,,,,,,,,,,,,,,,,,,,,,,,,
,,,,,,,Mersilk Braided Black Gauge 3.5(0) 75 cm on 32 mm 1/2 circle Round bodied Needle of 12 pcs,DZ,"10,081",1.12,11290.72,,,,,,,,,,,,,,,,,,,,,,,,,,
,,,,,,,Mersilk Braided Black Gauge 4.0(1) 75 cm on 30 mm 1/2 circle Reverse cutting Needle of 12 pcs,DZ,"15,765",1.12,17656.8,,,,,,,,,,,,,,,,,,,,,,,,,,
,,,,,,,Polyglycolic Acid Absorbable Braided Violet - gauge 3.5(0) 75 cm on 48 mm 1/2 circle Round bodied Needle of 12 pcs,DZ,"5,040",3.31,16682.4,,,,,,,,,,,,,,,,,,,,,,,,,,
,,,,,,,Spinal needle 8cm-23G,,"83,410",0.18,15013.8,,,,,,,,,,,,,,,,,,,,,,,,,,
,,,,,,,Polyglycolic Acid Absorbable Braided Violet - gauge 1.0(5/0) 45 cm on 13 mm 1/2 circle Round bodied Needle of 12 pcs,DZ,"4,370",3.08,13459.6,,,,,,,,,,,,,,,,,,,,,,,,,,
,,,,,,,Polyglycolic Acid Absorbable Braided Violet - gauge 2.0(3/0) 75 cm on 26 mm 1/2 circle cutting Needle of 12 pcs,DZ,"42,426",3.08,130672.08,,,,,,,,,,,,,,,,,,,,,,,,,,
,,,,,,,Polyglycolic Acid Absorbable Braided Violet - gauge 2.0(3/0) 75 cm on 26 mm 1/2 circle Round bodied Needle of 12 pcs,DZ,"15,881",3.14,49866.34,,,,,,,,,,,,,,,,,,,,,,,,,,
222,10/13/2025,ICB/FW/EPSS6/MOH-GF/ARV/PH/20/23,4500006848,Macleods pharmaceuticals Ltd,India,Life Care pharmaceuticals trading,Zidovudine - 10mg/ml - Oral Solution of 100ml,"32,654.00",2,"65,634.54",131925.4254,131925.4254,,,,10/14/2025,10/14/2025,10/31/2025,11/3/2025,Awash Bank,AA 00044909,10/31/2026,105,17,,,,Mulugeta,Opened,11/17/2025,2/14/2026,243,Abdulkerim,Fully deliverd,,,
223,1/5/2026,ICB/FW/EPSA6/MOH-GF/ARV/OI/PH/03/22,4500006866,Laurus labs limited,India,Amba pharmaceuticals pvt ltd,LADT Lamuvudine (3TC) +Dolutugravir(DTG) +Tenofovir (TDF) (300MG+50MG+300MG)Tablet of 30,PAC,"102,193",3.58,365850.94,365850.94,USD,GF-HIV,Sea,1/9/2026,,10/14/2025,10/14/2025,Bunna bank,2025.PB.0060,10/15/2026,89,ENTER DATE,,,,Mulugeta,Opened,1/20/2026,4/19/2026,179,,42.96 usd remain,,,
224,10/15/2025,ICB/Framework/EPSS6/RDF-R/PH/06/23,4500006563,Therdose Pharma Pvt.Ltd,Hyderabad India,Life Care pharmaceuticals Trading,ZOLEDRONIC ACID - 4mg/5ml in 5ml Ampoule - Injection,AM,"2,406",2.97,7145.82,7145.82,USD,RDF,Air,10/15/2025,10/15/2025,10/20/2025,10/21/2025,Awash Bank,AA00038119,10/16/2026,206,5,Released,3/24/2026,Jibril Ali,Dejene,Opened,10/29/2025,1/26/2026,262,Tesfaye,Fully deliverd,,,
225,10/15/2025,EPSA-ICB-G-0012-2017-BID,4500007481,Neon Laboratory Ltd,Mumbai India,Neon Laboratories Limited,Lidocaine HCL 2% in 50ml - Injection without preservative of 25,PAC,"82,989",8.25,"684,659.25",684659.25,EUR,RDF,Sea,10/15/2025,10/15/2025,1/2/2026,1/3/2026,Hibret Bank,HB/DIED/1533/25,12/11/2026,146,79,,,,Selamawit,Opened,,,"46,221",,,,"The remaining quantity (62,989 or 75.9% of total PO) was previously agreed to be shipped by sea freight due to the high air freight cost incurred for the first two shipments. However, the Demand Directorate has issued a letter recommending that the remaining quantity of Lidocaine HCL 2% Injection, 50 ml, without preservative (pack of 25) should not be shipped, as it may result in overstock.",
226,10/15/2025,EPSA-ICB-G-0012-2017-BID,4500007050,RISE GLOBAL GMBH,Koln Germany,EMA construction and trading plc,Phenytoin (Diphenhydantoin) Sodium 250mg in Vial - Powder for injection,VI,"12,755",2.16,27550.8,27550.8,USD,RDF,Air,10/15/2025,10/15/2025,,,,,,"-46,221",276,,,,Mahider,,,,"46,221",,,,GMP suspended-Swiss Parentrals,
227,10/15/2025,EPSA-ICB-G-0012-2017-BID,4500007051,RISE GLOBAL GMBH,Koln Germany,EMA construction and trading plc,Acyclovir - 500mg - powder For injection (Lyophilized),EA,"8,718",1.35,11769.3,11769.3,USD,RDF,Air,10/15/2025,10/15/2025,,,,,,"-46,221",276,,,,Mahider,,,,"46,221",,,,GMP suspended-Swiss Parentrals,
228,10/15/2025,EPSA-ICB-G-0012-2017-BID,4500006523,RISE GLOBAL GMBH,Koln Germany,EMA construction and trading plc,SUXA Suxamethonium Chloride (Succinylcholine) - 50 mg/ml in 10ml vial - powder For injection of 25,PAC,"10,066",9.5,95627,95627,USD,RDF,Air,10/15/2025,10/15/2025,10/20/2025,10/20/2025,Berhan Bank,BrB/ATB/643/25,10/11/2026,85,5,,,,Mahider,Opened,10/25/2025,1/22/2026,266,Tesfaye,Fully deliverd,,,
229,10/15/2025,EPSA-ICB-G-0012-2017-BID,4500007103,Ciron Drugs And pharmaceuticals Pvt Ltd,Mumbai India,Getmaz General Buziness Plc,PHEY Phenytoin (Diphenhydantoin) Sodium 250mg in Vial - Powder for injection,VI,"8,503",2.16,18366.48,"169,643.68",USD,RDF,Air,10/15/2025,10/15/2025,11/14/2025,11/14/2025,CBE,MD2531686054,4/18/2027,274,30,,,,Yordanos,Opened,11/19/2025,1/16/2026,241,Sagni,Fully deliverd,,,
,,,,,,,ACYC Acyclovir - Sodium -  500mg - IV infusion,VI,"5,812",1.35,7846.2,,,,,,,,,,,,,,,,,,,,,,,,,,
,,,,,,,SUXA Suxamethonium Chloride (Succinylcholine) - 50 mg/ml in 10ml vial - powder For injection of 25,PAC,"15,098",9.5,143431,,,,,,,,,,,,,,,,,,,,,,,,,,
230,10/15/2025,ICB/FW/EPSA6/MOH-GF/NFMIII/ARV/PH/01/23,4500006863,Hetro Labs Ltd,Hyderabad India,GCT PVT Ltd,Lopinavir + Ritonavir - (100mg + 25mg) - Tablet of 120,TIN,"3,212",11.5,36938,36938,USD,GF/HIV,Air,10/15/2025,10/15/2025,10/31/2025,11/3/2025,CBE,MD2529671632,11/30/2026,135,16,,,,Mulugeta,Opened,11/17/2025,2/14/2026,243,Abdulkerim,Fully deliverd,,Budget from 4500004088,
231,10/15/2025,ICB/FW/EPSA6/MOH-GF/NFMIII/ARV/PH/01/23,4500006843,Cipla pharmacuticals Ltd,Mumbai India,Micro pharma,NEVI Nevirapine - 10mg/ml - Oral Suspension of 100ml,BT,"29,023",1.25,36278.75,36278.75,USD,GF/HIV,Air,10/15/2025,10/19/2025,11/7/2025,11/10/2025,Hibret Bank,HB/DIED/1175/25,9/5/2026,49,19,,,,Mulugeta,Opened,11/19/2025,1/16/2026,241,Abdulkerim,128.75 usd remain,,,
232,10/15/2025,EPSA-ICB-G-0012-2017-BID(Splitted,4500007272,Kilich Drugs,Mumbai India,Estro import & Export PLC,HYDR - 20mg/ml in 1ml ampoule of 5,PAC,"57,719",0.19,10966.61,10966.61,USD,RDF,Air,10/15/2025,10/15/2025,10/17/2025,10/20/2025,Berhan Bank,CORCR/11/4592/24,10/16/2026,90,2,,,,Dejene,Opened,10/29/2025,1/26/2026,262,Sena,Fully deliverd,,,
233,11/3/2025,EPSA-ICB-G-0012-2017-BID(1st lot),4500007332,Kilitch Drugs india ltd,Mumbai India,Estro import & Export PLC, Lidocaine HCL + Adrenaline - (2% + 1:200000IU) in 20ml vial - injection of 25,PAC,"32,311",3.35,108241.85,108241.85,USD,RDF,Sea,11/3/2025,11/3/2025,11/17/2025,10/20/2025,Berhan Bank,CORCR/011/4592/24,10/16/2026,90,14,,,,Selamawit,Opened,11/18/2025,1/18/2026,242,Semira,,,"Three packs short due to yield variation, Changed 1:200,000 to 1:80,000 unites i.e specification issue",
234,10/20/2025,ICB/PSA6/RDF/CT&MRI/MI/25/19,4500003955,Elsmd Healthcare Solutions Ltd,Tikva Israel,Elsmed Business plc,"MRIM MRI Machine, 1.5T - with accessories",EA,1,"760,000.00",760000,760000,USD,RDF,Air,10/20/2025,10/21/2025,11/14/2025,11/14/2025,CBE,MD2531002807,10/30/2026,104,24,,,,Dejene,Opened,12/2/2025,3/2/2026,228,Abush,,,Contract Amendment 2025,
235,10/20/2025,ICB/PSA6/RDF/CT&MRI/MI/25/19,4500003994,Elsmd Healthcare Solutions Ltd,Tikva Israel,Elsmed Business plc,"MRIM MRI Machine, 1.5T - with accessories",EA,1,"760,000.00",760000,760000,USD,RDF,Air,10/20/2025,10/21/2025,11/14/2025,11/14/2025,CBE,MD2531059071,10/30/2026,104,24,,,,Dejene,Opened,12/2/2025,3/2/2026,228,Abush,,,Contract Amendment 2025,
236,10/20/2025,ICB/PSA6/RDF/CT&MRI/MI/25/19,4500003993,Elsmd Healthcare Solutions Ltd,Tikva Israel,Elsmed Business plc,"MRIM MRI Machine, 1.5T - with accessories",EA,1,"760,000.00",760000,760000,USD,RDF,Air,10/20/2025,10/21/2025,11/14/2025,11/14/2025,CBE,MD2531034207,10/30/2026,104,24,,,,Dejene,Opened,12/2/2025,3/2/2026,228,Abush,,,Contract Amendment 2025,
237,10/20/2025,ICB/PSA6/RDF/CT&MRI/MI/25/19,4500003992,Elsmd Healthcare Solutions Ltd,Tikva Israel,Elsmed Business plc,"MRIM MRI Machine, 1.5T - with accessories",EA,1,"760,000.00",760000,760000,USD,RDF,Air,10/20/2025,10/21/2025,11/14/2025,11/14/2025,CBE,MD2531020137,10/30/2026,104,24,,,,Dejene,Opened,12/2/2025,3/2/2026,228,Abush,,,Contract Amendment 2025,
238,10/20/2025,ICB/EPSS6/RDF-R/2016/MS/LS/23,4500007163,Guilin HBM health protection Hong Kong,China,Life Care pharmaceutical Trading,Adhesive Plaster Zinc Oxide  - 7.5cm x 10m,EA,"425,225",7.67,3261475.75,3261475.75,USD,RDF,Air,10/20/2025,10/21/2025,1/13/2026,1/14/2026,Awash Bank,AB/IFB/CRM&OP/1075/26,1/7/2027,192,84,Released,6/29/2026,Jibril Ali,Dejene,Opened,1/23/2026,4/22/2026,176,Efa,,,,
8/26/1900,10/21/2025,EPSA-ICB-G-0014-2017-BID,4500007492,Avian International,Ahmedabad India,PHARMAKON TRADING HOUSE PLC,Catheter Condom Latex Medium 28mm,EA,"7,800",0.09,702,"101,511.08",USD,RDF,Sea,10/21/2025,10/21/2025,12/3/2025,12/6/2025,Abay Bank,AB/GF/00359/25,5/28/2026,-51,43,,,,Yordanos,Opened,12/12/2025,3/11/2026,218,Amanuel,,,,
,,,,,,,Catheter Foley Silconized Latex Two Ways - 30-50ml Balloon 16CH,EA,"145,011",0.19,27552.09,,,,,,,,,,,,,,,,,,,,,,,,,,
,,,,,,,Endotracheal Tube Sterile Cuffed -5CH,EA,"33,296",2.86,95226.56,,,,,,,,,,,,,,,,,,,,,,,,,,
,,,,,,,Endotracheal Tube Sterile Cuffed -4CH,EA,"21,356",2.86,61078.16,,,,,,,,,,,,,,,,,,,,,,,,,,
,,,,,,,Endotracheal Tube Sterile Cuffed - 3CH,EA,"20,462",2.86,58521.32,,,,,,,,,,,,,,,,,,,,,,,,,,
,,,,,,,Endotracheal Tube Sterile Cuffed - 6CH,EA,"41,411",2.86,118435.46,,,,,,,,,,,,,,,,,,,,,,,,,,
,,,,,,,Endotracheal Tube Sterile Cuffed - 7CH,EA,"51,031",2.86,145948.66,,,,,,,,,,,,,,,,,,,,,,,,,,
,,,,,,,Naso-gastric Tube Sterile Infant - 12CH,EA,"35,851",0.56,20076.56,,,,,,,,,,,,,,,,,,,,,,,,,,
,,,,,,,Naso-gastric Sterile Adult - 18CH,EA,"119,771",0.66,79048.86,,,,,,,,,,,,,,,,,,,,,,,,,,
,,,,,,,Naso Gastric Tube Sterile - 16CH Adult,EA,"194,584",0.62,120642.08,,,,,,,,,,,,,,,,,,,,,,,,,,
,,,,,,,Naso-gastric Sterile Infant - 8CH,EA,"101,794",0.33,33592.02,,,,,,,,,,,,,,,,,,,,,,,,,,
240,10/21/2025,EPSA-ICB-G-0014-2017-BID,4500007260,Apothcaries Sundries Manufacturing Co,Delhi India,InHim Applied Engineering Technologies PLC,Colostomy Bag Adhesive Regulator closed - 25cmx14cm 30mm Opening pediatric,EA,"88,222",2.32,204675.04,"28,865.50",USD,RDF,Sea,10/21/2025,10/21/2025,12/2/2025,12/8/2025,Lion International Bank S.C,LIB/LG/1910/12/25,12/1/2026,136,42,,,,Mahider,Opened,12/12/2025,3/11/2026,218,Amanuel,,,,
,,,,,,,Drainage chest - 18FG,EA,"8,136",0.37,3010.32,,,,,,,,,,,,,,,,,,,,,,,,,,
,,,,,,,Naso--gastric Tube Sterile Infant - 12CH,EA,"23,900",0.56,13384,,,,,,,,,,,,,,,,,,,,,,,,,,
,,,,,,,Drainage chest -  32FG,EA,"10,944",0.37,4049.28,,,,,,,,,,,,,,,,,,,,,,,,,,
241,10/21/2025,EPSA-ICB-G-0014-2017-BID,4500007271,Zhejiang Bangli Medical products Co.Ltd,Yongkang China,GM Triangle Trading PLC,Adhesive Plaster Zinc Oxide  - 7.5cm x 10m,EA,"170,090",5.34,908280.6,908280.6,USD,RDF,Sea,10/21/2025,10/21/2025,12/1/2025,12/1/2025,Awash Bank,AA00044957,11/28/2026,143,41,Released,7/8/2026,,Dejene,Opened,12/5/2025,3/4/2026,225,Efa,Fully Delivered,Closed,,
242,10/23/2025,EPSA-ICB-G-0014-2017-BID,4500007264,Care Pharma FZ LLC,Utd.Arab Emir,Lfe Care Pharmaceutical's  Trading ,Spinal Needle 8cm-24G,EA,"134,342",0.179,24047.218,24047.218,USD,RDF,Air,10/23/2025,10/29/2025,12/3/2025,12/4/2025,Awash Bank,AB/IFB/CRM&OP/0871/25,12/2/2026,156,35,Released,6/29/2026,Jibril Ali,Dejene,Opened,12/10/2025,3/9/2026,220,Amanuel,,,,
243,,,4500007381,Hummanwell Pharmaceutical Ethiopia LTD,,,,,,,0,"ETB 139,976,995.00",ETB,,,,,10/27/2025,10/27/2025,Bunna Insurance ,G/ARK/1307/001016/2025,10/21/2026,95,ENTER DATE,,,,,,,,"46,221",,,,,
244,,,4500004837,Hummanwell Pharmaceutical Ethiopia LTD,Ethiopian,Hummanwell Pharmaceutical Ethiopia LTD,Enalapril Maleate - 5mg # Tablet of 10x10,PAC,"133,959",114,15271326,"40,519,914.00",ETB,,Truck,,,5/23/2025,5/23/2026,Bunna Insurance ,BIC/AK/PRB/0538/05/25,11/22/2026,127,ENTER DATE,,,,,,,,"46,221",,,,,
,,,,,,,Metformin - 500mg - Tablet of 10x10,PAC,"179,068",141,25248588,,,,,,,,,,,,,,,,,,,,,,,,,,
245,1/9/2026,ICB/FW/EPSA6/MOH-GF/NFMIII/ARV/PH/20/23,4500006861,Emcure Pharmaceuticals,India,Sub-Saharan Biomedical  PLC,Atazanavir (ATV)+Ritonavir(RTV) (300mg+100 mg) tablet of 30,PAC,"54,834",8.22,450735.48,"450,735.48",USD,GF-HIV-GC7-0001-011,Sea,1/9/2026,,10/23/2025,10/27/2025,CBE,MD2529059167,10/31/2026,105,ENTER DATE,,,,Mulugeta,Opened,1/17/2026,4/16/2026,182,Efa,,,,
246,,,4500004315,Cadila -Ethiopia,,,Metronidazole-250mg-Capsule of 100x10,,,,0,0,,,Truck,,,6/17/2025,6/19/2025,Nyala,PPL/CKY/PBND/211315/25,12/14/2026,149,ENTER DATE,,,,,,,,"46,221",,,,,
,,,,,,,Tinidazole-500mg-Tablet of 60x4,,,,,,,,,,,,,,,,,,,,,,,,,,,,,,
247,10/27/2025,EPSA-NCB-G-0019-2017-BID,4500004305,Ethiopian Pharmaceutical  Manufacturing,Ethiopia,Ethiopian Pharmaceutical  Manufacturing,Amitriptylin-25 mg tablet of 25x10,PAC,"120,516",469,56522004,56522004,ETB,RDF,Truck,10/27/2025,,45950,Nile Insurance Company S.C,P/28/1702/25-26/1/00004,46311,10/16/2026,90,ENTER DATE,,,,,,,,7/18/2026,Eyob,Awaiting Shipment,,,
,,,,,,,Chlorpheniramine Maleate-4 mg-tablet of 10x10,PAC,"39,776",99,3937824,3937824,ETB,,,,,,,,,,,,,,,,,,,,,,,,
,,,,,,,Cloxacillin Sodium-500 mg capsule of 50x10,PAC,"147,204","2,330.00",342985320,342985320,ETB,,,,,,,,,,,,,,,,,,,,,,,,
,,,,,,,Diphenhydramine Hydrochloride-12.5 mg/5 ml-Elixir of 125 ml,BT,"263,232",72,18952704,18952704,ETB,,,,,,,,,,,,,,,,,,,,,,,,
,,,,,,,Tramadol HCL -50mg capsule of 10x10,PAC,"185,580",215,39899700,39899700,ETB,,,,,,,,,,,,,,,,,,,,,,,,
248,10/29/2025,ICB/PFSA6/RDF/FW/PLACEMENT/LR/2018,4500006788,Elsmed Healthcare Solutions Ltd,Petah Tikva Israel,Elsmed Healthcare Solutions Ltd,ADVIA Diluent of 20L,JAR,"1,609",59.98,96507.82,"515,033.69",USD,RDF,Sea,11/3/2025,11/3/2025,11/25/2025,11/26/2025,CBE,MD2532230309,11/6/2026,111,22,,,,Dejene,Opened,12/9/2025,3/8/2026,221,Amanuel,On transit,,,
,,,,,,,ADVIA Lyse of 5L,JAR,654,556.63,"364,036.02",,,,,,,,,,,,,,,,,,,,,,,,,,
,,,,,,,ADVIA 5 Part Diff Consumable of 1L,BT,476,89.25,"42,483.00",,,,,,,,,,,,,,,,,,,,,,,,,,
,,,,,,, ADVIA Hypoclean of 100ml,BT,205,58.57,"12,006.85",,,,,,,,,,,,,,,,,,,,,,,,,,
249,10/29/2025,ICB/PFSA6/RDF/FW/PLACEMENT/LR/2019,4500006789,Elsmed Healthcare Solutions Ltd,Petah Tikva Israel,Elsmed Healthcare Solutions Ltd,"ADVIA 5Part Tri-Level (L,N,H) Control of 6*3ml",PAC,80,209.77,"16,781.60","20,928.41",USD,RDF,Air,11/3/2025,11/3/2025,11/26/2025,11/28/2025,CBE,MD2532208888,11/6/2026,111,23,,,,Dejene,,,,"46,221",Amanuel,Under Clearance,,,
,,,,,,,ADVIA Calibrator of 2*3ml,PAC,47,88.23,"4,146.81",,,,,,,,,,,,,,,,,,,,,,,,,,
250,10/29/2025,EPSA-ICB-G-0012-2017-BID,4500007781,Aurobindo pharma,hayderabad India,Aurobindo pharma Limited,Lamotrigine 50mg tablet of 10x3,PAC,"4,152",20.01,"83,081.52","83,081.52",USD,RDF,Air,10/30/2025,11/1/2025,11/21/2025,11/24/2025,Bunna Bank,2025.PB.0070,11/18/2026,123,20,,,,Mahider,Opened,12/2/2025,3/1/2026,228,Sagni,Awaiting shipment,,,
251,11/3/2025,ICB/EPSA6/RDF/FW/PLACEMENT/LR/2018,4500006779,Sysmex Europe SE,Norderstedt Germany,Pyramid pharma PLC Ethiopia,SNCP Sysmex XN-550 - Cell Pack of 10L,JAR,"2,624",34.5,"90,528.00","434,437.81",EUR,RDF,Sea,11/4/2025,11/11/2025,11/18/2025,11/19/2025,CBE,,11/12/2026,127,7,Released,7/8/2026,,Gebresillassei,Opened,12/3/2025,3/2/2026,227,Amanuel,Fully Delivered,Closed,,
,,,,,,,SNSL Sysmex XN-550 - Sulfolyser of 3*500ml,PAC,397,79.03,"31,374.91",,,,,,,,,,,,,,,,,,,,,,,,,,
,,,,,,,SNLY Sysmex XN-550 Lyser cell WDF of 2L,JAR,770,132.97,"102,386.90",,,,,,,,,,,,,,,,,,,,,,,,,,
,,,,,,,SUFL Sysmex XN-550 - Fluoro cell WDF of 2*22ml,PAC,428,491,"210,148.00",,,,,,,,,,,,,,,,,,,,,,,,,,
252,11/3/2025,ICB/PFSA6/RDF/FW/PLACMENT/LR/2018,4500006791,High Technology Inc,USA,Labtrace,"Micro CC Plus- Tri-level (L,N,H) 
Control of 3x2.5 ml",PAC,94,50,"4,700.00","4,700.00",USD,RDF,Air,11/10/2025,11/11/2025,11/20/2025,11/17/2025,Berhan Bank,BrB/GMBR/PG/007/2025,11/20/2026,161,9,Released,6/12/2026,Girum,Yordanos,Opened,12/15/2025,,215,Amanuel,Fully delivered,,,
,,,,,,,Micro CC-20 Plus-calibrator of 2.5 ml,BT,69,0,0.00,0.00,,,,,,,,,,,,,,,,,,,,,,,,,
253,11/3/2025,ICB/PFSA6/RDF/FW/PLACMENT/LR/2018,4500006790,High Technology Inc,USA,Labtrace,MCLY Micro CC 20 Plus-Lyse of 1 L,BT,321,151,"48,471.00","48,471.00",USD,RDF,Sea,11/10/2025,11/11/2025,11/20/2025,11/24/2025,Berhan Bank,BrB/GMBH/PG/007/2025,11/20/2026,161,9,Released,6/12/2026,Girum,Yordanos,Opened,12/7/2025,,223,Amanuel,Fully Delivered,Closed,,
,,,,,,,MCDL Micro CC 20 Plus Diluent of 20 L,JAR,369,90,"33,210.00","33,210.00",,,,,,,,,,,,,,,,,,,,,,,,,
,,,,,,,MCCL Micro CC-20 Plus Cleaner of 1 L,BT,589,47.22,"27,812.58","27,812.58",,,,,,,,,,,,,,,,,,,,,,,,,
,,,,,,,"MCEN Micro CC 20 Plus -Enzymatic Cleaner 
Concentrate of 50 ml",BT,224,41,"9,184.00","9,184.00",,,,,,,,,,,,,,,,,,,,,,,,,
254,11/4/2025,EPSA-ICB-G-0012-2017-BID,4500007834,Ciron Drugs And Pharmaceuticals PVT Ltd,India,Getmaz General Business PLC,LATA Latanoprost 0.005% eye drop of 5 ml,BT,"24,120",1.44,"34,732.80","34,732.80",USD,RDF,Air,11/10/2025,11/11/2025,11/28/2025,11/29/2025,CBE,MD2532506790,5/10/2027,122,#REF!,,,,Mahider,Opened,12/9/2025,3/8/2026,221,Bilisuma,Fully Delivered,,,
255,11/3/2025,EPSA-ICB-G-0012-2017-BID,4500007881,Venus Remedius Ltd,Chandigarh India,Woyn Chemicals General Business PLC,Meropenem - 1gm - Injection of Each,10,,14.55,0.00,0.00,USD,RDF,Air,11/10/2025,11/10/2025,11/18/2025,11/19/2025,Berhan Bank,BRIB/MK/1011/25,11/17/2026,122,8,,,,Yordanos,Opened,11/25/2025,2/22/2026,235,Tesfaye,,,,
256,11/3/2025,EPSA-ICB-G-0012-2017-BID,4500007879,Rise GLOBAL GMBH Na,Koln Germany ,EMA construction and trading plc,"PETH Pethidine HCL - 50mg/ml in 1ml Ampoule
 - Injection of 10",PAC,"22,218",1.945,"43,214.01","43,214.01",USD,RDF,Air,11/7/2025,11/10/2025,12/1/2025,12/1/2025,Berhan Bank,BrB/ATB/851/25,11/25/2026,160,21,Released,6/18/2026,Israel Terefe,Selamawit,Opened,12/5/2025,3/4/2026,225,Sagni,,,,
257.00,11/3/2025,"""ICB/PFSA6/RDF/FW/PLACEMENT/LR/2018",4500006781,Sysmex Europe SE,Norderstedt Germany ,Pyramid pharma PLC Ethiopia,SNCL Sysmex XN-550 - Cell Clean of 50ml,BT,186,51.5,"9,579.00","18,516.00",EUR,RDF,Air,11/10/2025,11/10/2025,10/2/2025,2/9/2026,CBE,MD2603632633,2/4/2027,211,-39,Released,7/8/2026,,Gebresillassei,Opened,3/18/2026,6/15/2026,122,Amanuel,Fully Delivered,Closed,,
,,,,,,,SNCK Sysmex XN-550 - check Level 1 of 1*3ml,VI,100,29.79,"2,979.00",,,,,,,,,,,,,,,,,,,,,,,,,,
,,,,,,,SUCK Sysmex XN-550 - check Level 2 of 1*3ml,VI,100,29.79,"2,979.00",,,,,,,,,,,,,,,,,,,,,,,,,,
,,,,,,,SNCK Sysmex XN-550 - check Level 3 of 1*3ml,VI,100,29.79,"2,979.00",,,,,,,,,,,,,,,,,,,,,,,,,,
,,,,,,,SNCA Sysmex XN-550 - Calibrator of 3*3ml,PAC,15,0,0.00,,,,,,,,,,,,,,,,,,,,,,,,,,
258,11/3/2025,EPSA-ICB-G-0012-2017-BID,4500007880,"Cspc Ouyi Pharmaceutical Co.,Ltd",shijiazhuang China,Life Care Pharmaceuticals Trading,meropenem - 1gm - Injection of Each,EA,"31,554",14.55,"459,110.70","459,110.70",USD,RDF,Air,11/10/2025,11/11/2025,12/5/2025,12/6/2025,CBE,MD2532393606,11/21/2026,126,24,,,,Yordanos,Opened,12/9/2025,3/8/2026,221,Sena,,,,
259,11/3/2025,EPSA-ICB-G-0012-2017-BID,4500007852,Brawn Laboratories Ltd,New Delhi India,Moplaco Trading PLC,meropenem - 1gm - Injection of Each,EA,"75,730",14.55,"1,101,871.50","1,101,871.50",USD,RDF,Sea,11/10/2025,11/11/2025,12/12/2025,12/15/2025,Awash Bank,AA00044982,12/14/2026,149,31,,,,Selamawit,Opened,12/19/2025,3/18/2026,211,Semira,,,,
260,11/3/2025,EPSA-ICB-G-0012-2017-BID,4500007849,Aurobindo pharma,Hayderabad India,Aurobindo pharma Limited,Sumatriptan - 50mg - Tablet of 20,PAC,"4,576",2.66,"12,172.16","12,172.16",USD,RDF,Air,11/10/2025,11/10/2025,12/10/2025,12/15/2025,Bunna Bank,2025.PB.0073,12/4/2026,139,30,,,,Yordanos,Opened,12/17/2025,3/16/2026,213,Bilisuma,Under Clearance,,,
261,11/5/2025,EPSA-ICB-G-0014-2017-BID,4500007491,Tenama International FZ-LLC,Dubai Utd.Arab Emir.,Halicare Trading One Member PLC,"PGAC polyglycolic Acid Absorbable Braided Violet -
 Gauge 3.0(2/0) Circle Cutting Needle of 12 pieces",DZ,"16,848",3.26,"54,924.48","149,971.78",USD,RDF,Sea,11/10/2025,11/10/2025,12/17/2025,12/18/2025,Awash Bank,AB/IFB/CRM&OP/0975/25,12/16/2026,151,37,,,,Yordanos,Opened,1/2/2026,4/1/2026,197,Yoseph,Awaiting Shipment,,,
,,,,,,,"PGAR Polyglycolic acid absorbable braided violet -
 Gauge 4.0(1) 75cm on 45 mm 1/2 Circle Round Bodied Needle of Dozen",DZ,"11,143",3.28,"36,549.04",,,,,,,,,,,,,,,,,,,,,,,,,,
,,,,,,,"PGAR Polyglycolic acid absorbable braided violet - 
Gauge 3.0(2/0) 75cm on 27 mm 1/2 Circle Round
 Bodied Needle of 12 pieces",DZ,"18,710",3.19,"59,684.90",,,,,,,,,,,,,,,,,,,,,,,,,,
262,11/5/2025,EPSA-ICB-G-0014-2017-BID,4500007487,Tenama International FZ-LLC,Dubai Utd.Arab Emir.,Halicare Trading One Member PLC,ADPL Adhesive plaster Zinc Oxide - 7.5cm x 10m,EA,"255,135",5.34,"1,362,420.90","1,362,420.90",USD,RDF,Sea,11/10/2025,11/11/2025,12/17/2025,12/18/2025,Awash Bank,AB/IFB/CRM&OP/0974/25,12/16/2026,170,36,Released,6/29/2026,Jibril Ali,Yordanos,Opened,1/1/2026,3/31/2026,198,Efa,,,,
263,11/5/2025,EPSA-ICB-G-0008-2017-BID,4500007764,Care pharma FZ LLC,Dubai Utd.Arab Emir.,Lfe Care Pharmaceutical's  Trading ,"Vacutainer Blood Collection with EDTA 
anticoagulant purple top 4ml plastic of 100 s",PAC,"42,455",2.52,"106,986.60","172,008.48",USD,RDF,Sea,11/10/2025,11/10/2025,1/13/2026,1/14/2026,Awash Bank,AB/IFB/CRM&OP/1073/26,1/7/2027,173,64,,,,Selamawit,Opened,1/27/2026,4/26/2026,172,Amanuel,,,,
,,,,,,,"Laboratory Supplies - Vacutainer Serum
Separator (SS) yellow top 5ml of 100",PAC,"19,068",3.41,"65,021.88",,,,,,,,,,,,,,,,,,,,,,,,,,
264,11/5/2025,EPSA-NCB-G-0087-2017-BID,4500007627,Humanwell pharmaceutical Ethiopia plc,Ethiopia,Humanwell pharmaceutical Ethiopia plc,Magnesium Sulphate - 50% in 10ml ampoule - Injection of 5,PAC,"393,309",165,"64,895,985.00","64,895,985.00",ETB,SDG-MH,Truck,11/7/2025,,11/5/2025,11/6/2025,Bunna insurance S.C,G/ARK/1307/001057/2025,11/4/2026,109,ENTER DATE,,,,,,,,"46,221",Eyob,,,,
265,11/5/2025,EPSA-ICB-G-0008-2017-BID,4500007761,Rise GLOBAL GMBH,"Koln
Germany",EMA construction and trading plc,"Vacutainer Blood Collection with EDTA 
anticoagulant purple top 4ml plastic of 100 s",PAC,"28,303",2.52,"71,323.56","114,671.48",USD,RDF,Sea,11/10/2025,11/10/2025,11/13/2025,11/15/2025,Berhan Bank,BrB/ATB/815/25,11/6/2026,141,3,Released,6/18/2026,Israel Terefe,Mahider,Opened,11/25/2025,2/22/2026,235,Amanuel,,,,
,,,,,,,"Laboratory Supplies - Vacutainer Serum
Separator (SS) yellow top 5ml of 100",PAC,"12,712",3.41,"43,347.92",,,,,,,,,,,,,,,,,,,,,,,,,,
266,11/5/2025,EPSA-ICB-G-0008-2017-BID,4500007760,Rise GLOBAL GMBH Na,"Koln
Germany",EMA construction and trading plc,"Serology - Proteus OX-19 Antigen, 5ml of 5ml",VI,"34,420",1.4,"48,188.00","48,188.00",USD,RDF,Sea,11/10/2025,11/10/2025,11/13/2025,11/15/2025,Berhan Bank,BrB/ATB/815/25,11/6/2026,141,3,Released,6/18/2026,Israel Terefe,Mahider,Opened,11/25/2025,2/22/2026,235,Amanuel,Cleared to WH,,,
267,11/5/2025,EPSA-ICB-G-0008-2017-BID,4500007759,Tulip Diagnotics Ltd,"Nedehli
 India","G M triangle
 trading PLC","Serology - Proteus OX-19 Antigen, 5ml of 5ml",VI,"51,632",1.4,"72,284.80","283,141.90",USD,RDF,Air,11/10/2025,11/10/2025,1/5/2026,1/10/2026,Tsehay Bank,TS/PG/001/26,12/26/2026,240,56,Released,4/30/2026,Muluken Mesfin,Selamawit,Opened,1/20/2026,4/19/2026,179,Amanuel,,,,
,,,,,,,"Serology - Anti-A Anti-B, Anti-D Monoclonal
 Antibody of 3*10ml",BT,"61,118",3.45,"210,857.10",,,,,,,,,,,,,,,,,,,,,,,,,,
268,11/5/2025,EPSA-ICB-G-0008-2017-BID,4500007758,Intec Products Inc,"Nanchang
 China","Medilab Medica
l Equipment
Supplies Import","Serology - Hepetitis C Ab Test Cassette
 individually packed of 40 tests",PAC,"19,044",3.96,"75,414.24","75,414.24",USD,RDF,Air,11/10/2025,11/10/2025,11/13/2025,11/18/2025,CBE,11580444 (CPO),5/12/2026,75,3,Released,2/26/2026,Kebede Alemu,Selamawit,Opened,12/3/2025,3/2/2026,227,Amanuel,,,,
269,11/5/2025,EPSA-ICB-G-0008-2017-BID,4500007752,Sterilance Medical (Suzhou) Inc,"Shzhou
 China",GEZ Chemicals and pharmaceuticals PLC,"Laboratory Supplies - Contact activated
 blood lancet (automatic) 2mm of 100 Lancets",PAC,"187,326",1.55,"290,355.30","290,355.30",USD,RDF,Sea,11/10/2025,11/10/2025,11/19/2025,11/24/2025,Lion International Bank S.C,LIB/AHG/PPG/74/25,11/8/2026,136,9,Released,6/25/2026,Solomon G/selassie,Gebresillassei,Opened,12/4/2025,3/3/2026,226,Amanuel,,,,
270,11/7/2025,EPSA-ICB-G-0008-2017-BID,4500007755,"Hangzhou Alltest Biotech Co.,Ltd","Shzhou
 China",Lifecare Pharmaceutical trading,Serology Rheumatoid factorimmunochromatograohic rapid test cassete individually pached of 50 tests,PAC,"23,590",22,"518,980.00","518,980.00",USD,RDF,Sea,11/10/2025,11/10/2025,11/24/2025,11/26/2025,Awash Bank,AB/IFB/CRM&OP/0816/25,11/21/2026,126,14,,,,Mahider,Opened,12/2/2025,3/1/2026,228,Amanuel,On transit,,,
,,,,,,,Serology Hepatitis BsAG test cassette of 30 test,PAC,"136,626",2.84,"388,017.84","388,017.84",,,,,,,,,,,,,,,,,,,,,,,,,
,,,,,,,"Serology - Serology Hepetitis C Ab Test Cassette
 individually packed of 40 tests",PAC,"28,566",3.96,"113,121.36","113,121.36",,,,,,,,,,,,,,,,,,,,,,,,,
,,,,,,,"Serology - Anti-A Anti-B, Anti-D Monoclonal
 Antibody of 3*10ml",PAC,"91,678",3.45,"316,289.10","316,289.10",,,,,,,,,,,,,,,,,,,,,,,,,
271,11/7/2025,EPSA-ICB-G-0012-2017-BID,4500007851,Neon Laboratory,India,Micro Phrma Private Limited,Fentanyl 50 mc/ml in 2 ml injection of 5,PAC,"10,330",1.35,"13,945.50","13,945.50",EUR,RDF,Air,11/10/2025,11/10/2025,12/4/2025,12/5/2025,Hibret Bank,HB/DIED/1416/25,11/2/2026,107,24,,,,Gebresillassei,Opened,12/11/2025,3/10/2026,219,Sagni,,,"Due to INCB qouta the supplier shipped only 40,000 ampules of Fentanly from 51,660 ampoules-allowed by Aknaw",
272,11/5/2025,ICB-FW-EPSS6/RDF-R/PH/06/23,4500005833,Therdose Pharma Pvt Ltd,India,Lifecare Pharmaceutical trading,Methotrexate -500 mg/20 ml-Liquide injection,VI,"4,753",5.04,"23,955.12","23,955.12",USD,RDF,Air,11/7/2025,11/7/2025,12/11/2025,12/12/2025,Awash Bank,AB/IFB/CRM&OP/0915/25,12/10/2026,164,34,Released,6/29/2026,Jibril Ali,Selamawit,Opened,12/22/2025,3/21/2026,208,Sena,,,,
273,11/5/2025,EPSA-ICB-G-0017-2017-BID,4500007811,Ciron Drugs And Pharmaceuticals  Pvt Ltd.,India,Getmaz General Business PLC,Almuminium hydroxide+magnisium hydroxide+simethicone-(225 mg+200 mg+50 mg)/5 ml suspunsion of 200 ml,BT,"1,053,264",0.38,"400,240.32","400,240.32",USD,RDF,Sea,11/10/2025,11/11/2025,11/28/2025,11/29/2025,CBE,MD2532506790,5/10/2027,296,17,,,,Mahider,Opened,12/4/2025,3/3/2026,226,Semira,Cleared to WH,,our warehouse team identified a short landed supply of 1 carton (32 bottles).,
274,11/5/2025,ICB/Framework/EPSS6/RDF-R/PH/06/23,4500007820,Khandelwal Laboratoriys PVT Ltd,India,"Estro Import and ExportPVT LTD CO,.",BLEO Bleomycin sulfate -15 IU in vial-powder for injection(lyophilized),VI,"5,201",6,"31,206.00","31,206.00",USD,RDF,Air,11/10/2025,11/11/2025,11/24/2025,11/25/2025,Berhan Bank,CORCR/011/5141/25,11/12/2026,117,13,,,,Yordanos,Opened,12/3/2025,3/3/2026,227,Bilisuma,,,,
275,11/5/2025,ICB/Framework/EPSS6/RDF-R/PH/06/23,4500007824,Astra Zeneca,United Kingdom,Equatorial Business Group P.L.C,Goserelin Acetate-10.8 mg in PFS- injection(depot.onely),PC,720,125.4,"90,288.00","90,288.00",USD,RDF,Air,11/10/2025,11/10/2025,1/27/2026,1/29/2026,Dashen Bank,444GTEE202500429,1/25/2027,191,78,,,,Selamawit,Opened,2/12/2026,5/12/2026,156,Bilisuma,,,,
276,11/10/2025,ICB/PFSA6/RDF/FW/PLACEMENT/RL/2018,4500006773,GB Life Care Co.Ltd,South Korea,Shegna Pharmaceuticals,GLUC Glucose test strips-of 50 tests,PAC,"43,446",2.85,"123,821.10","123,821.10",USD,RDF,Air,11/11/2025,11/12/2025,11/18/2025,11/19/2025,Berhan,BrB/GMBR/PG/006/2025,11/18/2026,260,6,Released,3/3/2026,Gium atenafu,Dejene,Opened,12/3/2025,3/3/2026,227,Amanuel,,,,
277,11/11/2025,EPSA-ICB-G-0012-2017-BID,4500007848,Aculife HealthcarePvt.Ltd,India,ZE-EL Trading PLC,Ciprofloxacin-2 mg/ml intravenous infusion(as lactate),BT,"187,901",0.23,"43,217.23","43,217.23",USD,RDF,Sea,11/11/2025,11/12/2025,12/5/2025,12/5/2025,CBE,MD2532431644,11/30/2026,135,23,,,,Mahider,Opened,12/10/2025,3/9/2026,220,Efa,,,,
278,11/12/2025,ICB/FW/EPSS6/RDF-R/PH/06/23,4500007839,Therdose Pharma Pvt Ltd,India,Lifecare Pharmaceutical trading,Vincristine Sulphate-2 mg ionjection of each,EA,"14,756",1.87,"27,593.72","27,593.72",USD,RDF,Air,11/12/2025,11/15/2025,12/11/2025,12/12/2025,Awash Bank,AB/IFB/CRM&OP/0916/25,12/10/2026,164,26,Released,6/29/2026,Jibril Ali,Mahider,Opened,12/17/2025,3/16/2026,213,Sena,,,,
279,11/12/2025,ICB/FW/EPSS6/RDF-R/PH/06/23,4500007825,Rise GLOBAL GMBH,Germany,Ema construction and trading PLC,L-Asparaginase-5000 IU injection of vial,VI,"5,988",9.49,"56,826.12","56,826.12",USD,RDF,Air,11/12/2025,11/15/2025,11/19/2025,11/25/2025,Berhan Bank,BrB/ATB/832/25,11/12/2026,147,4,Released,6/18/2026,,Yordanos,Opened,12/3/2025,3/3/2026,227,,,,,
280,11/12/2025,EPSA-ICB-G-0012-2017-BID,4500007951,Macleods Pharmaceutical Ltd,India,Lifecare Pharmaceutical trading,Tenofovir disoproxil fumerate (TDF) 300 MG Tablet,PAC,"16,760",1.6,"26,816.00","26,816.00",USD,RDF,Air,11/12/2025,11/15/2025,12/9/2025,12/11/2025,Awash Bank,AA 00044972,11/30/2026,135,24,,,,Gebresillassei,Opened,12/13/2025,3/12/2026,217,Bilisuma,,,,
281,11/13/2025,EPSA-ICB-G-0012-2018-BID,4500007878,Sakar Healthcare Limited,India,Medthech Ethiopia PLC,Bupivacain hydrochloride 0.5% in 4 ml ampule spinal injection  of 5,PAC,"87,204",1.99,"173,535.96","173,535.96",USD,RDF,Air,11/17/2025,11/23/2026,12/8/2025,12/8/2025,Abay,AB?IFBFI/429/25,12/3/2026,168,-350,Released,6/18/2026,Israel Terefe,Mahider,Opened,12/12/2025,3/11/2026,218,Bilisuma,,,We received bupivacaine hydrochloride dextrose insted of the contract agrement specifies bupivacaine hydrochloride. ,
282,11/13/2025,EPSA-ICB-G-0012-2018-BID,4500007902,Kilich Drugs,India,Estro Import and Export PLC,Gentamicen 0.3% eye drop of 10 ml,BT,"1,014,156",0.12,"121,698.72","121,698.72",USD,RDF,Sea,11/17/2025,11/17/2025,11/27/2025,11/29/2025,Berhan Bank,BrB/MB/PG/8740/25,11/26/2026,131,10,,,,Gebresillassei,Opened,12/5/2025,3/4/2026,225,,,,"The ordered item is Gentamicin 0.3% Eye Drops (10 ml); however, the product received is Gentamicin Eye & Ear Drops. The product received to Warehouse by DG decision",
283,11/13/2025,EPSA-ICB-G-0012-2018-BID,4500007904,Medicame Biotech Limited,India,Droga Pharma PLC,Clotrimazol-100 mg vaginal tablet with applicator of 6,PAC,"101,010",0.14,"14,141.40","14,141.40",USD,RDF,Air,11/17/2025,11/17/2025,11/28/2025,11/29/2025,Awash Bank,AA00044947,10/31/2026,105,11,,,,Mulugeta,Opened,12/5/2025,3/4/2026,225,Sena,,,,
284,11/13/2025,EPSA-ICB-G-0012-2017-BID,4500007850,Ciron Drugs And Pharmaceuticals  Pvt Ltd.,India,Getmaz General Business PLC,Vancomycine 1 g ingection of vials,VI,"394,880",0.8,"315,904.00","315,904.00",USD,RDF,Sea,11/17/2025,11/17/2025,11/27/2025,11/28/2025,CBE,MD2532586296,5/19/2027,305,10,,,,Mulugeta,Opened,12/5/2025,3/4/2026,225,Semira,,,,
285,11/14/2025,EPSA-ICB-G-0012-2017-BID,4500007828,Ningbo inopha Biotech Ltd,China,Sante care pharma PLC,TETA   Tetanus antitoxin (TAT) Equine-1500 iu/ml in 1ml ampule-injection  of 20 ampule,PAC,"61,065",14.18,"865,901.70","865,901.70",USD,RDF,Air,2/19/2026,2/24/2026,3/24/2026,3/25/2026,CBE,MD2606473850,2/18/2027,215,28,,,,Mahider,Opened,5/22/2026,8/19/2026,57,Sena,Awaiting Shipment,,Contract Amendment on Spec,
286,11/14/2025,EPSA-ICB- G-0017-BID,4500007906,Care pharma FZ LLC,Utd.Arab Emir,Lifecare Pharmaceutical trading,PANT Pantoprazol 40 mg enteric coated tablet 0f 10*10,PAC,"150,791",0.99,"149,283.09","149,283.09",USD,RDF,Sea,11/18/2025,11/19/2025,12/5/2025,12/6/2025,Awash Bank,AB/IFB/CRM&OP/0871/25,12/3/2026,138,16,,,,Dejene,Opened,12/10/2025,3/9/2026,220,Semira,,,,
287,11/14/2025,EPSA-ICB-G-0012-2018-BID,4500007907,Galentic pharma PVT Ltd,India,Medthech Ethiopia PLC,Fusidic acide 2% topical cream of 15 g,TU,"53,436",0.59,"31,527.24","31,527.24",USD,RDF,Sea,11/18/2025,11/19/2025,12/8/2025,12/8/2025,CBE,2025.LOC.12,12/3/2026,160,19,Released,6/26/2026,Rahael Hailu,Dejene,Opened,12/12/2025,3/11/2026,218,Efa,,,,
288,11/17/2025,EPSA-ICB-G-0012-2018-BID,4500007937,"Cspc ouyi pharmaceutical Co., Ltd",China,Lifecare Pharmaceutical trading,Omeprazole-4 mg/ml in 10 ml # injection with diluent,PAC,"520,662",0.21,"109,339.02","109,339.02",USD,RDF,Sea,11/18/2025,11/19/2025,12/12/2025,12/12/2025,CBE,MD2533665250,11/28/2026,133,23,,,,Selamawit,Opened,12/19/2025,3/18/2026,211,Samuel ,Awaiting Shipment,,,
289,11/17/2025,EPSAICB-G-0075-2017-BID,4500005659,Care pharma FZ LLC,Utd.Arab Emir,Lifecare Pharmaceutical trading,"Neadle, multi-sample, blood collection,21G,1.25 IN,Luer,Attached tube holder, 100 needles",PAC,763,22.45,"17,129.35","17,129.35",USD,GF-HIV,Air,11/18/2025,11/19/2025,12/23/2025,12/24/2025,Awash Bank,AB/IFB/CRM&OP/0993/25,12/18/2026,172,34,Released,6/29/2026,Jibril Ali,Mulugeta,CAD Reserved,1/18/2026,4/17/2026,181,Amanuel,,,,
290,11/17/2025,EPSAICB-G-0075-2017-BID,4500005661,Care pharma FZ LLC,Utd.Arab Emir,Lifecare Pharmaceutical trading,"Neadle, multi-sample, blood collection,21G,1.25 IN,Luer,Attached tube holder, 100 needles",PAC,34,22.45,763.30,763.30,USD,SDG,Air,11/18/2025,11/19/2025,,,,Non-economic,,"-46,221",241,,,,Mulugeta,,,,"46,221",,,,,
291,11/17/2025,EPSAICB-G-0075-2017-BID,4500005662,Care pharma FZ LLC,Utd.Arab Emir,Lifecare Pharmaceutical trading,"Neadle, multi-sample, blood collection,21G,1.25 IN,Luer,Attached tube holder, 100 needles",PAC,139,22.45,"3,120.55","3,120.55",USD,MOF-OTH-23-001-011,Air,11/18/2025,11/19/2025,12/23/2025,12/24/2025,Awash Bank,AB/IFB/CRM&P/0994/25,12/18/2026,172,,Released,6/29/2026,Jibril Ali,Mulugeta,CAD Reserved,1/18/2026,4/18/2026,181,Amanuel,,,,
292,11/17/2025,EPSAICB-G-0075-2017-BID/Child Health,4500004908,Care pharma FZ LLC,Utd.Arab Emir,Lifecare Pharmaceutical trading,Nasal prong (for preterm and term size),EA,"30,600",0.55,"16,830.00","16,830.00",USD,MOF-OTH-23-001-011,Air,11/18/2025,11/19/2025,12/23/2025,12/24/2025,Awash Bank,AB/IFB/CRM&OP/0992/25,12/18/2026,172,34,Released,6/29/2026,Jibril Ali,Mulugeta,CAD Reserved,1/18/2026,4/17/2026,181,Amanuel,,,,
293,11/18/2025,EPSA-ICB-G-0008-2017-BID,4500007765,Care pharma FZ LLC,Utd.Arab Emir,Lifecare Pharmaceutical trading,Laboratory supplies -contact activated blood lancet(automatic) 2 mm of 100 lancet,PAC,"124,884",1.55,"193,570.20","193,570.20",USD,RDF,Sea,11/19/2025,11/19/2025,12/18/2025,12/18/2025,Awash Bank,AB/IFB/CRM&op/0973/25,12/16/2026,170,29,Released,6/29/2026,Jibril Ali,Mahider,Opened,1/2/2026,4/1/2026,197,Amanuel,,,,
,,,,,,,Laboratory supplies microscop slide size 27x75 mm thickness 1.2mm frosted of 50 slide,PAC,"430,000",0.66,"283,800.00","283,800.00",,,,,,,,,,,,,,,,,,,,,,,,,
294,11/18/2025,ICB/PFSA6/RDF/FW/PLACMENT.LR/2018,4500006817,Roch Kenya Limited,kenya,Retina Pharmaceutical limited,Cobas C 311,PAC,,,0.00,"933,583.36",USD,RDF,Air,11/19/2025,11/21/2025,2/10/2026,2/11/2026,CBE,MD2603369006,2/21/2027,218,81,,,,Mulugeta,,,,"46,221",,,,,
295,11/18/2025,EPSA-ICB-G-0012-2017-BID,4500007830,Aculife HealthcarePvt.Ltd,India,ZE-EL Trading PLC,Mannitol- 20% in 500 ml Ampule- intravenous infusion of 500 ml,AM,"18,730",1.5,"28,095.00","28,095.00",USD,RDF,Sea,11/19/2025,11/19/2025,12/9/2025,12/9/2025,CBE,MD2533104040,11/30/2026,135,20,,,,Dejene,Opened,12/12/2025,3/11/2026,218,Efa,,,,
296,11/18/2025,EPSA-ICB-G-0012-2017-BID,4500007967,AXA Parenteral Limited,India,Droga pharma PLC,CIDE  Ciprofloxacin +Dexamethasone-0.3%+0.1% eye drpe of 5ml,BT,"87,106",0.14,"12,194.84","12,194.84",USD,RDF,Sea,11/19/2025,11/19/2025,11/28/2025,11/29/2025,Bunna Bank,2025.PB.0071,12/31/2026,166,,,,,Yordanos,Opened,12/9/2025,3/8/2026,221,Efa,,,,
297,11/18/2025,EPSA-ICB-G-0012-2017-BID,4500007954,Kilich Drugs,India,Estro Import and Export PLC,CIDE  Ciprofloxacin +Dexamethasone-0.3%+0.1% eye drpe of 5ml,BT,"58,070",0.14,"8,129.80","8,129.80",USD,RDF,Air,11/19/2025,11/21/2025,11/27/2025,11/29/2025,Berhan Bank,BrB/MB/PG/8739/25,11/26/2026,131,6,,,,Selamawit,Opened,12/5/2025,3/4/2026,225,Sena,Shipped,,The remaining cancelled,
298,11/18/2025,EPSA-ICB-G-0012-2018-BID,4500007862,Remedica LTD,Cyprus,Nebidom Trading PLC,Bromazepam  3 mg  # tablet 10*10,PAC,"2,531",1.25,"3,163.75","3,163.75",USD,RDF,Air,11/19/2025,11/19/2025,12/5/2025,11/26/20256,Dashen Bank,DB/PG/019/25,11/21/2026,126,,,,,Selamawit,CAD Reserved,12/13/2025,3/12/2026,217,Sagni,,,,
300,11/18/2025,ICB/FRAMEWORK/EPSS6/RDF-R/PH/06/23,4500007863,Mission pharma,Denmark,"MT international, AA",Tacrolimus-1 mg- capsule of 60,PAC,"4,800",13.5,"64,800.00","64,800.00",USD,RDF,Air,11/19/2025,11/20/2025,12/17/2025,12/18/2025,CBE,MD2534541790,5/31/2026,-48,27,,,,Gebresillassei,Opened,12/24/2025,3/23/2026,206,Sagni,Delivered (Remaining 364.54 USD),,27 PAC -364.50 USD Remaining,
,,,,,,,Tacrolimus-0.5 mg- capsule of 60,PAC,"1,920",10,"19,200.00","19,200.00",USD,,,,,,,,,,,,,,,,,,,,,,,,
301,11/19/2025,EPSA-ICB-G-0012-2018-BID,4500007903,Ciron Drugs And Pharmaceuticals  Pvt Ltd.,India,Getmaz General Business PLC,Timolol maleate+ Dorzolamide-(0.5%+2%) eye drop of  5 ml,BT,"51,240",0.88,"45,091.20","45,091.20",USD,RDF,Air,11/19/2025,11/19/2025,12/22/2025,12/22/2025,CBE,MD2534380920,5/21/2027,307,33,,,,Dejene,Opened,1/1/2026,3/31/2026,198,Sena,,,,
797,11/19/2025,"ICB/EPSS6/Routine,SRHB &SG/MD/26/23",4500003341,Rise GLOBAL GMBH,Germany,Ema construction and trading PLC,Set Instrument surgery major,SET,27,794.44,"21,449.88","21,449.88",USD,SDG-ME-23-001-011,Air,11/20/2025,11/20/2025,11/21/2025,11/26/2025,Berhan Bank,BrB/ATB/837/25,11/15/2026,150,,Released,6/18/2026,Israel Terefe,Mahider,Opened,12/26/2025,3/26/2026,204,Abush,,,PO 4500001999 Reterned; and then split to  PO 4500003341 & 4500003342,
798,11/20/2025,ICB/FRAMWORK/PFSA6/RDF-R/PH/01/19,4500006724,Kilicth Drugs,India,Estro Import and Export PLC,Glyceryl trinatrate(nitroglycerin) 0.4 mg- tablet(sublingual)of 100,PAC,"3,933",6.99,"27,491.67","27,491.67",USD,RDF,Air,11/20/2025,11/21/2025,11/27/2025,11/29/2025,Berhan Bank,BrB/MB/PG/8741/25,11/27/2026,132,6,,,,Yordanos,,,,"46,221",,,,,
799,11/20/2025,ICB/Framwork/EPSS6/RDF-R/PH/06/23,4500007823,Intas  pharmaceutical LTD,India,Gopani Brothers Private Limited,Filgarstim-300 mcg/0.5 ml ampoule- injection of 5,PAC,"4,823",49.9,"240,667.70","240,667.70",USD,RDF,Air,11/24/2025,11/24/2025,12/31/2025,12/31/2025,CBE,MD2534215206,12/15/2026,150,37,,,,Yordanos,Opened,1/5/2026,4/4/2026,194,Sena,,,short 12 packs is due to yield loss ,
800,11/21/2025,"ICB/EPSS6/Routine, SRHB & SD/MD/26/23",4500003342,RISE GLOBAL GMBH,Germany,EMA construction & Trading PLC,"Set - Surgery,Major.",SET,123,794.44,"97,716.12","196,517.26",USD,RDF,Sea,11/21/2025,11/26/2025,11/20/2025,11/20/2025,Berhan Bank,BrB/ATB/837/25,11/15/2026,150,-6,Released,6/18/2026,Israel Terefe,Mahider,Opened,12/4/2025,3/3/2026,226,Nebiyu,,,PO 4500001999 Reterned; and then split to  PO 4500003341 & 4500003342,
,,,,,,,"Set - Laryngoscope,",SET,250,78.75,"19,687.50",,,,,,,,,,,,,,,,,,,,,,,,,,
,,,,,,,"Set - Biopsy, incision.",SET,62,240.72,"14,924.64",,,,,,,,,,,,,,,,,,,,,,,,,,
,,,,,,,Set - Cusco Vaginal Speculum -,SET,250,72.84,"18,210.00",,,,,,,,,,,,,,,,,,,,,,,,,,
,,,,,,,Set - Foreign body removal.,SET,100,308.7,"30,870.00",,,,,,,,,,,,,,,,,,,,,,,,,,
,,,,,,,Set - Hysterectomy.,SET,50,302.18,"15,109.00",,,,,,,,,,,,,,,,,,,,,,,,,,
807,11/27/2025,ICB/PFSA6/RDF/FW/Placement/LR/2018,4500006775,Fenway Trading co. Ltd,Taiwan,GEZ Chemichals,Glucose test strips-fenway of 50 strips,PAC,"7,744",2.85,"22,070.40","25,775.90",USD,RDF,Air,11/28/2025,11/28/2025,12/17/2025,12/22/2025,Lion international Bank,LIB/AHG/PPG/82/25,12/12/2026,239,19,Released,4/17/2026,solomon,Selamawit,Opened,1/1/2026,3/31/2026,198,Amanuel,,,,
,,,,,,,Feight cost,AU,1,"3,705.50","3,705.50",,,,,,,,,,,,,,,,,,,,,,,,,,
809,11/27/2025,EPSA-ICB-G-0012-2017-BID,4500007853,Neon Laboratory Ltd,India,Micro pharma private Limitd ,Neostigmine - 2.5mg/ml in ml Ampoule - Injection of 10,PAC,"30,915",63.84,"1,973,613.60","1,973,613.60",EUR,RDF,Air,11/28/2025,11/28/2025,12/4/2025,12/5/2025,Hibret Bank,HB/DIED/1421/25,11/9/2026,114,,,,,Selamawit,Opened,12/11/2025,3/10/2026,219,,,,,
810,11/29/2025,ICB/EPSS6/SDG and RDF/MD/19/24,4500004542,Nanjing Mindray Biomedical Electronics C,China,ABH Partners Private Limed Company,"Table Operating,Electro-H",EA,20,"5,475.50","109,510.00","109,510.00",USD,SDG-ME,Sea,12/2/2025,12/9/2025,12/25/2025,12/25/2025,Dashen Bank,444GTEE202500365,12/17/2026,152,16,,,,Selamawit,Opened,1/16/2026,4/15/2026,183,Yoseph,,,,
811,11/29/2025,EPSA-ICB-G-0014-2017-BID,4500008162,RISE GLOBAL GMBH Na,Germany,EMA Construction and trading PLC,Mersilk Braided Black - Gauge 23.0(4/0) 75cm on 26 mm 1/2 Cricle Round Bodied Needle of 12,DZ,"2,738",1.12,"3,066.56","3,066.56",USD,RDF,Sea,12/2/2025,12/3/2025,12/15/2025,12/17/2025,Berhan Bank,BrB/ATB/874/25,12/5/2026,140,12,,,,Selamawit,Opened,12/22/2025,3/21/2026,208,Yoseph,,,,
,,,,,,,Cat Gut Chromic - Gauge 2.0(4/0) 75cm on 15mm 1/2 Cricle Cutting Needle of 12 Pieces,DZ,"15,687",21.63,"339,309.81","339,309.81",,,,,,,,,,,,,,,,,,,,,,,,,
813,11/29/2025,"EPSA-ICB-G-0014-2017-BID,PR-2",4500007810,Avian International,India,pharmakon trading house PLC,Endotracheal Tube Sterile Cuffed - 3.5CH,EA,"7,796",2.86,"22,296.56","12,983.83",USD,RDF,Sea,12/2/2025,12/3/2025,12/9/2025,12/15/2025,Abay Bank,AB/GF/00364/25,5/6/2026,-73,6,,,,Selamawit,Opened,12/18/2025,3/17/2026,212,Amanuel,Delivered,,,
,,,,,,,Endotracheal Tube Sterile Cuffed - 5.5CH,EA,"11,260",2.86,"32,203.60",,,,,,,,,,,,,,,,,,,,,,,,,,
,,,,,,,Endotracheal Tube Sterile Cuffed - 6.5CH,EA,"26,342",2.86,"75,338.12",,,,,,,,,,,,,,,,,,,,,,,,,,
816,12/2/2025,EPSA-ICB-G-0006-2017-BID,4500007251,Nipro middle East FZE.,Utd.Arab Emir,ABH Partners PLC,"Acid concentrate calcium 1.25mmol/L,Ptassium 2mmol/L Of 10 L",JAR,"9,444",3.88,"36,642.72","36,642.72",USD,RDF,Sea,12/2/2025,12/17/2025,12/25/2025,12/25/2025,Dashen Bank,444GTEE202500369,12/24/2026,159,8,,,,Yordanos,Opened,12/30/2025,3/29/2026,200,Amanuel,,,,
,,,,,,,"Acid concentrate calcium 1.25mmol/L,Ptassium 3 mmol/L Of 10 L",JAR,246,3.88,954.48,954.48,,,,,,,,,,,,,,,,,,,,,,,,,
818,12/2/2025,ICB/PFSA6/RDF/FW/PLACEMENT/LR/20/18,4500006841,Elsmed  Healthcare solution Ltd,Israel,Elsmed  Healthcare solution ,Dimention EXL 200 Items,PAC,,,"795,838.89","795,838.89",USD,RDF,Air,12/4/2025,12/9/2025,12/30/2025,31/12/2025,CBE,MD2535067072,12/12/2026,147,21,,,,Yordanos,Opened,1/12/2026,4/11/2026,187,Amanuel,,,,
819,12/4/2025,ICB/EPSS6/SDG and RDF/MD/19/24,4500004527,Rise GLOBAL GMBH,Germany,EMA Construction and trading PLC,"Dish Kidney, 475ml",EA,210,4.88,"1,024.80","59,344.32",USD,MOF-ME,Air,12/5/2025,1/15/2026,1/23/2026,1/24/2026,Berhan Bank,BrB/ATB/072/26,1/17/2027,183,8,,,,Yordanos,Opened,3/23/2026,6/20/2026,117,Yoseph,,,Budget is less than PO amount,
,,,,,,,Set Delivery,SET,"84,000",39.2,"3,292.80",,,,,,,,,,,,,,,,,,,,,,,,,,
,,,,,,,"Set - Diagnostic, EENT ",SET,42,45.53,"1,912.26",,,,,,,,,,,,,,,,,,,,,,,,,,
,,,,,,,"Tray - Instrument, with cover",EA,210,21.53,"4,521.30",,,,,,,,,,,,,,,,,,,,,,,,,,
,,,,,,,"Set - Instrument, Dressing",SET,84,68.06,"5,717.04",,,,,,,,,,,,,,,,,,,,,,,,,,
,,,,,,,Set - Midwifery,SET,210,40.61,"8,528.10",,,,,,,,,,,,,,,,,,,,,,,,,,
,,,,,,,"Set - Instrument, Surgery, Minor",SET,84,287.03,"24,110.52",,,,,,,,,,,,,,,,,,,,,,,,,,
,,,,,,,"Bowl - With Stand, 300ml",EA,210,48.75,"10,237.50",,,,,,,,,,,,,,,,,,,,,,,,,,
827,12/4/2025,ICB/EPSA6/RDF-R-PH/0922/7868,4500008525,Akriti pharmaceuticals pvt.Ltd,India,ZAF Pharmaceticals plc,CEFR Ceftriaxone - 1g in Val - pwder for Injection with 10ml Diluent,PAC,2000000/Per Unit,1.95,"390,000.00","390,000.00",USD,RDF,Sea,12/4/2025,12/5/2025,1/9/2026,1/9/2026,Awash Bank,AA00045015,12/20/2026,155,35,,,,Yordanos,Opened,1/3/2026,4/2/2026,196,Semira,,,139 Vials Shortlanded,
828,12/4/2025,ICB/EPSA6/RDF-R-PH/0922/7869,4500008526,Akriti pharmaceuticals pvt.Ltd,India,ZAF Pharmaceticals plc,CEFR Ceftriaxone - 1g in Val - pwder for Injection with 10ml Diluent,PAC,"2,000,00/Per unit",1.95,"390,000.00","390,000.00",USD,RDF,Sea,12/4/2025,12/5/2025,2/9/2026,2/9/2026,Awash Bank,AA00046445,6/20/2027,337,66,,,,Yordanos,Opened,1/28/2026,4/27/2026,171,Semira,,,,
829,12/4/2025,ICB/EPSS6/SDG and RDF/MD/19/24,4500004583,B Medical System - Luxembourg,Hosingen Luxembourg,Orbit Healh Solution,"Refrigerator - Medicine, 269L",EA,50,"4,279.00","213,950.00","213,950.00",EUR,SDG-ME,Sea,12/4/2025,,9/15/2025,9/18/2025,CBE,MD2525580986,8/12/2026,25,ENTER DATE,,,,Mulugeta,Opened,2/11/2026,5/11/2026,157,Nebiyu,,,"Supplier requested two period LC, not allowed",
830,12/4/2025,ICB/EPSS6/SDG and RDF/MD/19/24,4500004569,B Medical System - Luxembourg,Hosingen Luxembourg,Orbit Healh Solution,"Refrigerator - Medicine, 269L",EA,84,"4,255.00","357,420.00","879,771.90",EUR,MOF-ME,Sea,12/4/2025,,9/15/2025,9/18/2025,CBE,MD2525580986,8/12/2026,25,ENTER DATE,,,,Mulugeta,Opened,3/24/2026,6/21/2026,116,,,,Trasferred budget is less than the PO amount,
,,,,,,,"Refrigerator - Vaccine, 240L",EA,126,"4,145.65","522,351.90",,,,,,,,,,,,,,,,,,,,,,,,,,
832,12/10/2025,EPSA-ICB-G-0012-2017-BID,4500008374,Aurobindo pharma,Hayderabad India,Mesroy International PLC,Amoxcillin + Clavulaic Acid - (500mg + 125mg) - Tablet (Film Coated) of 5x3,PAC,"717,440",0.92,"660,044.80","660,044.80",USD,RDF,Sea,12/15/2025,12/16/2025,1/5/2026,1/9/2026,Bunna Bank,2026.PB0001,12/30/2026,165,20,,,,Yordanos,Opened,1/2/2026,4/1/2026,197,Semira,Awaiting Shipment,,Have huge (6000 packs) remaining,
833,12/10/2025,EPSA-ICB-G-0012-2017-BID,4500008001,Macleods pharmaceuticals Ltd,Mumbai India,Life care pharmaceuticals,Carbimazole 5mg tablet of 10x10,PAC,"3,528",4.11,"14,500.08","14,500.08",USD,RDF,Air,12/15/2025,12/16/2025,1/9/2026,1/9/2026,Awash bank,AA00044995,11/30/2026,135,24,,,,Yordanos,,,,"46,221",,,,,
834,12/10/2025,EPSA-ICB-G-0012-2017-BID,4500008375,Medicef Pharma,New Delhi India,nebidom Trading PLC,Amoxcillin + Clavulaic Acid - (500mg + 125mg) - Tablet (Film Coated) of 5x3,PAC,"478,293",0.92,"440,029.56","440,029.56",USD,RDF,Sea,12/15/2025,12/16/2025,12/30/2025,12/30/2025,Bunna Bank,2025.PB.0077,11/18/2026,145,14,Released,6/26/2026,Rahael Hailu,Mahider,Opened,1/5/2026,4/4/2026,194,Semira,,,,
852,12/11/2025,EPSA-ICB-G0012-2017-BID,4500008380,Ningbo Inopha Biotech Ltd,China,Sante care pharma PLC,DEXA Dexamethsone 4mg/ml in 2 ml ampoule injection of 5,PAC,"1,000,458",0.188,"188,086.10","188,086.10",USD,RDF,Sea,12/16/2025,12/16/2025,1/6/2026,1/10/2026,CBE,MD 2536091112,12/9/2026,144,21,,,,Yordanos,Opened,1/5/2026,4/4/2026,194,Samuel ,,,,
853,12/15/2025,EPSA-ICB-G-0012-2018-BID,4500007877,Medicamen Biotech Limited,India,Droga Pharma PLC,Vitamine B6 (pyridoxine HCL ) -50 mg tablet of 50,PAC,"18,636",0.33,"6,149.88","6,149.88",USD,RDF,Air,3/25/2026,3/26/2026,,,,,,"-46,221",114,,,,,,,,"46,221",,,,GMP certification for your tablet product line has been suspended by the EFDA,
854,12/16/2025,EPSA-ICB-G-0017-2017-OPEN,4500008507,Medicamen Biotech Limited,india,Droga Pharma PLC,Clomiphene citrate-50mg tablet of 10x3,PAC,"8,667",1.9,"16,467.30","16,467.30",USD,RDF,Air,12/17/2025,12/17/2025,12/31/2025,12/31/2025,Awash Bank,AA 00045004,11/30/2026,135,14,,,,Mahider,Opened,1/2/2026,4/1/2026,197,Sagni,,,GMP certification for your tablet product line has been suspended by the EFDA,
855,12/22/2025,EPSA-ICB-G-0012-2017-BD,4500008379,Medicamen Biotech Limited,India,Droga Pharma PLC,Lorazepam 1mg - Tablet of 10x10,PAC,"5,250",1.25,"6,562.50","6,562.50",USD,RDF,Air,12/22/2025,12/23/2025,1/12/2026,1/13/2026,Awash Bank,AA00045024,12/31/2026,166,20,,,,Mahider,Opened,1/1/2026,3/31/2026,198,Sagni,,,GMP certification for your tablet product line has been suspended by the EFDA,
856,12/22/2025,ICB/EPSA6/RDF/FW/Plasment/LR/20/18,4500006798,Roche Keneya Ltd,Keneya,Retina Pharmaceutical Limited,Cobas 6000- 132 line items,PAC,,,"1,090,765.88","1,090,765.88",USD,RDF,Air,12/22/2025,12/23/2025,2/20/2026,2/20/2026,CBE,MD2603354088,1/6/2027,172,59,,,,Dejene,,,,"46,221",,,,Pended by demand on BIT,
857,12/22/2025,EPSA-ICB-G-0011-2017-BID (1st Lot),4500007048,Lupin,Mumbai India,Caroga pharma Eth.Pvt.Ltd.,PHZE (Rifampicin + Isoniazid + Pyrazinamide + Ethambutol) + RH (Rifampicin +Isoniazide) - (150mg + 75mg + 400mg + 275mg) of 6x28 ta blets + (150mg +45mg) of 12x28 tablets - Tablet,KIT,"54,367",33.01,"1,794,654.67","1,794,654.67",USD,GF-TB,Sea,12/22/2025,12/23/2025,1/29/2026,1/29/2027,Awash Bank,AA 00044971,11/30/2026,135,37,,,,Mulugeta,Opened,2/11/2026,5/11/2026,157,Semira,,,,
858,12/22/2025,EPSA-ICB-G-0011-2017-BID (1st Lot),4500007049,Macleodes pharmaceuticals LTd,Mumbai India,Life care pharmaceuticals Trading,PHZE (Rifampicin + Isoniazid + Pyrazinamide + Ethambutol) + RH (Rifampicin +Isoniazide) - (150mg + 75mg + 400mg + 275mg) of 6x28 ta blets + (150mg +45mg) of 12x28 tablets - Tablet,KIT,"36,244",33.01,"1,196,414.44","1,196,414.44",USD,GF-TB,Sea,12/22/2025,12/23/2025,1/13/2026,1/14/2026,Awash Bank,AA00044918,10/31/2026,105,21,,,,Mulugeta,Opened,1/28/2026,4/27/2026,171,Semira,,,,
5/8/1902,12/22/2025,"EPSA-ICB-G-0014-2017PR1,PR3",4500007812,"Shanxian Runte Medical instruments Co.,",China,GM Triangle ,Mersilk Braided Black - Gauge 2.0(3/0) 75cm on 26 mm 1/2 Cricle Cutting Needle of 12,DZ,"31,246",1.12,"34,995.52","196,432.79",USD,RDF,Sea,12/23/2025,12/23/2025,,,,,,"-46,221",207,,,,Selamawit,,,,7/18/2026,,,,The Supplier could not submit the guarantee so that to be reported to PPA,
,,,,,,,Mersilk Braided Black - Gauge 3.0(2/0) 75cm on 33mm 1/2 Circle Cutting Needle of 12,DZ,"23,874",1.12,"26,738.88",,,,,,,,,,,,,,,,,,,,,,,,,,
,,,,,,,Cat Gut Chromic - Gauge 2.0(4/0) 75cm on 15mm 1/2 Circle Cutting Needle of 12 piecs,DZ,"5,531",21.63,"119,635.53",,,,,,,,,,,,,,,,,,,,,,,,,,
,,,,,,,Mersilk Braided Black - Gauge 2.0(3/0) 75cm on 26 mm 1/2 Circle Round Bodied Needle of 12,DZ,"18,451",1.12,"20,665.12",,,,,,,,,,,,,,,,,,,,,,,,,,
,,,,,,,Cat Gut Chromic - Gauge 5.0(1) 75cm on 48 mm 1/2 circle Round Bodied Needle of 12 pieces,DZ,"6,376",2.52,"16,067.52",,,,,,,,,,,,,,,,,,,,,,,,,,
,,,,,,,Polyglycolic acid absorbable braided violet - gauge 5.0(2) 75 cm on 40mm 1/2 circle Round Bodied Needle of Dozen,DZ,"14,220",3.31,"47,068.20",,,,,,,,,,,,,,,,,,,,,,,,,,
865,12/22/2025,"EPSA-ICB-G-0014-2017-PR1,PR2,PR3",4500008586,Ecan Medical Co.LTd,China,Empire Business PLC,Catheter Foley Silconized Latex Three Ways - 30-50ml Balloon 22CH,EA,"89,196",2.75,"24,528.90","198,002.54",USD,RDF,Sea,12/23/2025,12/23/2025,3/30/2026,3/30/2026,Awash Bank,AA00046373,12/31/2026,166,97,,,,Selamawit,Opened,6/17/2026,9/14/2026,31,Amanuel,,,,
,,,,,,,Catheter Foley Silconzed Latex Two Ways - 30-50ml Balloon 16CH,EA,"312,304",0.19,"59,337.76",,,,,,,,,,,,,,,,,,,,,,,,,,
,,,,,,,Oxygen Face Mask For Adult,EA,"14,315",2.08,"2,977.52",,,,,,,,,,,,,,,,,,,,,,,,,,
,,,,,,,Oxygen Face Mask For Pediatrics,EA,"7,673",2.02,"1,549.95",,,,,,,,,,,,,,,,,,,,,,,,,,
,,,,,,,Catheter Foley Silconized Latex Three Ways - 30-50ml Balloon 24CH,EA,"139,475",2.75,"38,355.63",,,,,,,,,,,,,,,,,,,,,,,,,,
,,,,,,,Catheter Foley Silconized Latex Three Ways - 30-50ml Balloon 18CH,EA,"259,101",2.75,"71,252.78",,,,,,,,,,,,,,,,,,,,,,,,,,
5/20/1902,46013,"EPSA-ICB-G-0009-2018-BID-OPEN,LOT 1",4500008737,Afrovision Pharmaceuticals,Ethiopia,Afrovision Pharmaceuticals,Chemica Genitan violet 1% solution of 500 ml,BT,"8,138",90,"732,420.00","23,475,530.21",ETB,RDF,Truck,12/23/2025,,12/22/2025,12/22/2025,Lucy Insurance S.C,LUCY/L.CM/PRB/028013/25,11/25/2026,130,ENTER DATE,,,,,,,,7/18/2026,Hirkisa,full deliverd,,,
,,,,,,,Chemical giemsa stain 0.76% solution of 500 ml,BT,"9,489",359.89,"3,414,996.21",,,,,,,,,,,,,,,,,,,,,,,,,,
,,,,,,,Chemical glycerine pure 98% of 1L,BT,"5,547",450,"2,496,150.00",,,,,,,,,,,,,,,,,,,,,,,,,,
,,,,,,,Chemical povidone iodine 10% solution of 130 ml,BT,"119,629",107,"12,800,303.00",,,,,,,,,,,,,,,,,,,,,,,,,,
,,,,,,,Chemical safranine 0.25% solution of 500 ml, BT,"3,255",80,"260,400.00",,,,,,,,,,,,,,,,,,,,,,,,,,
,,,,,,,Chemical grams iodine 0.33% solution of 500 ml,BT,"4,069",124,"504,556.00",,,,,,,,,,,,,,,,,,,,,,,,,,
,,,,,,,Chemical  acetone alchool 50% solution of 500 ml,BT,"4,069",305,"1,241,045.00",,,,,,,,,,,,,,,,,,,,,,,,,,
,,,,,,,Formaline 37% solution of 1 L,BT,"4,134",490,"2,025,660.00",,,,,,,,,,,,,,,,,,,,,,,,,,
5/28/1902,12/22/2025,EPSA-ICB-G-0009-2018-BID OPEN LOT 2,4500008741,Afrovision Pharmaceuticals,Ethiopia,Afrovision Pharmaceuticals,Chemical giemsa stain 0.76% solution of 500 ml,BT,"9,489",359.89,"3,414,996.21","7,656,747.21",ETB,RDF,Truck,12/23/2025,,12/19/2025,12/22/2025,Lucy Insurance S.C,LUCY/L.CM/PRB/028013/25,11/25/2026,130,ENTER DATE,,,,,,,,7/18/2026,Hirkisa,Under Clearance,,,
,,,,,,,Chemical glycerine pure 98% of 1L,BT,"5,547",450,"249,615.00",,,,,,,,,,,,,,,,,,,,,,,,,,
,,,,,,,Chemical grams iodine 0.33% solution of 500 ml,BT,"4,069",124,"504,556.00",,,,,,,,,,,,,,,,,,,,,,,,,,
,,,,,,,Chemical  acetone alchool 50% solution of 500 ml,BT,"4,069",305,"1,241,045.00",,,,,,,,,,,,,,,,,,,,,,,,,,
883,12/22/2025,EPSA-ICB-G-0012-2017-BID,4500008378,Relier Pharma FZE,Utd.Arab Emir.,Melikamsew Pharmaceutical import,THYR Thyroxine sodium- 0.05mg- tablet of 10x10,PAC,"22,528",1.98,"44,605.44","44,605.44",USD,RDF,Air,12/23/2025,12/23/2025,12/31/2025,1/1/2026,Ahadu Bank,AHB/44PER25006,12/24/2026,159,8,,,,Yordanos,Opened,1/2/2026,4/1/2026,197,Bilisuma,,,,
884,12/22/2025,EPSA-ICB-G-0012-2017-BID,4500008376,M.J Biopharm.PVT Ltd,India,Elpis Pharmaceutical impor PLC,Insulin soluble Human 100IU/ml in 10 ml vial-injection,VI,"208,990",1.53,"319,754.70","319,754.70",USD,RDF,Air,12/23/2025,12/23/2025,1/6/2026,1/9/2026,Awash Bank,AA00045002,12/8/2027,508,14,,,,Yordanos,Opened,1/2/2026,4/1/2026,197,Sena,,,,
885,12/22/2025,PSA-ICB-G-0017-2017-BID FIRIST LOT,4500008818,Rise Global GMBH,Germany,Ema construction and Trading PLC,Xylometazoline HCL  0.1% nasal dropes of 10 ml,BT,"45,504",0.25,"11,376.00","11,376.00",USD,RDF,Air,12/24/2025,12/23/2025,12/29/2025,12/30/2025,Berhan Bank,BrB/ATB/913/25,12/21/2026,156,6,,,,Selamawit,Opened,1/2/2026,4/1/2026,197,Bilisuma,Awaiting Shipment,,,
886,12/22/2025,EPAS-ICB-G-0012-2017-BID,4500008828,Rise Global GMBH,Germany,Ema construction and Trading PLC,Hydroxy Methyle cellulose (artificial tear natural) of 10 ml,BT,"10,940",0.61,"6,673.40","6,673.40",USD,RDF,Air,12/24/2025,12/24/2025,12/29/2025,12/30/2025,Berhan Bank,BrB/ATB/814/25,12/21/2026,156,5,,,,Selamawit,Opened,1/3/2026,4/2/2026,196,Sena,,,,
6/5/1902,12/23/2025,ICB/EPSS6/RDF-R/2016/MS/LS/12/23,4500007809,Wise Team FZC,Utd.Arab Emir.,Wise team PLC,Ultasound paper of 1 roll,ROL,"12,571",3.5,"43,998.50","70,095.08",USD,RDF,Sea,12/24/2025,12/25/2025,12/30/2025,12/30/2025,Hibret Bank,HB/111/PB/6905/25,12/25/2026,160,5,,,,Mahider,Opened,1/2/2026,4/1/2026,7/15/1900,,Cleared to Warehouse,,,
,,,,,,,"Vacutainer needle multiple blood sampling,21 G of 100 needle",PAC,"7,209",3.62,"26,096.58",,,,,,,,,,,,,,,,,,,,,,,,,,
889,12/23/2025,EPSA-ICB-G-0012-2017-BID,4500008377,Aurobindo Pharma Ltd,India,Mesroy international PLC,Lamotrigne 50 mg tablet of 10x3,PAC,"10,890",2.001,"21,790.89","21,790.89",USD,RDF,Air,12/24/2025,12/25/2025,1/12/2026,1/13/2026,Bunna Bank,2026.PB.0002,1/6/2027,172,18,,,,Yordanos,Opened,1/5/2026,4/4/2026,194,Sagni,Awaiting Shipment,,,
890,12/23/2025,EPSA-ICB-G-0012-2017-BID,4500008843,Ciron Drugs and Pharmaceuticals PVT Ltd,India,Gatemaz General Business PLC,Latanoprost 0.005% eye drop of 5 ml,BT,"25,086",1.44,"36,123.84","36,123.84",USD,RDF,Air,12/24/2025,12/25/2025,1/26/2026,1/26/2026,CBE,MD2601306092,6/19/2027,336,32,,,,Dejene,Opened,1/1/2026,3/31/2026,198,Sena,,,,
891,12/24/2025,EPSA-ICB-G-0012-2018-BID,4500008837,Tenama International FZ-LLC,Utd.Arab. Emir,Life care pharmaceutical trading,Miconazole 0.02 -oral gel of 40GM,TU,"72,360",1.2,"86,832.00","86,832.00",USD,RDF,Air,12/24/2025,12/25/2025,211,1/21/2026,Awash Bank,AB/IFB/CRM&OP/1105/26,1/19/2027,185,205,,,,Gebresillassei,Opened,1/26/2026,4/25/2026,173,Sena,Awaiting Shipment,,"not shipped Quantity of 948 or 1,137.6 USD due to production loss",
892,12/25/2025,EPSA-ICB-G-0012-2018-BID,4500008824,Scott Edill Pharmacia Ltd,India,Kare Pharmaceutical PLC,Hydrocortisone acetate -1% ointment of 15GM,TU,"381,080",0.175,"66,689.00","66,689.00",USD,RDF,Sea,12/24/2025,12/25/2025,1/9/2026,1/9/2026,Awash Bank,AA00045016,1/2/2027,168,15,,,,Mahider,Opened,1/6/2026,4/5/2026,193,Samuel ,,,,
893,12/29/2025,ICB/EPSS6/RDF-R/PH/2723,4500006422,Aurobindo Pharma Ltd,India,Mesroy International PLC,Sertraline HCL 50 mg tablet of 2x14,PAC,"27,482",0.59,"16,214.38","16,214.38",USD,RDF,Air,12/31/2025,1/1/2026,2/13/2026,,Bunna Bank,2026.PB.0012,2/11/2027,208,43,,,,Mahider,Opened,1/27/2026,4/26/2026,172,Sagni,,,,
895,,,4500008549,Haset Meditech PLC,Ethiopia,Haset Meditech PLC,,,,,0.00,0.00,,,,,,12/26/2025,12/30/2025,Nile Insurance Company S.C,P/28/17/02/25-26/1/00005,12/16/2026,#REF!,ENTER DATE,,,,,,,,"46,221",,,,,
896,12/29/2025,EPSA-NCB-G-0012-2018-BID,4500008834,Sansheng Pharmaceuticals PLC,Ethiopia,Sansheng Pharmaceuticals PLC,Norfloxacine 400 mg tablet of 10x10,PAC,"44,434",375,"16,662,750.00","16,662,750.00",ETB,RDF,Truck,12/29/2025,,12/26/2025,12/27/2025,Nib Insurance company S.Co,O/021/59/02/2025/12/00016,12/25/2026,160,ENTER DATE,,,,,,,,,Eyob,,,,
897,2/17/2026,EPSA-NCB-G-0022-2018-BID,4500008812,Sansheng Pharmaceuticals PLC,Ethiopia,Sansheng Pharmaceuticals PLC,Metronidazole 250 mg capsule of 100x10,PAC,"9,786",1617,"15,823,962.00","15,823,962.00",ETB,GF-OTH-23-001-011,Truck,3/19/2026,,12/26/2025,12/26/2025,Nib Insurance company S.Co,O/021/59/02/2025/12/00018,12/25/2026,160,ENTER DATE,,,,,,,,,Eyob,,,,
898,12/29/2025,EPSA-NCB-G-0025-2018-BID,4500008865,Sansheng Pharmaceuticals PLC,Ethiopia,Sansheng Pharmaceuticals PLC,Azitromycin 500 mg tablet  of 10x3,PAC,"567,610",595,"337,727,950.00","337,727,950.00",ETB,RDF,Truck,12/29/2025,,12/26/2025,12/27/2025,Nib Insurance company S.Co,O/021/59/02/2025/12/00017,12/25/2026,160,ENTER DATE,,,,,,,,"46,221",Eyob,,,,
6/17/1902,12/26/2025,EPSA-ICB-G-0012-2018-BID,4500008810,Scott Edill  Pharmacia Ltd,India,Kare Pharmaceutical PLC,Bethamethasone  valerate 0.1% cream of 20 gm,TU,"248,206",0.11,"27,302.66","27,302.66",USD,RDF,Sea,12/29/2025,12/30/2025,1/16/2026,1/16/2026,Awash bank,AA 00045035,1/6/2027,172,17,,,,Gebresillassei,Opened,1/26/2026,4/25/2026,173,Samuel ,Awaiting Shipment,,,
,,,,,,,Betamethason Dipropionate 0.05% ointment of 20gm,TU,"177,669",0.1395,"24,784.83","24,784.83",,,,,,,,,,,,,,,,,,,,,,,,,
,,,,,,,Miconazole nitrate 200 mg tablet (vaginal) of 6,PAC,"20,468",0.28,"5,731.04","5,731.04",,,,,,,,,,,,,,,,,,,,,,,,,
902,12/26/2025,EPSA-ICB-G-0012-2018-BID,4500008808,Scott Edill  Pharmacia Ltd,India,Kare Pharmaceutical PLC,Clomipramine HCL 25 MG Tablet of 25x10,PAC,"2,544",3.64,"9,260.16","9,260.16",USD,RDF,Air,12/29/2025,12/30/2025,1/14/2026,1/15/2026,Awash Bank,AA 00045032,1/6/2027,172,15,,,,Gebresillassei,Opened,1/27/2026,4/26/2026,172,Sagni,Awaiting Shipment,,,
903,12/26/2025,ICB/ Framework/ EPSS6/RDF-R/PH/06/23,4500007924,Neon Laboratory Ltd,India,Micro Pharma privat limited,Iron sucrose 100mg/5ml injection of 5,PAC,"3,700",6,"22,200.00","22,200.00",EUR,RDF,Air,12/29/2025,12/30/2025,1/2/2026,1/3/2026,Hibret Bank,HB/DIED/0001/26,12/14/2026,149,3,,,,Selamawit,Opened,1/12/2026,4/11/2026,187,Bilisuma,,,,
904,12/26/2025,EPSA-ICB-G-0012-2017-BID,4500008848,Ciro Druds And Pharmaceuticals PVT Ltd,India,Gatemaz General Business PLC,Atropine sulfate 1% eye drop of 15 ml,BT,"42,075",0.35,"14,726.25","14,726.25",USD,RDF,Air,12/29/2025,12/30/2025,2/2/2026,2/3/2026,CBE,MD2601447719,7/10/2027,357,34,,,,Gebresillassei,Opened,1/27/2026,4/26/2026,172,Bilisuma,,,,
905,12/26/2025,ICB/EPSS6/RDF-R-27/23,4500008819,Medicamen Biotech Limited,India,Droga Pharma PLC,Metoclopramide 0.2 mg/drops  of 15 ml,BT,"281,065",0.21,"59,023.65","59,023.65",USD,RDF,Sea,12/29/2025,12/30/2025,1/23/2026,1/24/2026,Awash Bank,AA 00045045,12/31/2026,166,24,,,,Mahider,Opened,1/6/2026,4/5/2026,193,Semira,Delivered,,,
905,12/26/2025,EPSA-ICB-G-0012-2018-BID,4500008790,Medicamen Biotech Limited,India,Droga Pharma PLC,Dexamethasone 4mg tablet of 10x10,PAC,"21,721",0.73,"15,856.00","15,856.00",USD,RDF,Air,12/29/2025,1/16/2026,1/30/2026,2/3/2026,Awash Bank,AA 00046407,12/31/2026,166,14,,,,Yordanos,,,,,,,,GMP Expired,
906,12/29/2025,EPSA-ICB-G-0073-2018-BID-Direct,4500008986,Intas Pharmaceutical Ltd,India,Gopani Brathers private Limited,Tacrolimus - 1mg - Capsule of 100,BT,"3,310",19,"62,890.00","62,890.00",USD,RDF,Air,  ,,1/26/2026,1/26/2026,CBE,MD2601390424,12/31/2026,166,ENTER DATE,,,,,,,,"46,221",,,,,
907,12/29/2025,ICB/EPSS6/RDF-R/PH/23/23,4500008830,Serum Institute of India,India,ZE-EL Trading PLC,Rabies vaccine inactivated (freez dried) 2.5 IU/ML 1ML Dose vial with diluent ampule injection of 5,PAC,"7,554",35.75,"270,055.50","270,055.50",USD,RDF,Air,12/30/2025,12/30/2025,1/9/2026,1/10/2026,CBE,MD26600303689,2/15/2027,212,10,,,,Dejene,Opened,1/17/2026,4/16/2026,182,Sena,,,,
908,12/29/2025,EPSA-ICB-G-0012-2018-BID,4500009047,Scott Edill  Pharmacia Ltd,India,Kare Pharmaceutical PLC,Amoxacillin +Clavulanic acid(125mg+31.25mg)/5ml oral suspension of 100 ml,PAC,"874,008",0.475,"415,153.80","415,153.80",USD,RDF,Sea,12/30/2025,12/30/2025,1/9/2026,1/9/2026,Awash bank,AA00045017,1/2/2027,168,10,,,,Mahider,Opened,1/23/2026,4/22/2026,176,,,,,
909,12/29/2025,ICB/Framework/EPSS6/RDF/PH/06/23,4500008646,Intas Pharmaceutical Ltd,India,Gopani Brathers private Limited,Mycophenolate Mofetil - 500mg - Tablet of 10x5,PAC,"9,000",8.25,"74,250.00","74,250.00",USD,RDF,Air,12/29/2025,3/11/2026,3/10/2026,,CBE,MD2601304741,12/15/2026,150,-1,,,,Yordanos,Opened,,,"46,221",Sagni,Fully Delivered,,Fully delivered by emergency order so that no need of PG,
910,12/29/2025,EPSA -NCB-G-0019-2017-BID,4500006690,Sansheng Pharmaceuticals PLC,Ethiopia,Sansheng Pharmaceuticals PLC,Ferrous sulfate  325 mg tablet of  10x10,PAC,"31,500",170,"5,355,000.00","5,355,000.00",ETB,RDF,Truck,12/29/2025,,12/29/2025,12/30/2025,Nib insurance company (S.Co),P/21/59/02/2025/05/00009,5/20/2026,68,ENTER DATE,Released,3/13/2026,Tariku,,,,,"46,221",Eyob,,,,
6/29/1902,12/29/2025,EPSA -NCB-G-0019-2017-BID,4500007382,Sansheng Pharmaceuticals PLC,Ethiopia,Sansheng Pharmaceuticals PLC,Acyclovir  200mg capsule of 10x10,PAC,"16,821",310,"5,214,510.00","267,927,822.00",ETB,RDF,Truck,12/29/2025,,12/26/2025,12/27/2025,Nib insurance company (S.Co),P/021/59/02/2025/12/00015,12/24/2026,159,ENTER DATE,,,,,,,,"46,221",Eyob,On transit,,,
,,,,,,,Ciprofloxacine  500 mg tablet of 10x10,PAC,"352,225",317,"111,655,325.00",,,,,,,,,,,,,,,,,,,,,,,,,,
,,,,,,,Sodium Chloride (normal saline) 0.009 intravenous infusion with giving set of 1000 ml,BAG,"616,970",126.1,"77,799,917.00",,,,,,,,,,,,,,,,,,,,,,,,,,
,,,,,,,Carbamazepine  200mg tablet of 10x10,PAC,"30,095",400,"12,038,000.00",,,,,,,,,,,,,,,,,,,,,,,,,,
,,,,,,,Sulphamethoxazole+trimethoprim (400mg+80mg)tablet of 10x10,PAC,"11,115",1480,"16,450,200.00",,,,,,,,,,,,,,,,,,,,,,,,,,
,,,,,,,Water for injection 10 ml injection of 100 vial,PAC,"57,123",690,"39,414,870.00",,,,,,,,,,,,,,,,,,,,,,,,,,
,,,,,,,Ferrous sulfate  325 mg tablet of  10x10,PAC,"31,500",170,"5,355,000.00",,,,,,,,,,,,,,,,,,,,,,,,,,
7/6/1902,12/26/2025,EPSA-ICB-G-0012-2018-BID,4500008836,Tenama International FZ-LLC,Utd.Arab Emir.,Life care pharmaceutical trading,Chloramphenicol -0.5%+ Dexamethasone 0.1% eye drop of 10 ml,BT,"224,235",0.15,"33,635.25","45,087.81",USD,RDF,Sea,12/29/2025,12/29/2025,1/21/2026,1/21/2026,awash Bank,AB/IFB/CRM&OP/1104/26,1/19/2027,185,23,,,,Gebresillassei,Opened,1/26/2026,4/25/2026,173,Semira,Awaiting Shipment,,LC Extension allowed ,
,,,,,,,Triamcinolol Acetonide 40mg/ml in vial injection,VI,"33,684",0.34,"11,452.56",,,,,,,,,,,,,,,,,,,,,,,,,,
920,12/30/2025,EPSA-ICB-G-0014-2017-BID,4500008827,Rise Global GMBH,Germany,Ema construction and Trading PLC,Polyglycolic acid absorbable braded violet -guage 2.0(4/0) 75cm on 26 mm1/2 circle rounded bodid needle of 12 pices,DZ,"4,662",3.03,"14,125.86","24,835.86",USD,RDF,Air,12/30/2025,1/16/2026,1/23/2026,1/24/2026,Berhan Bank,BrB/ATB/071/26,1/17/2027,183,7,,,,Selamawit,Opened,2/4/2026,5/4/2026,164,Yoseph,Awaiting Shipment,,,
,,,,,,,Cat Gut chromic guage 5.0(1) 75 cm on 48 mm 1/2 circle rounded bodide needle of 12 pices,DZ,"4,250",2.52,"10,710.00",,,,,,,,,,,,,,,,,,,,,,,,,,
921,12/30/2025,EPSA-NCB-G-0009-2018-BID,4500008987,Follium Trading PLC,Ethiopia,Follium Trading PLC,Chemical potasium hydroxide 10% solution of 1 L,BT,"5,946",640,"3,805,440.00",3805440,ETB,RDF,Truck,12/30/2025,,12/29/2025,12/31/2025,Lion Insurance Company S.C,P/103/7001/2025/00010,12/8/2026,143,ENTER DATE,,,,,,,,"46,221",Hirkisa,Awaiting Shipment,,,
,,,,,,,Chemical denathured alcohol 70% solution of 1 L,BT,"18,516",179.81,"3,329,361.96",,,,,,,,,,,,,,,,,,,,,,,,,,
,,,,,,,Formalin 37% solution of 1L,BT,"6,201",490,"303,849.00",,,,,,,,,,,,,,,,,,,,,,,,,,
922,12/30/2025,EPSA-NCB-G-0009-2018-BID,4500008988,Follium Trading PLC,Ethiopia,"Follium Trading PLC

",Chemical -genitan violet 1% solution of 500 ml,BT,"4,883",90,"439,470.00","9,363,574.00",ETB,RDF,Truck,12/30/2025,,12/29/2025,12/31/2025,Lion Insurance Company S.C,P/103/7001/2025/00010,12/8/2026,143,ENTER DATE,,,,,,,,"46,221",Hirkisa,Awaiting Shipment,,,
,,,,,,,Chemical povidon iodine 10% solution of 130 ml,BT,"79,752",107,"8,533,464.00",,,,,,,,,,,,,,,,,,,,,,,,,,
,,,,,,,Chemical Safranine 0.25% solution of 500ml,BT,"4,883",80,"390,640.00",,,,,,,,,,,,,,,,,,,,,,,,,,
923,12/30/2025,NCB-G-0052-2017-BID,4500008945,Elsmed Healthcare solution Ltd  Ethiopia,Ethiopia,Elsmed Healthcare solution Ltd  Ethiopia,Ultrasound -ob/Gyn,EA,130,2123440.95,"276,047,323.50","276,047,323.50",ETB,MOF-ME- 23-001-011,Truck,12/31/2025,,12/30/2025,12/30/2025,CBE,MD2520944426,8/1/2026,14,ENTER DATE,,,,,,,,"46,221",Hirkisa,Full Delivered,,,
924,1/2/2026,EPSA-NCB-G-0025-2018-BID,4500008839,Hummanwell Pharmaceutical Ethiopia PLC,Ethiopia,Hummanwell Pharmaceutical Ethiopia PLC,Albendazole - 400mg - Tablet of 10x10,PAC,"145,640",368,"53,595.520.00","53,595,520.00",ETB,RDF,Truck,1/2/2026,,12/30/2025,12/31/2025,Bunna Bank,G/ARK/1307/001252/2025,12/26/2026,161,ENTER DATE,,,,,,,,"46,221",Eyob,Awaiting Shipment,,,
925,1/2/2026,EPSA-NCB-G-0021-2018,4500008833,Humanwell pharmaceutical ethiopia plc,Ethiopia,Humanwell pharmaceutical ethiopia plc,Norfloxacin - 400mg Tablet of 10x10,PAC,"26,660",375,"9,997,500.00","9,997,500.00",ETB,RDF,Truck,1/2/2026,,12/30/2025,12/31/2025,Bunna Bank,G/ARK/1307/001251/2025,12/26/2026,333,ENTER DATE,Released,1/27/2026,Sentayehu Degfaw,,,,,"46,221",Eyob,Awaiting Shipment,,,
926,12/29/2025,EPSA-ICB-G-001602017-BID,4500008770,Tenama International FZ-LLC,Utd.Arab Emir,Life care pharmaceutical trading,Ergometrine maleat 0.25 mg/ml ampoule injection of 10,PAC,"5,363",1.43,"7,669.09","7,669.09",USD,SDG-MH-23-001-011,Air,12/31/2025,1/1/2026,1/21/2026,1/21/2026,Awash Bank,AB/IFB/CRM&OP/1103/26,1/19/2027,185,20,,,,Gebresillassei,Opened,2/9/2026,5/9/2026,159,Abdulkerim,,,EFDA Prohibited SPIP,
927,12/30/2025,"EPSA-ICB-G-0014-2017-BID-,PR 3",4500008831,"Healthium Medtech Pvt, Ltd",India,Medilab medical Equpment supplies Import,PGAR Polyglycolic acid absorbable braded violet -guage 5.0(2) 75 cm on 40 mm 1/2 circle rounded boded needle of dozen,DZ,"21,330",3.31,"70,602.30","70,602.30",USD,RDF,Air,12/31/2025,1/1/2026,1/21/2026,1/22/2026,Awash Bank,AA 00045037,1/2/2027,168,20,,,,Gebresillassei,Opened,1/28/2026,4/27/2026,171,Sisay,Under Clearance,,,
928,12/31/2025,EPSA-ICB-G-0006-2018-BID,4500009008,Rise Global Gmbh,Germany,Ema construction and Trading PLC,Serology- Anti-streptolycin O Antibody (ASO) Latex Agglutination Test of  50 tests,PAC,"6,612",4.79,"31,671.48","31,671.48",USD,RDF,Air,12/31/2025,1/1/2026,1/12/2026,1/13/2026,Birihan Bank S.C,BrB/ATB/011/26,1/7/2027,173,11,,,,Selamawit,Opened,1/20/2026,4/19/2026,179,Kaleab,Awaiting Shipment,,,
929,12/31/2025,EPSA-NCB-G-0041-2017-BID,4500006539,Kilitch Estro Biotech Plc,Ethiopia,Kilitch Estro Biotech Plc,Ceftriaxone 1g in vial  -powder for injection with 10 ml diluent,PAC,"4,024,264",38.5,"154,934,164.00","464,619,153.00",ETB,RDF,Truck,12/31/2025,,6/27/2025,6/27/2026,Ethiopia insurance corporation,100002734484,6/25/2027,342,ENTER DATE,,,,,,,,7/18/2026,Eyob,Awaiting Shipment,,,
,,,,,,,Cefpime 1gm in vial powder for injection with solvent water for injection,VI,"265,616",104,"27,624,064.00",,,,,,,,,,,,,,,,,,,,,,,,,,
,,,,,,,Cefixime 400 mg capsule of 7x2,PAC,"102,180",223.75,"22,862,775.00",,,,,,,,,,,,,,,,,,,,,,,,,,
,,,,,,,Ceftazidime 1 g in vial powder for  injection with diluent,PAC,"360,910",89,"32,120,990.00",,,,,,,,,,,,,,,,,,,,,,,,,,
,,,,,,,Ceftriaxone 0.5g in vial  -powder for injection with 5 ml diluent,PAC,"422,844",28.5,"12,051,054.00",,,,,,,,,,,,,,,,,,,,,,,,,,
,,,,,,,Cephalexine 500 mg capsule of 10x10,PAC,"215,811",841,"181,497,051.00",,,,,,,,,,,,,,,,,,,,,,,,,,
,,,,,,,Cephalexine 250mg/5ml oral suspension of 100 ml,BT,"291,557",115,"33,529,055.00",,,,,,,,,,,,,,,,,,,,,,,,,,
7/24/1902,12/31/2025,EPSA-ICB-G0014-2017-BID,4500008829,Avian International,India,Pharmakon Trading House PLC,Catheter condom latex medium 28 mm,EA,"16,749",0.09,"1,507.41","31,550.67",USD,RDF,Sea,1/1/2026,1/2/2026,1/24/2026,1/26/2026,Abay Bank,AB/GF/00386/26,7/12/2026,-6,22,,,,Gebresillassei,Opened,1/23/2026,4/22/2026,176,Yoseph,,,,
,,,,,,,Catheter folly silicopnized latex two way 30-50 ml ballon 16 CH,EA,"142,182",0.19,"27,014.58",,,,,,,,,,,,,,,,,,,,,,,,,,
,,,,,,,Oxygen face mask for adult,EA,"9,544",0.208,"1,985.15",,,,,,,,,,,,,,,,,,,,,,,,,,
,,,,,,,Oxygen face mask for Pediatrics,EA,"5,166",0.202,"1,043.53",,,,,,,,,,,,,,,,,,,,,,,,,,
940,12/31/2025,EPSA-ICB-G-0012-2018-BID,4500008811,Scott Edil Pharmacia LTD,India,Kare Pharmaceutical PLC,Loratadine 5mg/5ml syrup of 100 ml,BT,"23,498",0.56,"13,158.88","172,922.78",USD,RDF,Sea,12/31/2025,1/1/2026,1/28/2026,1/29/2026,Awash Bank,AA 00046405,1/22/2027,188,27,,,,Mahider,Opened,1/27/2026,4/26/2026,172,Semira,,,,
,,,,,,,Hydrocortisone sodium siccinate 100mg in vial powder for IV/IM injection with diluent,EA,"1,101,820",0.145,"159,763.90",,,,,,,,,,,,,,,,,,,,,,,,,,
7/30/1902,1/1/2026,EPSA-ICB-G-0012-2017-BID,4500009061,Ciron drugs and  Pharmaceuticals Pvt Ltd,India,Gatemaz General Business PLC,Phenytoin (diphenhydantoin) sodium 250 mg in vial  powder for injection ,VI,"12,755",2.16,"27,550.80","82,652.62",USD,RDF,Air,1/8/2026,1/8/2026,2/2/2026,2/3/2026,CBE,MD2601447719,7/10/2027,357,25,,,,Gebresillassei,Opened,2/10/2026,5/10/2026,158,Sagni,,,,
,,,,,,,Acyclovir sodium 500 mg  IV infusion,VI,"8,718",1.35,"11,769.30",,,,,,,,,,,,,,,,,,,,,,,,,,
,,,,,,,Fluphenazine decanoate 25 mg/ml in 2 ml ampoule injection (depot oily) of 10,PAC,"14,069",3.08,"43,332.52",,,,,,,,,,,,,,,,,,,,,,,,,,
945,1/5/2026,EPSA-ICB-G-00062018-BID,4500009030,Care pharma FZ LLC,Utd Arab Emir,Life care pharmaceutical trading,Serology cardiac troponin immunochromatography rapid test cassette individualy packed of 20test,PAC,"1,749",8.32,"14,551.68","594,615.96",USD,RDF,Sea,1/9/2026,1/9/2026,1/21/2026,1/21/2026,Awash Bank,AB/IFB/CRM&OP/1106/26,1/19/2027,185,12,,,,Selamawit,Opened,1/29/2026,4/28/2026,"46,221",Samuel ,,,,
,,,,,,,Serology occult blood immunological immunochromatographic  test cassete of 50 test,PAC,"3,852",15.93,"61,362.36",,,,,,,,,,,,,,,,,,,,,,,,,,
,,,,,,,Serology C-reactive protine (CRP) Test cassette of 50 test,PAC,"8,796",24.9,"219,020.40",,,,,,,,,,,,,,,,,,,,,,,,,,
,,,,,,,Serology Prostet spesfic antigen test cassete of 25 teste,PAC,"1,128",6.69,"7,546.32",,,,,,,,,,,,,,,,,,,,,,,,,,
,,,,,,,laboratory supplies  EDTA hematocrite capilary length  75 mm ID 1.1-1.2 mm OD 1.5-1.6 mm 50 micro of 100 s,PAC,"36,420",7.24,"263,680.80",,,,,,,,,,,,,,,,,,,,,,,,,,
,,,,,,,Laboratory supplies  vacutainer  blood collector  vacume red top 10 ml,PAC,"5,472",5.2,"28,454.40",,,,,,,,,,,,,,,,,,,,,,,,,,
951,1/5/2026,ICB/FW/EPSA6/MOH-GF/ARV/OI/PH/03/22,4500006851,Micro Labs Limited,India,Bicare pharmaceuticals plc,Efaferenze 600 mg tablet of 30,PAC,"15,858",2.395,"37,979.91","179,243.63",USD,GF-HIV,Sea,1/9/2026,1/9/2026,3/6/2026,3/7/2026,Hibret Bank,HB/DIED/0140/26,12/31/2026,166,56,,,,Mulugeta,Opened,3/21/2026,6/18/2026,119,Efa,,,LC extension requested due to Middle East War,
,,,,,,,Lamivudine (3TC) 150 mg tablet of 60,PAC,"83,588",1.69,"141,263.72",,,,,,,,,,,,,,,,,,,,,,,,,,
953,1/5/2026,ICB/FW/EPSA6/MOH-GF/ NFMILL/ARV//PH/01/23,4500006876,Cipla Phatrmaceutical Ltd,India,Micro pharma PLC,Lamuvidine ( 3TC) +Doltugravir(DTG) +tenofovir(TDF)- (300 MG+ 50MG+300MG) Tablet of 90,PAC,"549,290",8.4,"4,614,036.00","4,614,036.00",USD,GF-HIV,Sea,1/12/2026,1/13/2026,1/21/2026,1/22/2026,Hibret Bank,HB/DIED/0041/26,1/31/2027,197,8,,,,Yordanos,Opened,2/4/2026,5/4/2026,164,Efa,,,,
954,1/5/2026,ICB/FW/EPSA6/MOH-GF/ARV/OI/PH/03/22,4500006953,Mylan Laboratory Ltd,India,ZE-EL Trading pvt.Ltd,Ritonavir 100 mg  Tablet of 30,PAC,"2,734",7,"19,138.00","157,406.10",USD,GF-HIV,Air,1/9/2026,1/13/2026,2/5/2026,2/6/2026,Awash Bank,AA00046432,1/31/2027,197,23,,,,Mulugeta,Opened,2/13/2026,5/13/2026,155,Abdulkerim,,,LC extension due to Batch size & Raw material Shortage,
,,,,,,,Lopinavir+ritonavir( 200 mg+50mg) tablet of 120,PAC,"8,273",16.1,"133,195.30",,,,,,,,,,,,,,,,,,,,,,,,,,
,,,,,,,Lamuvidine + zidovudine(30 mg+60mg) tablet of 60,TIN,"2,984",1.7,"5,072.80",,,,,,,,,,,,,,,,,,,,,,,,,,
957,1/5/2026,ICB/FW/EPSA6/MOH-GF/ARV/OI/PH/03/22,4500006862,Hetro lab Ltd,India,General chemical & trading pvt ltd,Lamuvudine +tenofovir- (300mg+300mg) tablet of 30,PAC,"32,928",2.71,"89,234.88","89,234.88",USD,GF-HIV,Sea,1/12/2026,1/13/2026,2/2/2026,2/3/2026,CBE,MD2601933613,1/31/2027,197,20,,,,Yordanos,Opened,2/10/2026,5/10/2026,158,Abdulkerim,,,,
,,,,,,,Dauronavir (DRV) 600MG Tablet of 60,PAC,"2,048",41,"83,968.00","83,968.00",,,,,,,,,,,,,,,,,,,,,,,,,
,,,,,,,Ritonavir 100 mg  Tablet of 30,PAC,"4,100",7,"28,700.00","28,700.00",,,,,,,,,,,,,,,,,,,,,,,,,
960,1/5/2026,ICB/FW/EPSA6/MOH-GF/ARV/OI/PH/03/22,4500006991,Milan laboratory( india) PVT LTD,India,ATMA IMPEX,Sulphamethoxazole+ trimetoprime (800mg+160mg)tablet of 10x100,PAC,"15,026",20,"300,520.00","300,520.00",USD,GF-HIV- GC7-0001-011,Air,1/9/2026,1/9/2026,1/21/2026,1/22/2026,CBE,MD2600951940,1/5/2027,171,12,,,,Mulugeta,Opened,2/4/2026,5/4/2026,164,Efa,,,,
961,1/5/2026,ICB/FW/EPSA6/MOH-GF/ARV/OI/PH/03/22,4500006869,"Shanghai Dasano Bio Pharmaceutical CO,",China,Gopany brothers PLC,Lamuvidine + zidovudine (150 MG+300MG) Tablet of 60,PAC,"61,098",4.4,"268,831.20","268,831.20",USD,GF-HIV- GC7-0001-011,Sea,1/9/2026,1/9/2026,2/4/2026,2/5/2026,Awash Bank,AA00046421,1/31/2027,197,26,,,,Mulugeta,Opened,2/12/2026,5/12/2026,156,Efa,,,,
962,1/5/2026,ICB/FW/EPSA6/MOH-GF/ARV/OI/PH/03/22,4500006859,Aurobindo Pharma,India,Mesroy international PLC,Abacavir (ABC) 300MG Tablet of 60,TIN,"55,698",6.1,"339,757.80","428,549.30",USD,GF-HIV- GC7-0001-011,Sea,1/9/2026,1/9/2026,1/16/2026,1/21/2026,Bunna Bank,2026.PB.0004,3/13/2027,238,7,,,,Mulugeta,Opened,2/4/2026,5/4/2026,164,Efa,,,a shortfall of 798 packs from the original PO quantity due to yield loss during production (Letter from the supplier),
,,,,,,,Lopinavir+ritonavir( 200 mg+50mg) tablet of 120,PAC,"5,515",16.1,"88,791.50",,,,,,,,,,,,,,,,,,,,,,,,,,
964,1/5/2026,ICB/FW/EPSA6/MOH-GF/ARV/OI/PH/03/22,4500006952,Mylan Laboratory Ltd,India,ZE-EL Trading pvt.Ltd,Abacavir (ABC) 300MG Tablet of 60,TIN,"83,546",6.1,"509,630.60","714,364.11",USD,GF-HIV- GC7-0001-011,Sea,1/9/2026,1/9/2026,2/5/2026,2/6/2026,Awash Bank,AA00046431,1/31/2027,197,27,,,,Mulugeta,Opened,2/13/2026,5/13/2026,155,Efa,,,LC extension due to higher Batch size & Raw material Shortage,
,,,,,,,Dauronavir (DRV) 600MG Tablet of 60,PAC,"1,366",41,"56,006.00",,,,,,,,,,,,,,,,,,,,,,,,,,
,,,,,,,Lamuvudine +tenofovir- (300mg+300mg) tablet of 30,PAC,"54,881",2.71,"148,727.51",,,,,,,,,,,,,,,,,,,,,,,,,,
967,1/5/2026,ICB/FW/EPSA6/MOH-GF/ARV/OI/PH/03/22,4500006954,Mylan Laboratory Ltd,India,Mylan Laboratory Ltd,Lamuvidine ( 3TC) +Doltugravir(DTG) +tenofovir(TDF)- (300 MG+ 50MG+300MG) Tablet of 30,PAC,"122,321",3.58,"437,909.18","437,909.18",USD,GF-HIV- GC7-0001-011,Sea,1/12/2026,1/13/2026,2/5/2026,2/6/2026,Awash Bank,AA00046436,1/31/2027,197,23,,,,Mulugeta,Opened,2/13/2026,5/13/2026,155,Efa,,,,
968,1/5/2026,ICB/FW/EPSA6/MOH-GF/ARV/OI/PH/03/23,4500006951,Mylan Laboratory Ltd,India,ZE-EL Trading private limited company,ATRI Atazanavir (ATV)+ Ritonavir (RTV) (300MG+100MG) Tablet of 30,PAC,"82,251",8.22,"676,103.22","676,103.22",USD,GF-HIV- GC7-0001-011,Sea,1/12/2026,1/13/2026,2/5/2026,2/6/2026,Awash Bank,AA00046434,1/31/2027,197,23,,,,Mulugeta,Opened,2/13/2026,5/13/2026,155,Efa,,,LC extension due to higher Batch size & Raw material Shortage,
969,1/5/2026,ICB/FW/EPSA6/MOH-GF/ARV/OI/PH/03/22,4500006877,Macleods Pharmaceutical Ltd,India,General chemical & trading pvt ltd,Lamuvudine (3TC) +Dolutugravir(DTG) +Tenofovir (TDF) (300MG+50MG+300MG)Tablet of 30,PAC,"72,000",3.58,"257,760.00","257,760.00",USD,GF-HIV- GC7-0001-011,Sea,1/9/2026,1/9/2026,1/13/2026,1/14/2026,Awash Bank,AA 00044934,10/31/2026,105,4,,,,Mulugeta,Opened,1/28/2026,4/27/2026,171,Efa,,,,
970,1/5/2026,ICB/FW/EPSA6/MOH-GF/ARV/OI/PH/03/22,4500006993,Unique Pharmaceutical Laboratories,India,EthioSpydra PLC,Sulphamethoxazole+ trimetoprime (200MMG+40MG)/5 ML SUSPENSION OF 100 ML,BT,"77,443",0.28,"21,684.04","21,684.04",USD,GF-HIV- GC7-0001-011,Sea,1/9/2026,1/9/2026,2/6/2026,2/9/2026,CBE,MD2602700429,3/10/2027,235,28,,,,Dejene,Opened,2/17/2026,4/17/2026,151,Efa,,,,
971,1/5/2026,ICB/FW/EPSA6/MOH-GF/ARV/OI/PH/03/22,4500006995,Macleods Pharmaceutical Ltd,India,General chemical & trading pvt ltd,Lamivudine (3TC) 150 mg tablet of 60,PAC,"55,726",1.69,"94,176.94","451,119.17",USD,GF-HIV- GC7-0001-011,Sea,1/9/2026,1/9/2026,1/13/2026,1/14/2026,Awash Bank,AA 00044911,10/31/2026,105,4,,,,Mulugeta,Opened,1/28/2026,4/27/2026,171,Efa,,,,
,,,,,,,Lamuvudine +tenofovir- (300mg+300mg) tablet of 30,PAC,"131,713",2.71,"356,942.23",,,,,,,,,,,,,,,,,,,,,,,,,,
973,1/5/2026,ICB/FW/EPSA6/MOH-GF/ARV/OI/PH/03/22,4500006992,Leben Laboratory,India,DAT  International PLC,Sulphamethoxazole+ trimetoprime (800mg+160mg)tablet of 10x100,PAC,"10,018",20,"200,360.00","232,886.20",USD,GF-HIV- GC7-0001-011,Sea,1/9/2026,1/9/2026,2/12/2026,2/13/2026,Bunna Internatinal Bank S.C,30733,2/6/2027,203,34,,,,Mulugeta,Opened,3/10/2026,5/7/2026,130,Efa,,,,
,,,,,,,Sulphamethoxazole+ trimetoprime (200MMG+40MG)/5 ML SUSPENSION OF 100 ML,BT,"116,165",0.28,"32,526.20",,,,,,,,,,,,,,,,,,,,,,,,,,
975,1/5/2026,ICB/FW/EPSA6/MOH-GF/ARV/OI/PH/03/22,4500006994,Macleods Pharmaceutical Ltd,India,General chemical & trading pvt ltd,Lamuvudine (3TC) +Dolutugravir(DTG) +Tenofovir (TDF) (300MG+50MG+300MG)Tablet of 30,PAC,"264,771",3.58,"947,880.18","947,880.18",USD,GF-HIV- GC7-0001-011,Sea,1/9/2026,1/9/2026,1/13/2026,1/14/2026,Awash Bank,AA00044450,10/31/2026,105,4,,,,Mulugeta,Opened,1/28/2026,4/27/2026,171,Efa,,,76 Packs yield loss,
976,1/9/2026,EPSA-NCB-G-0064-2018-BID,4500008813,Afrovision Pharmaceuticals,Ethiopia,Afrovision Pharmaceuticals,Hand Sanitizer of 1 L,BT,"7,000",369.7,"2,587,900.00","2,587,900.00",ETB,MOH-MVD-25-001-011,Truck,1/9/2026,Delivered for Marburg virus as emergency,,,,,,"-46,221",ENTER DATE,,,,,,,,"46,221",Hirkisa,,,the items deliverd befor PO recieved   from TMD So; no PG requred  ,
977,1/9/2026,ICB/FW/EPSA6/MOH-GF/ARV/PH/01/23,4500006955,Mylan Laboratories,India,ZE-EL Trading private limited company,Lamuvudine (3TC) +Dolutugravir(DTG) +Tenofovir (TDF) (300MG+50MG+300MG)Tablet of 90,PAC,"823,936",8.4,"6,921,062.40","6,921,062.40",USD,GF-HIV- GC7-0001-011,Sea,1/12/2026,1/13/2026,2/5/2026,2/6/2026,Awash Bank,AA00046435,1/31/2027,197,23,,,,Mulugeta,Opened,2/13/2026,4/13/2026,155,Efa,,,,
978,1/10/2026,EPSA-ICB-G-0076-2017-BID,4500004715,Rochy Kenya Ltd,Kenya,Retina Pharmaceutical PLC,COBAS 4800 And 6800/8800,PAC,,,"1,119,202.85","1,119,202.85",USD,GF-LAB-23-001-011,Air,1/12/2026,1/13/2026,2/10/2026,2/11/2026,CBE,MD2603313813,1/6/2027,172,28,,,,Mulugeta,Opened,3/23/2026,6/20/2026,117,Amanuel,,,LC hold by DG (25/2/2026) on liquidation update,
979,1/10/2026,EPSA-ICB-G-0076-2017-BID,4500004717,Rochy Kenya Ltd,Kenya,Retina Pharmaceutical PLC,COBAS 4800 And 6800/8800,PAC,,,"170,962.86","170,962.86",USD,GF-LAB-23-001-011,Air,1/12/2026,1/13/2026,2/11/2026,2/11/2026,CBE,MD2602681061,1/8/2027,174,29,,,,Mulugeta,Opened,4/2/2026,6/30/2026,107,Amanuel,,,LC hold by DG (25/2/2026) on liquidation update,
980,1/10/2026,EPSA-ICB-G-0076-2017-BID,4500004716,Rochy Kenya Ltd,Kenya,Retina Pharmaceutical PLC,COBAS 4800 And 6800/8800,PAC,,,"151,248.70","151,248.70",USD,GF-LAB-23-001-011,Air,1/12/2026,1/13/2026,2/12/2026,2/12/2026,CBE,MD2603309607,1/29/2027,195,30,,,,Mulugeta,Opened,3/23/2026,6/20/2026,117,Amanuel,,,LC hold by DG (25/2/2026) on liquidation update,
981,1/12/2026,EPSA-NCB-G-0064-2018-BID,4500008794,Royal medical textile manufacturing PLC,Ethiopia,Royal medical textile manufacturing PLC,Facemask surgical of 50,PAC,"14,400",487.5,"7,020,000.00","7,020,000.00",ETB,MOH-MVD-25-001-011,Truck,1/12/2026,Delivered for Marburg virus as emergency,,,,,,"-46,221",ENTER DATE,,,,,,,,"46,221",Hirkisa,,," The product fully deliverd befor the PO recieved from TMD .So,no PG requred",
,1/12/2026,EPSA-NCB-G-0064-2018-BID,4500008825,Pharmagate Healthcare,Ethiopia,Pharmagate Healthcare,Hand Sanitizer of 1 L,BT,"3,000",369.7,"1,109,100.00","1,109,100.00",ETB,MOH-MVD-25-001-011,Truck,1/12/2026,,,,,,,,,,,,,,,,,,,,,
983,12/9/2026,EPS-NCB-0020-2018-BID,,Bahita Hailu G/yohanise/Lemamat Trading And Industry,Ethiopia,Bahita Hailu G/yohanise/Lemamat Trading And Industry,,,,,0.00,0.00,,,,,,12/9/2026,12/10/2026,Hibret Insurance,GU/07/7512/2025/00004,11/11/2026,116,ENTER DATE,,,,,,,,"46,221",,,,PB,
984,1/13/2026,EPSA-NCB-G-0009-2018-BID,4500008989,Pharmagate Health care,Ethiopia,Pharmagate Health care,Chemical -Giemsa stain -0.76% solution of 500 ml,BT,"14,234",359.89,"5,122,674.26","14,443,763.00",ETB,RDF,Truck,1/14/2026,,1/13/2026,1/13/2026,Bunna Insurance,G/MES/1307/001173/2025,12/9/2026,144,ENTER DATE,,,,,,,,"46,221",Hirkisa,,,,
,,,,,,,Chemical denatured alcol 70% solution of 1 L,BT,"27,774",179.81,"4,994,042.94",,,,,,,,,,,,,,,,,,,,,,,,,,
,,,,,,,Lugols  Iodine for medical use 5% solution of 500 ml,BT,"5,132",843.15,"4,327,045.80",,,,,,,,,,,,,,,,,,,,,,,,,,
987,1/13/2026,EPSA-NCB-G-0009-2018-BID,4500008990,Pharmagate Health care,Ethiopia,Pharmagate Health care,Chemical Genitan 1% solution of 500 ml,BT,"3,255",90,"292,950.00","5,415,624.26",ETB,RDF,Truck,1/14/2026,,1/13/2026,1/13/2026,Bunna Insurance,G/MES/1307/001173/2025,12/9/2026,144,ENTER DATE,,,,,,,,"46,221",Hirkisa,,,,
,,,,,,,Chemical -Giemsa stain -0.76% solution of 500 ml,BT,"14,234",359.89,"5,122,674.26",,,,,,,,,,,,,,,,,,,,,,,,,,
989,1/13/2026,EPSS6/RT2/FW/GF/HIV &SYPHILIS/LR/03/23,4500006829,SD Biosensor,China,Litmedx PLC,HIV/Syphilis combo test of 25 tests,PAC,"170,751",18,"3,073,518.00","3,073,518.00",USD,GF-HIV-GC7-0001-011,Air,1/14/2026,1/15/2026,11/21/2025,11/22/2025,CBE,MD2529700047,10/31/2026,105,-55,,,,Dejene,Opened,1/24/2026,4/23/2026,175,Kaleab,,,,
990,1/14/2026,EPSA-NCB-G-0025-2018-BID,4500009169,Humanwell Pharmaceutical ,Ethiopia,Humanwell Pharmaceutical ,Atorvastatine 20 mg tablet of 10x10,PAC,"95,430",225,"21,471,750.00","21,471,750.00",ETB,RDF,Truck,1/14/2026,,1/13/2026,1/13/2026,Bunna Insurance,G/ARK/1307/001288/2026,1/9/2027,175,ENTER DATE,,,,,,,,"46,221",,,,,
991,1/14/2026,EPSA-NCB-G-0037--2017-BID,4500009189,Humanwell Pharmaceutical ,Ethiopia,Humanwell Pharmaceutical ,Hyoscine(scopolamine)butyle bromide 10mg tablet of 10x10,PAC,"42,341",368,"15,581,488.00","15,581,488.00",ETB,RDF,Truck,1/20/2026,,1/13/2026,1/13/2026,Bunna Insurance,G/ARK/1307/001288/2026,1/9/2027,332,ENTER DATE,Released,2/11/2026,Sintayehu Desta,,,,,"46,221",Eyob,,,,
992,1/13/2026,EPSA-NCB-G-0020-2018-BID,4500009141,Adama Development PLC Nazmed Medical,Ethiopia,Adama Development PLC Nazmed Medical,Guaze Swab 10cmx10cm of 10 pieses,PAC,"12,388",28.5,"353,058.00","7,593,963.00",ETB,RDF,Truck,1/14/2026,,1/13/2026,1/13/2026,Abysinia Bank,BOA/BBL/0200/2025,12/16/2026,236,ENTER DATE,Released,4/24/2026,Sintayehu Desta,,,,,"46,221",Hirkisa,,,,
,,,,,,,Gauze  Bandage 7.5cmx5m 0f 12 pieces,DZ,"40,005",181,"7,240,905.00",,,,,,,,,,,,,,,,,,,,,,,,,,
994,1/13/2026,EPSA-NCB-G-0020-2018-BID,4500009144,Adama Development PLC Nazmed Medical,Ethiopia,Adama Development PLC Nazmed Medical,Guaze Swab 10cmx10cm of 10 pieses,PAC,"12,388",28.5,"353,058.00","7,594,325.00",ETB,RDF,Truck,1/14/2026,,1/13/2026,1/13/2026,Abysinia Bank,BOA/BBL/0200/2025,12/16/2026,236,ENTER DATE,Released,4/24/2026,Seifu Girma,,,,,"46,221",Hirkisa,,,,
,,,,,,,Gauze  Bandage 7.5cmx5m 0f 12 pieces,DZ,"40,007",181,"7,241,267.00",,,,,,,,,,,,,,,,,,,,,,,,,,
996,1/13/2026,EPSA-NCB-G-0020-2018-BID,4500009138,Adama Development PLC Nazmed Medical,Ethiopia,Adama Development PLC Nazmed Medical,Guaze Swab 10cmx10cm of 10 pieses,PAC,"12,388",28.5,"353,058.00","7,593,963.00",ETB,RDF,Truck,1/14/2026,,1/13/2026,1/13/2026,Abysinia Bank,BOA/BBL/0200/2025,12/16/2026,236,ENTER DATE,Released,4/24/2026,Seifu Girma,,,,,"46,221",Hirkisa,,,,
,,,,,,,Gauze  Bandage 7.5cmx5m 0f 12 pieces,DZ,"40,005",181,"7,240,905.00",,,,,,,,,,,,,,,,,,,,,,,,,,
998,1/13/2026,EPSA-NCB-G-0020-2018-BID,4500009140,Adama Development PLC Nazmed Medical,Ethiopia,Adama Development PLC Nazmed Medical,Guaze Swab 10cmx10cm of 10 pieses,PAC,"12,388",28.5,"353,058.00","7,593,963.00",ETB,RDF,Truck,1/7/2026,,1/13/2026,1/13/2026,Abysinia Bank,BOA/BBL/0200/2025,12/16/2026,236,ENTER DATE,Released,4/24/2026,Seofu Girma,,,,,"46,221",Hirkisa,,,,
,,,,,,,Gauze  Bandage 7.5cmx5m 0f 12 pieces,DZ,"40,005",181,"7,240,905.00",,,,,,,,,,,,,,,,,,,,,,,,,,
1000,1/13/2026,EPSA-NCB-G-0020-2018-BID,4500009142,Adama Development PLC Nazmed Medical,Ethiopia,Adama Development PLC Nazmed Medical,Guaze Swab 10cmx10cm of 10 pieses,PAC,"12,388",28.5,"353,058.00","7,593,963.00",ETB,RDF,Truck,1/14/2026,,1/13/2026,1/13/2026,Abysinia Bank,BOA/BBL/0200/2025,12/16/2026,236,ENTER DATE,Released,4/24/2026,Seifu Girma,,,,,"46,221",Hirkisa,,,,
,,,,,,,Gauze  Bandage 7.5cmx5m 0f 12 pieces,DZ,"40,005",181,"7,240,905.00",,,,,,,,,,,,,,,,,,,,,,,,,,
1002,1/13/2026,EPSA-ICB-G-0008-2017-BID,4500009172,Hangzhou Alltest Biotech Co;LTD,China,Life care pharmaceutical trading,Serology-syphilis immunochromatographic test cassette individually packed whole blood/serum/ plasma of 40 tests,PAC,"47,040",3.36,"158,054.40","158,054.40",USD,RDF,Sea,1/26/2026,1/27/2026,2/26/2026,2/27/2026,Awash Bank,AA00045903,2/17/2027,233,30,Released,6/29/2026,Jibril Ali,Dejene,Opened,2/10/2026,5/10/2026,158,,,,,
9/29/1902,1/13/2026,EPSA-ICB-G-0008-2017-BID,4500009174,Care Pharma FZ LLC,Utd Arab. Emir,Life care pharmaceutical trading,Vacutainer blood collection with EDTA Anticoangulant purple top 4 ml plastic of 100 s,PAC,"39,410",2.52,"99,313.20","147,534.84",USD,RDF,Sea,1/26/2026,1/27/2026,2/18/2026,2/19/2026,Awash Bank,AB/IFB/CRM&OP/1176/26,2/17/2027,214,22,,,,Selamawit,Opened,2/10/2026,5/10/2026,158,Amanuel,,,,
,,,,,,,Laboratories supplies cover slide rectangular size 22x22 mm thickness 0.13 mm of 100 pieces,PAC,"130,596",0.29,"37,872.84",,,,,,,,,,,,,,,,,,,,,,,,,,
,,,,,,,Vacutainer blood collection with citrated anticoangulant blue top 4 ml plastic   of 100 s,PAC,"3,920",2.64,"10,348.80",,,,,,,,,,,,,,,,,,,,,,,,,,
1006,1/14/2026,EPSA6/RT2/FW/GF-HAPCO/HIVRTK/LR/01/22,4500007296,Intec products Inc,China,Medlab medical Equpments Supplies  Import,Rapid test kit -firist assay one step anti-HIV(1&2) Test kit of 40 tests,KIT,"213,022",12.8,"2,726,681.60","2,726,681.60",USD,GF-HIV,Air,1/14/2026,1/16/2026,1/29/2026,1/29/2026,Awash Bank,AA 000464004,2/23/2027,220,13,,,,Selamawit,Opened,2/7/2026,4/7/2026,161,,,,,
1007,1/14/2026,EPSA6/RT2/FW/GF-HAPCO/HIVRTK/LR/01/22,4500007297,Premer medical corporation PVT LTD,India,Biotech PLC,Rapide test kit seconed assay firist responce HIV1-2.0 Card (version 2.0) test kit of 30 test,KIT,"10,872",22.5,"244,620.00","244,620.00",USD,GF-HIV,Air,1/15/2026,1/16/2026,3/3/2026,3/6/2026,Bunna Bank,2026.PB.0014,1/31/2027,197,46,,,,Yordanos,Opened,3/21/2026,6/18/2026,119,Kaleab,,,,
1008,1/14/2026,EPSA6/RT2/FW/GF-HAPCO/HIVRTK/LR/01/22,4500007298,Trinity Biotech Manufacturing LTD,Iran,Medlab medical Equpments Supplies  Import,Rapid test kit -third assay uni-gold test kit of 20 tests,KIT,"16,308",30,"489,240.00","489,240.00",USD,GF-HIV,Air,1/15/2026,1/16/2026,2/4/2026,2/5/2026,CBE,MD2603100099,2/3/2027,200,19,,,,Selamawit,Opened,6/10/2026,6/7/2026,38,Sisay,,,,
1009,1/21/2026,EPSA-NCB-G-0021-2018-BID,4500008832,Glocare Pharma Manufacturing PLC,Ethiopia,Glocare Pharma Manufacturing PLC,Loratadine 10 mg tablet of 10x10,PAC,"29,997",163.08,"4,891,910.76","4,891,910.76",ETB,RDF,Truck,1/21/2026,,1/14/2026,1/15/2026,Oromia Insurance S.C,P/11/1702/25-26/00026,1/14/2027,180,ENTER DATE,,,,,,,,"46,221",Eyob,,,,
1010,1/21/2026,EPSA-NCB-G-0021-2018-BID,4500008835,Glocare Pharma Manufacturing PLC,Ethiopia,Glocare Pharma Manufacturing PLC,CHlorpromazine HCL 25mg tablet of 10x10,PAC,"61,680",93,"5,736,240.00","5,736,240.00",ETB,RDF,Truck,1/21/2026,,1/14/2026,1/15/2026,Oromia Insurance S.C,P/11/1702/25-26/00025,1/14/2027,180,ENTER DATE,,,,,,,,"46,221",Eyob,,,,
1011,1/21/2026,EPSA-NCB-G-26-2018-BID,4500009187,Glocare Pharma Manufacturing PLC,Ethiopia,Glocare Pharma Manufacturing PLC,Metformine -500mg tablet of 10x10,PAC,"124,594",158,"19,685,852.00","19,685,852.00",ETB,RDF,Truck,1/21/2026,,1/14/2026,1/15/2026,Oromia Insurance S.C,P/11/1702/25-26/00028,1/14/2027,180,ENTER DATE,,,,,,,,"46,221",Eyob,Awaiting Shipment,,,
1012,1/21/2026,EPSA-NCB-G-0025-2018-BID,4500009175,Glocare Pharma Manufacturing PLC,Ethiopia,Glocare Pharma Manufacturing PLC,Amilodipine 10 mg tablet of 10x10,PAC,"392,742",102.68,"40,326,748.56","114,505,611.79",ETB,RDF,Truck,1/21/2026,,1/14/2026,1/15/2026,Oromia Insurance S.C,P/11/1702/25-26/00029,1/14/2027,180,ENTER DATE,,,,,,,,"46,221",Eyob,,,,
,,,,,,,Amilodipine 5 mg tablet of 10x10,PAC,"483,633",67.95,"32,862,862.35",,,,,,,,,,,,,,,,,,,,,,,,,,
,,,,,,,Atorvastatine 20mg tablet of 10x10,PAC,"95,430",225,"21,471,750.00",,,,,,,,,,,,,,,,,,,,,,,,,,
,,,,,,,Glibenclamide 5 mg tablet of 10x10,PAC,"205,342",96.64,"19,844,250.88",,,,,,,,,,,,,,,,,,,,,,,,,,
1013,1/21/2026,EPSA-NCB-G-0025-2018-BID,4500008840,Glocare Pharma Manufacturing PLC,Ethiopia,Glocare Pharma Manufacturing PLC,Atenolol 50 mg tablet of 10x10,PAC,"28,512",120,"3,421,440.00","3,421,440.00",ETB,RDF,Truck,1/21/2026,,1/14/2026,1/15/2026,Oromia Insurance S.C,P/11/1702/25-26/00027,1/14/2027,180,ENTER DATE,,,,,,,,"46,221",Eyob,,,,
1014,1/14/2026,ICB/PFSA6/RDF/FW/Plasment/LR/20/18,4500006784,Bechman Coulter,Switzmerland,Delta Instrument Technology,Unicel DxH 800-Diluent of 10 L,JAR,"3,670",41.83,"153,516.10","264,274.42",USD,RDF,Sea,1/16/2026,1/15/2026,3/4/2026,3/5/2026,CBE,MD2605795606,2/28/2027,225,48,,,,Gebresillassei,,,,"46,221",,,,,
,,,,,,,Unicel DxH 800-Cell lyce of 5 L,JAR,216,243.7,"52,639.20",,,,,,,,,,,,,,,,,,,,,,,,,,
,,,,,,,Unicel DxH 800 Diff pack of 2.75 L,JAR,353,89.11,"31,455.83",,,,,,,,,,,,,,,,,,,,,,,,,,
,,,,,,,Unicel DxH 800 Retic pack of 2.28 L,JAR,77,98.21,"7,562.17",,,,,,,,,,,,,,,,,,,,,,,,,,
,,,,,,,Unicel DxH 800 Cleaner of 5 L,JAR,404,47.28,"19,101.12",,,,,,,,,,,,,,,,,,,,,,,,,,
1019,1/14/2026,ICB/PFSA6/RDF/FW/Plasment/LR/20/18,4500006785,Bechman Coulter,Switzmerland,Delta Instrument Technology,Unicel DxH 800 Cell control of 12x3 ml,PAC,25,465.58,"11,639.50","16,797.14",USD,RDF,Air,1/16/2026,1/15/2026,3/4/2026,3/5/2026,CBE,MD2605782091,2/28/2027,225,48,,,,Gebresillassei,,,,"46,221",,,,,
,,,,,,,Unicel SxH 800 LATRON CP-X Control of 8x3 ml,PAC,40,120.03,"4,801.20",,,,,,,,,,,,,,,,,,,,,,,,,,
,,,,,,,Unicel DxH Calibirator kit of 3.3 ml,PAC,4,89.11,356.44,,,,,,,,,,,,,,,,,,,,,,,,,,
1022,1/21/2026,EPSA-ICB-G-0012-2017-BID,4500009247,Macleods Pharmaceutical Ltd,India,Lifecare Pharmaceutical trading,Thyroxine sodium  0.1 mg tablet of 10x10,PAC,"26,264",3.41,"89,560.24","89,560.24",USD,RDF,Air,1/21/2026,1/27/2026,2/5/2026,2/6/2026,Awashbank,AA 000045048,1/6/2027,172,9,,,,Yordanos,Opened,2/10/2026,5/10/2026,158,Sena,,,,
1023,1/21/2026,EPSA-ICB-G-0006-2017-BID,4500008115,Nipro middle East FZE,Utd.Arab.Emir,ABH Partners PLC,"Acid concentrate calsium 1.25mmol/L, potasium 2mmol/L of 10 L",JAR,"4,490",3.88,"17,421.20","45,488.54",USD,RDF,Sea,1/26/2026,1/27/2026,2/6/2026,2/9/2026,Dashen Bank,444GTEE202500444,1/30/2027,196,10,,,,Selamawit,Opened,2/13/2026,5/13/2026,155,Amanuel,,,,
,,,,,,,"Acid concentrate calsium 1.25mmol/L, potasium 3mmol/L of 10 L",JAR,75,3.88,291.00,,,,,,,,,,,,,,,,,,,,,,,,,,
,,,,,,,Blood tubing of set,EA,"8,930",2.8906,"25,813.06",,,,,,,,,,,,,,,,,,,,,,,,,,
,,,,,,,Fistula needle 16 G of pair,PAA,"4,400",0.4462,"1,963.28",,,,,,,,,,,,,,,,,,,,,,,,,,
1027,1/21/2026,EPSA-ICB-G-0008-2017-BID,4500009167,Intec Products Inc,China,Nanchang china,Serology-syphilis immunochromatographic test cassette individually packed whole blood/serum/ plasma of 40 tests,PAC,"31,360",3.36,"105,369.60","105,369.60",USD,RDF,Air,1/26/2026,1/27/2026,2/18/2026,,Awash Bank,AA 00046462,2/10/2027,207,22,,,,Yordanos,Opened,2/9/2026,5/9/2026,159,Kaleab,Awaiting Shipment,,,
1028,1/21/2026,EPSA-ICB-G-001202018-BID,4500008806,Meridian Enterprises PVT LTD,India,Estro import and Export PLC,Diclofenac sodium 100mg suppository of 10,PAC,"90,000",0.5,"45,000.00","45,000.00",USD,RDF,Air,1/22/2026,1/24/2026,1/26/2026,1/29/2027,Berhan Bank,BrB/MB/PG/8742/26,1/25/2027,191,2,,,,Selamawit,Opened,1/31/2026,4/30/2026,168,Sena,,,,
1029,1/22/2026,EPSA-ICB-G-0012-2018-BID,4500009273,Galentic Pharma,India,Medtech Ethiopia PLC,Anti-haemorrhoidal (bethamethasone valerate+phenylephrene HCL +Lidocain HCL)( 0.5mg+1mg+25mg) ointment of 20 gm,TU,"185,952",0.63,"117,149.76","117,149.76",USD,RDF,Sea,1/26/2026,1/27/2026,2/12/2026,2/12/2026,CBE,2026.LOC.05,2/10/2027,207,16,,,,Dejene,Opened,2/16/2026,5/14/2026,152,Samuel ,,,,
1030,1/22/2026,EPSA-NCB-G-0020-2018-BID,4500009149,Bahita Hailu Gebreyohans/Lemamat Trad,Ethiopia,"Bahita Hailu Gebreyohans/Lemamat Trad
",Glove  examination latex non-powdered small of 100 pieces,PAC,"16,204",600,"9,722,400.00","65,046,140.00",ETB,RDF,Truck,1/23/2026,,12/14/2025,12/15/2025,Hibret  Insurance,GU/07/7512/2025/00004,11/11/2026,116,ENTER DATE,,,,,,,,"46,221",Hirkisa,,,,
,,,,,,,Glove  examination latex non-powdered  Large of 100 pieces,PAC,"43,562",1270,"55,323,740.00",,,,,,,,,,,,,,,,,,,,,,,,,,
1032,1/22/2026,EPSA-NCB-G-0020-2018-BID,4500009150,Bahita Hailu Gebreyohans/Lemamat Trad,Ethiopia,Bahita Hailu Gebreyohans/Lemamat Trad,Glove  examination latex non-powdered small of 100 pieces,PAC,"16,204",600,"9,722,400.00","65,046,140.00",ETB,RDF,Truck,1/23/2026,,12/14/2025,12/15/2025,Hibret  Insurance,GU/07/7512/2025/00004,11/11/2026,116,ENTER DATE,,,,,,,,"46,221",Hirkisa,,,,
,,,,,,,Glove  examination latex non-powdered  Large of 100 pieces,PAC,"43,562",1270,"55,323,740.00",,,,,,,,,,,,,,,,,,,,,,,,,,
1034,1/22/2026,EPSA-NCB-G-0020-2018-BID,4500009151,Bahita Hailu Gebreyohans/Lemamat Trad,Ethiopia,Bahita Hailu Gebreyohans/Lemamat Trad,Glove  examination latex non-powdered small of 100 pieces,PAC,"16,204",600,"9,722,400.00","65,049,950.00",ETB,RDF,Truck,1/23/2026,,12/14/2025,12/15/2025,Hibret  Insurance,GU/07/7512/2025/00004,11/11/2026,116,ENTER DATE,,,,,,,,"46,221",Hirkisa,,,,
,,,,,,,GLEX Glove  examination latex non-powdered  Large of 100 pieces,PAC,"43,565",1270,"55,327,550.00",,,,,,,,,,,,,,,,,,,,,,,,,,
1036,1/22/2026,EPSA-NCB-G-0020-2018-BID,4500009057,Bahita Hailu Gebreyohans/Lemamat Trad,Ethiopia,Bahita Hailu Gebreyohans/Lemamat Trad,GLEX Glove  examination latex non-powdered small of 100 pieces,PAC,"16,204",600,"9,722,400.00","65,046,140.00",ETB,RDF,Truck,1/23/2026,,12/14/2025,12/15/2025,Hibret  Insurance,GU/07/7512/2025/00004,11/11/2026,116,ENTER DATE,,,,,,,,"46,221",Hirkisa,,,,
,,,,,,,GLEX Glove  examination latex non-powdered  Large of 100 pieces,PAC,"43,562",1270,"55,323,740.00",,,,,,,,,,,,,,,,,,,,,,,,,,
1038,1/22/2026,EPSA-NCB-G-0020-2018-BID,4500009058,Bahita Hailu Gebreyohans/Lemamat Trad,Ethiopia,Bahita Hailu Gebreyohans/Lemamat Trad,GLEX Glove  examination latex non-powdered small of 100 pieces,PAC,"16,204",600,"9,722,400.00","65,046,140.00",ETB,RDF,Truck,1/23/2026,,12/14/2025,12/15/2025,Hibret  Insurance,GU/07/7512/2025/00004,11/11/2026,116,ENTER DATE,,,,,,,,"46,221",Hirkisa,,,,
,,,,,,,GLEX Glove  examination latex non-powdered  Large of 100 pieces,PAC,"43,562",1270,"55,323,740.00",,,,,,,,,,,,,,,,,,,,,,,,,,
1040,1/23/2026,EPSA-ICB-G-0007-2018-BID,4500009283,Gst corporation Ltd,India,Zaf Pharmaceutical trading PVT LTD,Canula intravenous set 20 G of 100 pices,PAC,"29,970",4.888,"146,493.36","1,308,045.84",USD,RDF,Sea,1/23/2026,1/27/2026,3/6/2026,3/7/2026,CBE,MD2605790094,12/9/2026,144,38,,,,Dejene,,,,"46,221",,,,,
,,,,,,,,PAA,"33,993",29.167,"991,473.83",,,,,,,,,,,,,,,,,,,,,,,,,,
,,,,,,,Glove gynecological examination(elbow glove) n.o 6.5,PAA,"5,436",29.167,"158,551.81",,,,,,,,,,,,,,,,,,,,,,,,,,
,,,,,,,Tongue depressor (spatula) wooden of 50 pices,PC,"36,945",0.312,"11,526.84",,,,,,,,,,,,,,,,,,,,,,,,,,
1044,1/23/2026,EPSA-ICB-G-0057-2018-BID,4500009105,Reyoung Pharmaceuticals,China,Dat International PLC,"Penicillin G , Benzanthine 2.4MIU Injection in vial of 100",PAC,"8,127",16.87,"137,102.49","137,102.49",USD,RDF,Air,2/4/2026,1/27/2026,2/27/2026,2/27/2026,CBE,MD2604400077,1/31/2027,197,31,,,,Yordanos,,,,"46,221",,,,,
1045,1/23/2026,EPSA-ICB-G-0042-2018-BID,4500009445,Pil Pharmaceutical LTD,India,Ema construction and Trading PLC,Amoxacillin 125mg/5ml oral suspension of 100 ml,BT,"1,498,806",0.209,"313,250.45","849,034.86",USD,RDF,Sea,1/26/2026,1/27/2026,3/6/2026,,Awash Bank,AA 00046497,2/25/2027,222,38,,,,Mahider,Opened,2/17/2026,5/17/2026,151,Semira,,,,
,,,,,,,Ceftriaxone 0.5 g in vial powder for IV & IM Injection with 5 ml,PAC,"649,320",0.136,"88,307.52",,,,,,,,,,,,,,,,,,,,,,,,,,
,,,,,,,Ceftriaxone 1g in vial powder for  Injection with 10 ml,PAC,"2,418,794",0.185,"447,476.89",,,,,,,,,,,,,,,,,,,,,,,,,,
1048,1/23/2026,EPSA-ICB-G-0007-2018-BID,4500009341,Guilin HBM,China,Life care pharmaceuticals trading,Glove surgical latex sterile powdered free No 7,PAA,"32,094",5.78,"185,503.32","185,503.32",USD,RDF,Sea,1/26/2026,1/27/2026,4/7/2026,4/8/2026,CBE,MD2606333742,2/16/2027,213,70,,,,Mahider,Opened,2/14/2026,5/14/2026,154,Efa,,,,
1049,1/23/2026,EPSA-ICB-G-0007-2018-BID,4500009285,Care Pharma FZ LLC,Utd. Arab emir,Life care pharmaceuticals trading,Urine collecting Bag PVC Latex product 2000ml,EA,"290,601",0.125,"36,325.13","36,325.13",USD,RDF,Sea,1/26/2026,1/27/2026,2/18/2027,2/19/2026,Awash Bank,AB/IFB/CRM&OP/1174/26,2/17/2027,214,387,,,,Mahider,Opened,2/14/2026,5/14/2026,154,Amanuel,,,,
1050,1/23/2026,EPSA-ICB-G-0053-2018-BID,4500009121,Mission Pharma,Denmark,MT International AA,Sodium Valproat 200mg/5ml syrup of 300 ml,BT,"10,000",6.5,"65,000.00","65,000.00",USD,RDF,Air,1/27/2026,1/28/2026,2/11/2026,2/11/2026,CBE,MD2603499960,2/26/2027,223,14,,,,Mahider,Opened,2/5/2026,5/5/2026,163,Sagni,,,,
1051,1/23/2026,EPSA-ICB-G-0007-2018-BID,4500009362,jiangying jinfeng  medical equpment Co.L,Chaina,Leyan Pharmaceuticals,Syrange(Disposable) 20 ml with needle 21 G of 50 pices,PAC,"20,475",1.79,"36,650.25","36,650.25",USD,RDF,Sea,1/27/2026,2/4/2026,3/31/2026,3/31/2026,Awash Bank,AA 00046362,3/6/2027,231,55,,,,Dejene,Opened,4/7/2026,7/4/2026,102,Yoseph,,,,
1052,1/27/2026,EPSA-ICB-G-012-2018-BID,4500009280,Scott Edill Pharmacia,India,Kare Pharmaceuticals PLC,Loratadine 5mg/5ml syrup of 100 ml,BT,"33,270",0.56,"18,631.20","18,631.20",USD,RDF,Sea,1/27/2026,1/30/2026,2/13/2026,2/14/2026,Awash Bank,AA00046453,2/6/2027,203,14,,,,Mahider,Opened,2/10/2026,5/10/2026,158,Samuel ,,,,
1053,1/27/2026,EPSA-ICB-G-0007-2018-BID,4500009329,Wise team FZC,Utd. Arab emir,Wise team PLC,Adhesive plaster zinc oxide 12.5cmx10m,EA,"421,128",0.86,"362,170.08","362,170.08",USD,RDF,Sea,1/27/2026,1/30/2026,2/4/2026,2/6/2026,Hibret Bank,HB/111/PB7253/26,1/30/2027,196,5,,,,Yordanos,Opened,,,"46,221",,Awaiting Shipment,,,
1054,1/27/2026,EPSA-ICB-G-0054-2018-BID,4500009409,Leben Laboratory pvt.ltd,India,Dat International Trading  PLC,Indomethacine 25 mg capsule of 10x10,PAC,"296,523",0.5,"148,261.50","148,261.50",USD,RDF,Sea,1/27/2026,1/30/2026,2/20/2026,2/23/2026,Bunna Internationa Bank S.C,30754,2/12/2027,209,21,,,,Dejene,Opened,2/10/2026,5/10/2026,158,Amanuel,,,,
1055,3/4/2026,EPSA-ICB-G-0014-2017-BID,4500008911,Avian International,India,Pharmaakorn Trading house PLC,Endotracheal Tube Sterile Cuffed 6.5CH,EA,"3,953",0.286,"1,130.56","20,724.96",USD,SDG-MH,Sea,3/10/2026,3/10/2026,1/24/2026,1/26/2026,Abay Bank,AB/GF/00387/26,7/12/2026,-6,-45,,,,Selamawit,Opened,3/21/2026,6/18/2026,119,Yoseph,Fully shipped,,,
,,,,,,,Endotracheal Tube Sterile Cuffed 6 CH,EA,"3,953",0.286,"1,130.56",,,,,,,,,,,,,,,,,,,,,,,,,,
,,,,,,,Endotracheal Tube Sterile Cuffed 7 CH,EA,"7,905",0.286,"2,260.83",,,,,,,,,,,,,,,,,,,,,,,,,,
,,,,,,,Catheter folly  siliconized latex two way 30-5- ml ballon 16 CH,EA,"85,279",0.19,"16,203.01",,,,,,,,,,,,,,,,,,,,,,,,,,
1056,1/27/2026,EPSA-ICB-G-0042-2018,4500009429,Medicamen Biotech Limited,India,Droga Pharma PLC,Ibuprofen 100 mg/5ml suspension of 100 ml,BT,"213,948",0.24,"51,347.52","77,926.32",USD,RDF,Sea,1/27/2026,1/30/2026,3/3/2026,3/4/2026,Awash Bank,AA 00046492,1/31/2027,197,32,,,,Selamawit,Opened,2/10/2026,5/10/2026,158,Samuel ,,,GMP Expired,
,,,,,,,Propranolol 40 mg tablet of 10x10,PAC,"66,447",0.4,"26,578.80",,,,,,,,,,,,,,,,,,,,,,,,,,
1058,1/27/2026,EPSA-NCB-G-0025-2018-BID,4500009165,Sansheng Pharmaceutical PLC,Ethiopia,Sansheng Pharmaceutical PLC,Atoruvastatine 20 mg tablet of 10x10,PAC,"95,430",225,"21,471,750.00","41,315,904.24",ETB,RDF,Truck,1/28/2026,,1/8/2026,1/10/2026,Nib insurance company S.Co,P/021/59/02/2026/01/00019,1/5/2027,171,ENTER DATE,,,,,,,,"46,221",Eyob,,,,
,,,,,,,Glibenclamide 5 mg tablet of 10x10,PAC,"205,341",96.64,"19,844,154.24",,,,,,,,,,,,,,,,,,,,,,,,,,
1059,1/27/2026,EPSA-ICB-G-0054-2018-BID,4500009442,Scott Edill Pharmacia LTD,India,Kare Pharmaceuticals PLC,Cephalexine 250mg/5ml oral suspension of 100 ml,BT,"511,528",0.55,"281,340.40","1,201,589.80",USD,RDF,Sea,1/28/2026,1/30/2026,2/17/2026,,Awash Bank,AA00046464,2/6/2027,203,18,,,,Mahider,,,,"46,221",,,,,
,,,,,,,Cephalexine 500 mg  capsule of 10x10,PAC,"271,460",3.39,"920,249.40",,,,,,,,,,,,,,,,,,,,,,,,,,
1061,1/27/2026,EPSA-ICB-G-0042-2018,4500009431,Cspc Zhongnuo Pharmaceutical Co;LTD,China,Life care pharmaceuticals trading,Ceftazidime 1 g in vial powder for injection with diluent,PAC,"288,630",0.45,"129,883.50","129,883.50",USD,RDF,Sea,1/28/2026,1/30/2026,3/3/2026,3/4/2026,CBE,MD2603773776,1/30/2027,196,32,,,,Yordanos,Opened,6/23/2026,9/20/2026,25,Samuel ,,,,
1062,1/28/2026,EPSA-ICB-G-0054-2018-BID,4500009422,Reyoung Pharmaceutical,China,Dat International Trading  PLC,Cloxacillin 500mg powder for injection in vial of 50,PAC,"8,680",4.8,"41,664.00","58,348.20",USD,RDF,Sea,1/29/2026,1/30/2026,2/20/2026,2/23/2026,CBE,MD2604300779,1/31/2027,197,21,,,,Yordanos,,,,"46,221",,,,,
,,,,,,,PENI Penicillin G Sodium crystalline 1 MIU Injection of 50x2,PAC,"2,691",6.2,"16,684.20",,,,,,,,,,,,,,,,,,,,,,,,,,
1064,1/28/2026,EPSA-ICB-G-0042-2018-BID,4500009432,Ciron Drugs And Pharmaceuticals Pvt LTD,India,Getmaze General Business PLC,Ketoconazole 2% cream of 20gm,TU,"312,755",0.158,"49,415.29","49,415.29",USD,RDF,Sea,1/29/2026,1/30/2026,2/27/2026,2/27/2026,Awash Bank,AA00046483,2/8/2027,205,28,,,,Dejene,Opened,2/16/2026,5/16/2026,152,Samuel ,,,,
1065,1/28/2026,EPSA-ICB-G-0042-2018-BID,4500009443,Ciron Drugs And Pharmaceuticals Pvt LTD,India,Getmaze General Business PLC,ATROAtropine sulfate 1mg/mlin 1ml ampoule injection of 10x10,PAC,"18,963",9,"170,667.00","170,667.00",USD,RDF,Air,1/29/2026,1/30/2026,2/27/2026,2/27/2026,Awash Bank,AA00046483,2/8/2027,205,28,,,,Dejene,Opened,2/14/2026,5/14/2026,154,Sena,,,,
1066,1/28/2026,EPSA-ICB-G-0042-2018-BID,4500009407,Sance Laboratories PVT LTD,India,Faud Musema Import,Cefipime 1gm in vial powder for injection with solvent water for injection,VI,"396,045",0.636,"251,884.62","251,884.62",USD,RDF,Sea,1/29/2026,1/30/2026,2/10/2026,2/4/2026,CBE,AHM/HN/0096/2026,2/6/2027,203,11,,,,Gebresillassei,Opened,2/14/2026,5/14/2026,154,Semira,,,,
1067,2/2/2026,NCB-G-002102018,4500009356,Sansheng Pharmaceutical PLC,Ethiopia,Sansheng Pharmaceutical PLC,CARB Carbamazepine 200mg tablet of 10x10,PAC,"82,049",430.35,"35,309,787.15","139,559,405.51",ETB,RDF,Truck,2/3/2026,,1/29/2026,2/2/2026,Nib insurance Company S.Co,P/021/59/02/2026/01/00020,1/26/2027,192,ENTER DATE,,,,,,,,"46,221",Eyob,,,,
,,,,,,,CIME Cimitidine 400 mg tablet of 10x10,PAC,"34,072",438,"14,923,536.00",,,,,,,,,,,,,,,,,,,,,,,,,,
,,,,,,,ENAL Enalapril 10 mg tablet of 10x10,PAC,"327,891",135,"44,265,285.00",,,,,,,,,,,,,,,,,,,,,,,,,,
,,,,,,,FURS Fursemaide 40 mg tablet of 10x10,PAC,"87,254",126.84,"11,067,297.36",,,,,,,,,,,,,,,,,,,,,,,,,,
,,,,,,,HYCT Hydroclorithiazide 25 mg tablet of 10x10,PAC,"339,935",100,"33,993,500.00",,,,,,,,,,,,,,,,,,,,,,,,,,
1068,2/2/2026,EPSA-NCB-G-026--2018-BID,4500009358,Sansheng Pharmaceutical PLC,Ethiopia,Sansheng Pharmaceutical PLC,METO Metoclorpramide 5mg/ml in 5 ml ampoule injection of 10,PAC,"144,536",96,"13,875,456.00","71,979,557.00",ETB,RDF,Truck,2/2/2026,,1/29/2026,2/2/2026,Nib insurance Company S.Co,P/021/59/02/2026/01/00021,1/26/2027,192,ENTER DATE,,,,,,,,"46,221",Eyob,,,,
,,,,,,,OLAN Olanzapine 5 mg tablet of 10x10,PAC,"107,787",195,"21,018,465.00",,,,,,,,,,,,,,,,,,,,,,,,,,
,,,,,,,SODIsodium valproate 200 mg tablet (enteric coated) of 10x10,PAC,"64,162",578,"37,085,636.00",,,,,,,,,,,,,,,,,,,,,,,,,,
1069,2/2/2026,EPSA-NCB-G-026--2018-BID,4500009183,Sansheng Pharmaceutical PLC,Ethiopia,Sansheng Pharmaceutical PLC,ENAL Enalapril 5mg tablet of 10x10,PAC,"245,912",120,"29,509,440.00","107,118,085.10",ETB,RDF,Truck,2/3/2026,,1/29/2026,2/2/2026,Nib insurance Company S.Co,P/021/59/02/2026/01/00022,1/26/2027,192,ENTER DATE,,,,,,,,"46,221",Eyob,,,,
,,,,,,,Ibuprofen 400 mg tablet of 10x10,PAC,"228,217",196.3,"44,798,997.10",,,,,,,,,,,,,,,,,,,,,,,,,,
,,,,,,,Metformine 500 mg tablet of 10x10,PAC,"207,656",158,"32,809,648.00",,,,,,,,,,,,,,,,,,,,,,,,,,
1070,2/2/2026,EPSA-NCB-G-019-2018,4500009373,Sansheng Pharmaceutical PLC,Ethiopia,Sansheng Pharmaceutical PLC,Atorvastatine 40 mg tablet of 10x10,PAC,"167,741",315,"52,838,415.00","87,268,455.00",ETB,RDF,Truck,2/2/2026,,1/29/2026,2/2/2026,Nib insurance Company S.Co,P/021/59/02/2026/01/00023,1/26/2027,192,ENTER DATE,,,,,Local,,,"46,221",Eyob,,,,
,,,,,,,CIMITIDINE 100mg/ml in 2 ml ampoule injection of 10,PAC,"191,278",180,"34,430,040.00",,,,,,,,,,,,,,,,,,,,,,,,,,
1071,2/26/2026,EPSA-NCB-G-0019-2018-BID,4500009374,Glocare Pharma Manufacturing PLC,Ethiopia,Glocare Pharma Manufacturing PLC,Atrovastatine 40 mg tablet of 10x10,PAC,"71,889",315,"22,645,035.00","22,645,035.00",ETB,RDF,Truck,2/26/2026,,1/29/2026,2/3/2026,Oromia Insurance,P/11/1702/25-26/1/00035,1/29/2027,195,ENTER DATE,,,,,Local,,,"46,221",Eyob,,,,
1072,1/29/2026,ICB/EPSS6/SDG &RDF/MD/19/24,4500009293,Rise Global GMBH,Germany,Ema construction and Trading PLC,SIDM Set Instrument dermatology minor,SET,14,209.13,"2,927.82","162,836.68",USD,SDG-ME-23-001-011,Air,2/1/2026,2/1/2026,2/6/2026,2/9/2026,Berhan Bank,BrB/ATB/103/26,1/29/2027,195,5,,,,Selamawit,Opened,2/27/2026,5/27/2026,141,Nebiyu,,,Budget from 4500004556                                            split from 4500004556,
,,,,,,,DISK Dish kidney 475ml,EA,200,4.88,976.00,,,,,,,,,,,,,,,,,,,,,,,,,,
,,,,,,,INCA Set Instrument caeserean section,SET,54,234.65,"12,671.10",,,,,,,,,,,,,,,,,,,,,,,,,,
,,,,,,,DELI Set delivery,SET,100,39.2,"3,920.00",,,,,,,,,,,,,,,,,,,,,,,,,,
,,,,,,,DIEE Set diagnostic EENT,SET,50,45.53,"2,276.50",,,,,,,,,,,,,,,,,,,,,,,,,,
,,,,,,,DRES Set Instrument dressing,SET,150,68.06,"10,209.00",,,,,,,,,,,,,,,,,,,,,,,,,,
,,,,,,,EPIS Set epistomy,SET,50,90.57,"4,528.50",,,,,,,,,,,,,,,,,,,,,,,,,,
,,,,,,,INSM Set Instrument surgery minor,SET,227,287.03,"65,155.81",,,,,,,,,,,,,,,,,,,,,,,,,,
,,,,,,,MIDW   Set midwifery,SET,100,40.61,"4,061.00",,,,,,,,,,,,,,,,,,,,,,,,,,
,,,,,,,INTR Set instrument Tracheostomy,SET,27,154.82,"4,180.14",,,,,,,,,,,,,,,,,,,,,,,,,,
,,,,,,,SPCH Spreader plastic cast henning 27 cm,EA,189,35.36,"6,683.04",,,,,,,,,,,,,,,,,,,,,,,,,,
,,,,,,,DRUS Drum strilizer 240mmx290mm,EA,150,27.38,"4,107.00",,,,,,,,,,,,,,,,,,,,,,,,,,
,,,,,,,TRAI Tray instrument with cover,EA,200,21.53,"4,306.00",,,,,,,,,,,,,,,,,,,,,,,,,,
,,,,,,,LAPA Set laparatomy adult,SET,27,580.01,"15,660.27",,,,,,,,,,,,,,,,,,,,,,,,,,
,,,,,,,SSMP Set surgery minor ophtalmic,SET,25,261.98,"6,549.50",,,,,,,,,,,,,,,,,,,,,,,,,,
,,,,,,,BOWS Bowle with stand 300 ml,EA,300,48.75,"14,625.00",,,,,,,,,,,,,,,,,,,,,,,,,,
1088,1/30/2026,EPSA-NCB-G-0026-2018,4500009357,Humanwell Pharmaceutical Ethiopia PLC,Ethiopia,Humanwell Pharmaceutical Ethiopia PLC,Metoclopramide - 5mg/ml in 2ml Ampoue - Injection of 10,PAC,"242,032",96,"23,235,072.00","23,235,072.00",ETB,RDF,Truck,1/29/2026,,1/29/2026,1/29/2026,Bunna Insurance,G/ARK/1307/001346/2026,1/27/2027,193,ENTER DATE,,,,,,,,"46,221",Eyob,,,,
1089,1/31/2026,EPA-NCB-G-0021-2018,4500009353,Humanwell Pharmaceutical Ethiopia PLC,Ethiopia,Humanwell Pharmaceutical Ethiopia PLC,CARB Carbamezepine 200 mg tablet of 10x10,PAC,"54,699",430.35,"23,539,714.65","66,900,701.45",ETB,RDF,Truck,2/2/2026,,1/29/2026,1/29/2026,Bunna Insurance,G/ARK/1307/001345/2026,1/27/2027,193,ENTER DATE,,,,,,,,"46,221",Eyob,,,,
,,,,,,,CIME Cimetidine 400 mg tablet of 10x10,PAC,"51,108",438.00,"22,385,304.00",,,,,,,,,,,,,,,,,,,,,,,,,,
,,,,,,,FRUS Frusemaide 40 mg tablet of 10x10,PAC,"58,170",126.84,"7,378,282.80",,,,,,,,,,,,,,,,,,,,,,,,,,
,,,,,,,HYCT  Hydroclorothiazide 25 mg tablet of 10x10,PAC,"135,974",100.00,"13,597,400.00",,,,,,,,,,,,,,,,,,,,,,,,,,
1090,1/30/2026,EPSA-NCB-G-26-2018-BID,4500009182,Humanwell Pharmaceutical Ethiopia PLC,Ethiopia,Humanwell Pharmaceutical Ethiopia PLC,Ibuprofen 400mg Tablet of 10X10,PAC,"342,325",196.30,"67,198,397.50","67,198,397.50",ETB,RDF,Truck,1/29/2026,,1/29/2026,1/29/2026,Bunna Insurance,G/ARK/1307/001344/2026,1/27/2027,193,ENTER DATE,,,,,,,,"46,221",Eyob,,,,
,,,,,,,Metformin - 500mg - Tablet of 10X10,PAC,"83,062",158,"13,123,796.00","13,123,796.00",,,,,,,,,,,,,,,,,,,,,,,,,
1092,1/30/2026,EPSA-ICB-G-0052-2018-BID,4500009541,Scott Edil Pharmacia Ltd,India,Kare pharmaceutical PLC,Cephalexine 125mg/5ml oral suspensio of 100ml,PAC,"361,215",4.87,"1,759,117.05","1,759,117.05",USD,RDF,Sea,30/1/2026,2/1/2026,2/17/2026,,Awash Bank,AA00046458,2/6/2027,203,16,,,,Mahider,Opened,6/19/2026,9/16/2026,29,Semira,,,,
1094,1/31/2026,EPSA-ICB-G-0042-2018-BID,4500009444,Brawn Laboratories Ltd,,Moplaco trading PLC,Vitamin B Complex preparations - iin 2ml Ampoule of 10x10  Injectin,PAC,"74,891",4.35,"325,775.85","325,775.85",USD,RDF,,2/2/2026,2/2/2026,2/25/2026,2/26/2026,Awash Bank,AA00046478,5/3/2027,289,23,,,,Yordanos,,,,"46,221",,Cleared to WH,,,
1095,2/2/2026,EPSA-ICB-G-0054-2018-BID,4500009421,Leben Laboratories,India,national Trading  PLC,Salbutamol(albuterol)2 mg tablet of 10x10,PAC,"60,777",0.18,"10,939.86","10,939.86",USD,RDF,Sea,2/2/2026,2/3/2026,2/20/2026,2/23/2026,Bunna international bank,30753,2/12/2027,209,17,,,,Gebresillassei,,,,"46,221",,,,,
1096,2/2/2026,EPSA-ICB-G-0054-2018-BID,4500009370,Rise Global GMBH,Germany,Ema construction and Trading PLC,Amiodarone 50mg/ml intravenious injection of 5,PAC,"1,458",5.69,"8,296.02","8,296.02",USD,RDF,Air,2/2/2026,2/3/2026,2/6/2026,2/9/2026,Berhan Bank,BrB/ATB/102/26,1/30/2027,196,3,,,,Selamawit,Opened,2/18/2026,5/18/2026,150,,,,,
1097,2/2/2026,EPSA-ICB-G-0054-2018-BID,4500009441,Scott Edil Pharmacia Ltd,India,Kare pharmaceutical PLC,Clobetasone 0.05% topical cream of 20 gm,TU,"21,567",0.13,"2,803.71","10,873.83",USD,RDF,Sea,2/2/2026,2/3/2026,2/17/2026,3/3/2026,Awash Bank,AA00046467,2/10/2027,207,14,,,,Mahider,Opened,3/12/2026,6/7/2026,128,Samuel ,,,,
,,,,,,,Gabapentine 150 mg tablet of 10x3,PAC,"27,828",0.29,"8,070.12",,,,,,,,,,,,,,,,,,,,,,,,,,
1099,2/2/2026,EPSA-ICB-G-0042-2018-BID,4500009560,Medopharm private Limited,India,Zaf Pharmaceuticals  PLC, Amoxacilline 250 mg capsule of 100x10,BX,"64,917",11.94,"775,108.98","999,985.91",USD,RDF,Sea,2/3/2026,2/6/2026,2/23/2026,2/26/2026,Bunna Bank,2026.PB.0023,2/20/2027,217,17,,,,Dejene,Opened,6/19/2026,9/16/2026,29,Semira,,,,
,,,,,,, Cloxacilline 125 mg/5 ml oral suspension of 100 ml,BT,"494,235",0.455,"224,876.93",,,,,,,,,,,,,,,,,,,,,,,,,,
1101,2/3/2026,EPSA-ICB-G-0012-2017-BID,4500009469,Ciron Drugs And Pharmaceuticals Pvt LTD,India,Getmaze General Business PLC, Adrenaline (epinepherine) 0.1% in 1 ml ampoule injection of 10,PAC,"36,045",0.69,"24,871.05","24,871.05",USD,RDF,Air,2/3/2026,2/4/2026,2/27/2026,2/27/2026,Awash Bank,AA 00046480,9/8/2027,417,23,,,,Gebresillassei,Opened,3/10/2026,6/7/2026,130,Bilisuma,,,,
1102,2/3/2026,EPSA-ICB-G-0007-2018-BID,4500009467,Rise Global GMBH,Germany,Ema construction and Trading PLC, Catether folly silconized latex three way 5-15 ml ballon 14 CH,EA,"36,909",0.33,"12,179.97","36,216.09",USD,RDF,Sea,2/3/2026,2/4/2026,2/13/2026,,Birhan Bank,BrB/ATB/125/26,2/4/2027,201,9,,,,Selamawit,Opened,2/18/2026,5/18/2026,150,Yoseph,,,,
,,,,,,, Syrange (disposable) 50 ml with needle 21 G of 25 pices,PAC,"8,730",2.62,"22,872.60",,,,,,,,,,,,,,,,,,,,,,,,,,
,,,,,,, Rectal rubber with terminal size 28 CH,EA,"7,272",0.16,"1,163.52",,,,,,,,,,,,,,,,,,,,,,,,,,
1105,2/5/2026,EPSA-NCB-G-0019-2018-BID,4500009348,Humanwell Pharmaceutical Ethiopia PLC,Ethiopia,Humanwell Pharmaceutical Ethiopia PLC, Hyosine (scopolamine)butylebromide 20 mg/mlin 1 ml ampoule injection of 10,PAC,"122,400",250,"30,600,000.00","231,746,900.00",ETB,RDF,Truck,2/5/2026,,2/3/2026,2/6/2026,Bunna Insurance S.C,G/ARK/1307/001371/2026,2/3/2027,200,ENTER DATE,,,,,,,,"46,221",Eyob,,,,
,,,,,,, Gentamicine 40 mg/ml in 2 ml ampoule IV &IM Injection of 10x10,PAC,"138,722",1450,"201,146,900.00",,,,,,,,,,,,,,,,,,,,,,,,,,
1106,2/3/2026,ICB/EPSS6/SDG &RDF/MD/19/24,4500009012,Rey International FZC,Utd Arab Emir,Delta Instrument Technology PLC,Ect machine,EA,3,72066.67,"216,200.01","216,200.01",USD,SDG-ME,Sea,2/4/2026,2/6/2026,9/24/2025,9/29/2025,Goh Betoch Bank,GBB/BB/PBG/023/2025,9/19/2026,63,-135,,,,Gebresillassei,On Process,3/10/2026,6/7/2026,130,Abush,,,Budget from 4500004545,
1107,2/4/2026,ICB/EPSS6/SDG &RDF/MD/19/24,4500007544,Rise Global GMBH,Germany,Ema construction and Trading PLC, Set laparatomy adult,SET,56,580.01,"32,480.56","117,497.44",USD,RDF,Air,2/19/2026,2/19/2026,2/23/2026,2/24/2026,Berhan Bank S.C,BrB/ATB/143/26,2/15/2027,212,4,,,,,,,,"46,221",,,,,
,,,,,,, Set I nstrument surgery minor,SET,246,287.03,"70,609.38",,,,,,,,,,,,,,,,,,,,,,,,,,
,,,,,,,  Set laparatomy  Infant,SET,50,288.15,"14,407.50",,,,,,,,,,,,,,,,,,,,,,,,,,
1110,2/5/2026,EPSA-ICB-G-0012-2018-BID,4500009278,Scott Edil Pharmacia LTD,India,Kare Pharma PLC, Betamethasone +dexchlorpheniramine maleate (0.25 mg+2mg) tablet of 10x10,PAC,"48,483",1.36,"65,936.88","65,936.88",USD,RDF,Air,2/6/2026,2/6/2026,2/17/2026,,Awash Bank,AA00045468,2/10/2027,207,11,,,,Mahider,Opened,4/9/2026,7/9/2026,100,Bilisuma,,,,
1111,2/5/2026,EPSA-ICB-G-0012-2017-BID,4500009468,Aculife Healthcare PVT.LTD,India,ZE-EL Trading PLC, Adrenaline (epinepherine) 0.1% in 1 ml ampoule injection of 10,PAC,"54,067",0.69,"37,306.23","37,306.23",USD,RDF,Air,2/6/2026,2/6/2026,3/6/2026,3/6/2026,Abay Bank,101IIGE260630001,2/28/2027,225,28,,,,Dejene,Opened,3/19/2026,6/16/2026,121,Sena,,,,
1112,,,,Nutriset Sas Hameau Du  Bios Ricard ,,,,,,,0.00,0.00,,,,,,2/9/2026,2/10/2026,CBE,MD2602728983,12/23/2026,158,ENTER DATE,,,,,,,,"46,221",,,,,
1113,2/26/2026, EPSA-ICB-G008-2017-BID,4500008910,Tulip Diagnostic LTD,India,GM triangle Trading PLC,"Serology Anti-A,B,D Monoclonal Antibody of 1x10 ml",PAC,"24,654",3.45,"85,056.30","85,056.30",USD,SDG-MH-23,Air,3/10/2026,3/10/2026,2/6/2026,2/10/2026,Tsehay Insurance,TS/PG/002/26,2/4/2027,201,-32,,,,Dejene,Opened,3/21/2026,6/18/2026,119,Sisay,,,,
1114,2/20/2026,EPSA-ICB-G-0012-2017-BID,4500009203,Aurobindo Pharma LTD,India,",Mesroy International PLC",Amoxacillin+clavulanic asid(500mg+125mg)tablet film coated of 5x3,PAC,"365,614",0.92,"336,364.88","336,364.88",USD,MOF-MH,Sea,3/24/2026,,2/11/2026,2/13/2026,Bunna Bank,2026.PB.0011,2/3/2027,200,ENTER DATE,,,,Mahider,Opened,4/21/2026,7/19/2026,88,Samuel ,,,,
1115,2/12/2026,ICB/FRAMEWORK/EPSS6/RDF-R/PH/0623,4500007861,Novartis Pharma Service,Switherland, Novartis Pharma Service AG Ethiopia  rep.office,Cyclosporine A 50 mg capsule of 5x10,PAC,240,24,"5,760.00","5,760.00",USD,RDF,Air,2/12/2026,2/18/2026,2/23/2026,2/23/2026,CBE,MD2604825564,2/28/2027,225,5,,,,Yordanos,Opened,3/10/2026,6/7/2026,130,Sagni,,,LC extended,
1/20/1903,2/20/2026,EPSA-ICB-G-0012-2017-BID,4500009196,Neon Laboratories ,India,Micro pharma private limited,Propofole 10mg/ml in 20 ml ampoule injection(emulsion) of 5,PAC,"6,324",2.95,"18,655.80","33,489.60",EUR,MOF-MH,Air,3/23/2026,3/23/2026,2/11/2026,2/12/2026,Hibret Bank,HB/DIED/0085/26,1/21/2027,7/5/1900,11/20/1899,,,,Dejene,Opened,4/9/2026,7/9/2026,100,Sagni,,,,
,,,,,,,Fentanyl 50 mcg/ml in 2 ml injection of 5,PAC,"10,988",1.35,"14,833.80",,,,,,,,,,,,,,,,,,,,,,,,,,
1117,2/16/2026,EPSA-ICB-G-0012-2017-0BID,4500009326,Sansheng Pharmaceuticals PLC,Ethiopia,Sansheng Pharmaceuticals PLC,Sodium valporate 50 mg tablet of 10x10,PAC,"54,820",1500,"82,230,000.00","82,230,000.00",ETB,RDF,Truck,2/17/2026,,2/13/2026,2/16/2026,Nib Insurance Company (S.co),P/021/59/02/2026/02/00024,2/12/2027,209,ENTER DATE,,,,,,,,"46,221",Eyob,,,,
1118,2/13/2026,EPSA-ICB-G-0073-2017-0BID,4500004638,Sansheng Pharmaceuticals PLC,Ethiopia,Sansheng Pharmaceuticals PLC,Sodium chloride (normal saline) 0.009IV infusion with giving set of 100 ml,BAG,"17,100",101.78,"1,740,438.00","105,866,259.60",ETB,SDG-FH-23-001-011,Truck,4/6/2026,,2/13/2026,5/28/2025,Nib Insurance Company (S.co),P/021/59/02/2025/05/00010,5/24/2027,310,ENTER DATE,,,,,,,,"46,221",Eyob,,,,
,,,,,,,Dextrose in normal saline (5%+0.45%) Iv Infusion with Iv set of 500 ml,BAG,"57,000",130,"7,410,000.00",,,,,,,,,,,,,,,,,,,,,,,,,,
,,,,,,,Dextrose in Ringer lactate of 250 ml,BAG,"114,000",124.91,"14,239,740.00",,,,,,,,,,,,,,,,,,,,,,,,,,
,,,,,,,Hypertonic saline (NACL3%) Of 250 ml,BAG,"22,800",130,"2,964,000.00",,,,,,,,,,,,,,,,,,,,,,,,,,
,,,,,,,Dextrose in normal saline (10% in 0.3%)IV infusion with IV set of 250 ml,BAG,"304,380",123.17,"37,490,484.60",,,,,,,,,,,,,,,,,,,,,,,,,,
,,,,,,,Dextrose 5% in 0.9% narmal saline with 20 meq/l of KCL of 500 ml,BAG,"4,560",130,"592,800.00",,,,,,,,,,,,,,,,,,,,,,,,,,
,,,,,,,Dextrose 10% solutionIVinfusion with IV set of 250 ml,BAG,"336,300",123.19,"41,428,797.00",,,,,,,,,,,,,,,,,,,,,,,,,,
1125,2/16/2026,ICB/FW/EPSS6/MOH-GF/Malaria/PH/14/23,4500008276,Ajanta Pharma LTD,India,ZE-EL Trading PLC,Artemether +Lumefanthrine 20 mg+120 mg(6x2)tablet (dispersable) 0f 30,PAC,"12,533",11.1,"139,116.30","1,415,313.90",USD,MOF-MAL,Sea,4/2/2026,4/3/2026,4/27/2026,4/28/2026,Awash Bank,AA00049554,4/30/2027,286,24,,,,Mulugeta,Opened,6/20/2026,9/17/2026,28,Sagni,,,,
,,,,,,,Artemether +Lumefanthrine 20 mg+120 mg(6X4) tablet  0f 30,PAC,"80,772",15.8,"1,276,197.60",,,,,,,,,,,,,,,,,,,,,,,,,,
1128,2/16/2026,ICB/FW/EPSS6/MOH-GF/Malaria/PH/14/23,4500008277,Macleods Pharmaceutical LTD,India,Life care Pharmaceutical  Trading,Artemether +Lumefanthrine 20 mg+120 mg(6x2)tablet (dispersable) 0f 30,PAC,"8,355",11.1,"92,740.50","943,538.90",USD,MOF-MAL,Sea,4/2/2026,4/8/2026,4/24/2026,4/25/2026,Awash Bank,AA 00049572,4/30/2027,286,16,,,,Mulugeta,Opened,6/19/2026,9/16/2026,29,,,,,
,,,,,,,Artemether +Lumefanthrine 20 mg+120 mg(6X4) tablet  0f 30,PAC,"53,848",15.8,"850,798.40",,,,,,,,,,,,,,,,,,,,,,,,,,
1130,2/18/2026,EPSA-ICB-G-0012-2017-BID,4500009190,Ningbo Inopha Biotec Ltd,China,Sante care pharma PLC,Dexamethasone 4 mg /ml in 10 ml ampoule injection of 5,PAC,"527,433",0.188,"99,157.40","99,157.40",USD,MOF-MH-24,Sea,3/23/2026,3/24/2026,2/16/2026,2/16/2026,CBE,MD2604061504,1/15/2027,181,-36,,,,Mulugeta,Opened,4/21/2026,7/19/2026,88,Semira,,,,
1131,2/17/2026,EPSA-ICB-G-0061-2017-BID,4500004636,Woman Care Global Trading PLC,UK,Leyan Pharmaceutical Importer,Medroxy Progestrone Acetate 150 mg/ml in 1 ml vial injection(aques suspension,VI,"717,483",0.568,"407,530.34","407,530.34",USD,SDG-FH-23-001-011,Sea,2/18/2026,2/18/2026,4/2/2026,4/2/2026,CBE,MD2608206066,3/10/2027,235,43,,,,Dejene,Opened,4/29/2026,7/27/2026,80,,,,,
,,,,,,,Disposable syrange 3 parts 3 ml with 21 G Needle  of 1,EA,"717,483",0,0.00,,,,,,,,,,,,,,,,,,,,,,,,,,
1133,2/17/2026,EPSA-ICB-G-0061-2017-BID,4500004635,Woman Care Global Trading PLC,UK,Leyan Pharmaceutical Importer,Medroxy Progestrone Acetate 150 mg/ml in 1 ml vial injection(aques suspension,VI,"1,420,045",0.568,"806,585.56","806,585.56",USD,SDG-FH-23-001-011,Sea,2/18/2026,2/18/2026,4/2/2026,4/2/2026,CBE,MD2608206066,3/10/2027,235,43,,,,Dejene,Opened,4/29/2026,7/27/2026,80,Hirkisa,,,,
,,,,,,,Disposable syrange 3 parts 3 ml with 21 G Needle  of 1,EA,"1,420,045",0,0.00,,,,,,,,,,,,,,,,,,,,,,,,,,
1135,2/17/2026,EPSA-ICB-G-0061-2017-BID,4500004730,Woman Care Global Trading PLC,UK,Leyan Pharmaceutical Importer,Medroxy Progestrone Acetate 150 mg/ml in 1 ml vial injection(aques suspension,VI,"1,282,517",0.568,"728,469.66","728,469.66",USD,SDG-FH-23-001-011,Sea,2/18/2026,2/18/2026,4/2/2026,4/2/2026,CBE,MD2608206066,3/10/2027,235,43,,,,Dejene,Opened,4/30/2026,7/28/2026,79,Hirkisa,,,,
,,,,,,,Disposable syrange 3 parts 3 ml with 21 G Needle  of 1,EA,"1,282,517",0, ,,,,,,,,,,,,,,,,,,,,,,,,,,
1137,2/17/2026,ICB/PFSA6/RDF/FW/PLACMENT/LR/2018,4500005608,"Fenway Trading CO,LTD",Taiwan,GEZ Chemicals,Glucometer ds-w,EA,108,0,0.00,"17,474.62",USD,SDG-LAB-23-001-011,Air,Awaiting Budget,,,,,,,"-46,221",ENTER DATE,,,,,,,,"46,221",,,,,
,,,,,,,Glucos test strip fenway of 50 strips,PAC,"5,250",2.85,"14,962.50",,,,,,,,,,,,,,,,,,,,,,,,,,
,,,,,,,Fright cost ,AU,1,2512.12,"2,512.12",,,,,,,,,,,,,,,,,,,,,,,,,,
1140,2/17/2026,EPSA-ICB-G-0022-2018-BID,4500008826,Mylan Laboratoris LTD,India,ZE-EL Trading PLC,sofosbuvir(SOF)+Valpatasavir(VEL)(400MG+100MG) Tablet of 28,PAC,"3,610",60,"216,600.00","620,948.00",USD,MOF-OTH-23-001-011,Air,Budget Cancelled due to Passed budget time,,,,,,,"-46,221",ENTER DATE,,,,,,,,"46,221",,,,Budget Cancelled due to Passed budget time,
,,,,,,,sofosbuvir(SOF)+(Declatasavir)(DCV)(400MG+100MG) Tablet of 28,PAC,"14,441",28,"404,348.00",,,,,,,,,,,,,,,,,,,,,,,,,,
1142,2/17/2026,EPSA-ICB-G-0022-2018-BID,4500008841,Tenama International FZ-LLC,Utd.Arab Emir,Lifecare Pharmaeutical Trading,Ceftriaxione 250 mg powder for injection of 1 vial,VI,"542,139",0.155,"84,031.55","84,031.55",USD,GF-OTH-23-001-011,Sea,3/19/2026,3/20/2026,4/8/2026,4/8/2026,Awash Bank,AA00045920,4/5/2027,261,19,,,,Mahider,Opened,4/21/2026,7/19/2026,88,Samuel ,,,,
1143,2/17/2026,ICB/FW/EPSS6/SDG/ELISA/BLOODBAG/MS/LR/28/23,4500008486,Dialab Prodaction,Australia,Pharma Lab PLC,"Serology ELSA,HCV AB Test of 96 test",KIT,400,41.29,"16,516.00","26,276.00",EUR,SDG-BB-24-0001-011,Air,2/18/2026,2/18/2026,2/25/2026,2/26/2026,Abyssinia Bank,CC/SN/2562/26,2/19/2027,216,7,,,,Mulugeta,Opened,3/19/2026,6/16/2026,121,Kaleab,,,,
,,,,,,,Serology ELSA treponema pallidium(syphilis) test of 96 test,KIT,400,24.4,"9,760.00",,,,,,,,,,,,,,,,,,,,,,,,,,
1145,2/17/2026,ICB/FW/EPSS6/SDG/ELISA/BLOODBAG/MS/LR/28/23,4500008449,Dialab Prodaction,Australia,Pharma Lab PLC,"Serology ELSA,HCV AB Test of 96 test",KIT,400,41.29,"16,516.00","26,276.00",EUR,SDG-BB-24-0001-011,Air,2/18/2026,2/18/2026,2/25/2026,2/26/2026,Abyssinia Bank,CC/SN/2561/26,2/19/2027,216,7,,,,Mulugeta,Opened,3/21/2026,6/18/2026,119,Sisay,,,,
,,,,,,,Serology ELSA treponema pallidium(syphilis) test of 96 test,KIT,400,24.4,"9,760.00",,,,,,,,,,,,,,,,,,,,,,,,,,
1147,2/17/2026,EPSA-ICB-G-0109-2017-BID,4500009461,Syngenta crop  protection,Switherland,Abyssinia agro vet Import and distributer,Pirimiphos-methyle 300g/L of 833 ml capsule suspension(CS) of 12 bottle,PAC,"27,696",199.08,"5,513,719.68","5,513,719.68",USD,GF-MAL,Sea,2/26/2027,,1/28/2026,1/28/2027,CBE,MD2602372016,1/31/2027,197,ENTER DATE,,,,Yordanos,Opened,3/19/2026,6/16/2026,121,Sagni,,,LC extension requested because of the ESL could not organize the shipment prior to the shipping limit as indicated date in the above Letter of Credit (LC).   ,
1148,2/17/2026,ICB/FW/EPSS6/SDG/ELISA/BLOODBAG/MS/LR/28/23,4500008485,Beijing Wantai Biological Pharmacy Enterprise Ltd,Chaina,GEZ  Chemicals and Pharmaceuticals,"Serology ELSA ,HBsAg virus test of 96 test",KIT,"1,000",12,"12,000.00","91,000.00",USD,SDG-BB-24-0001-011,Air,2/18/2026,2/18/2026,3/3/2026,3/5/2026,Anbesa International Bank,LIB/AHG/PPG/23/26 AND 24/26,2/21/2027,218,13,,,,Mulugeta,Opened,3/24/2026,6/21/2026,116,Kaleab,,,,
,,,,,,,"Serology ELSA ,HIV 1&2 Ag and Ab test of 96 test",KIT,"1,000",37,"37,000.00",,,,,,,,,,,,,,,,,,,,,,,,,,
,,,,,,,"Serology ELSA, HCV Ab test of 96 test",KIT,600,44,"26,400.00",,,,,,,,,,,,,,,,,,,,,,,,,,
,,,,,,,Serology ELSA  Treponema Pallidium (syphlis) test of 96 test,KIT,600,26,"15,600.00",,,,,,,,,,,,,,,,,,,,,,,,,,
1152,2/17/2026,ICB/FW/EPSS6/SDG/ELISA/BLOODBAG/MS/LR/28/23,4500008448,Beijing Wantai Biological Pharmacy Enterprise Ltd,Chaina,GEZ  Chemicals and Pharmaceuticals,"Serology ELSA ,HBsAg virus test of 96 test",KIT,"1,000",12,"12,000.00","91,000.00",USD,SDG-BB-24-0001-011,Air,2/18/2026,2/18/2026,3/3/2026,3/5/2026,Anbesa International Bank,"LIB/AHG/PPG/21/26 AND 20/26


",2/21/2027,218,13,,,,Mulugeta,Opened,3/24/2026,6/21/2026,116,Kaleab,,,,
,,,,,,,"Serology ELSA ,HIV 1&2 Ag and Ab test of 96 test",KIT,"1,000",37,"37,000.00",,,,,,,,,,,,,,,,,,,,,,,,,,
,,,,,,,"Serology ELSA, HCV Ab test of 96 test",KIT,600,44,"26,400.00",,,,,,,,,,,,,,,,,,,,,,,,,,
,,,,,,,Serology ELSA  Treponema Pallidium (syphlis) test of 96 test,KIT,600,26,"15,600.00",,,,,,,,,,,,,,,,,,,,,,,,,,
1156,2/18/2026,EPSA-ICB-G-0104-2017-BID-Direct,4500008207,Cepheid HBD,USA,Delta Instrument technology,"XPERT MTB/RIF ULTRA,50-Test kit CE-IVD",KIT,"2,669",414.13,"1,105,312.97","1,139,769.76",USD,MOF-OTH,Air,2/18/2026,,3/12/2026,3/12/2026,CBE,MD2603824135,4/5/2027,261,ENTER DATE,,,,Dejene,Opened,4/1/2026,6/29/2026,108,Amanuel,Cleared to Warehouse,,,
,,,,,,,Freight cost,AU,1,"34,456.79","34,456.79",,,,,,,,,,,,,,,,,,,,,,,,,,
1158,2/18/2026,EPSA-ICB-G-0104-2017-BID-Direct,4500008208,Cepheid HBD,USA,Delta Instrument technology,"XPERT MTB/RIF ULTRA,50-Test kit CE-IVD",KIT,"2,669",414.13,"1,105,312.97","1,139,769.76",USD,MOF-OTH,Air,2/18/2026,,3/12/2026,3/12/2026,CBE,MD2603824135,4/5/2027,261,ENTER DATE,,,,Dejene,Opened,4/2/2026,6/30/2026,107,,,,,
,,,,,,,Freight cost,AU,1,"34,456.79","34,456.79",,,,,,,,,,,,,,,,,,,,,,,,,,
1160,2/18/2026,EPSA-ICB-G-0011-2017-BID (2nd Lot),4500008563,Macleods pharmaceuticals Ltd,India,Liife Care pharmaceuticals trading,RHZE( Rifampcin + Isoniazid + pyrazinamide + Ethambutol) + RH (Rifampicin + Isoniazide) - (150mg + 75mg + 400mg + 275mg) of 6x28 ta blets + (150mg + 75mg) of 12x28 tablets - Tablet ,KIT,"34,000",33.01,"1,122,340.00","1,122,340.00",USD,SDG -TB,Sea,3/24/2026,3/24/2026,4/8/2026,4/8/2026,Awash Bank,AA00045049,12/31/2026,166,15,,,,Yordanos,Opened,6/23/2026,9/20/2026,25,Semira,,,,
1161,2/18/2026,EPSA-NCB-G-0094-2018-BID-Direct,4500009855,Glocare Pharmamanufacturing PLC,Ethiopia,Glocare Pharmamanufacturing PLC,Salbutamol (Albuterol) - 4mg - Tablet of 10x10,PAC,"29,816",145,"4,323,320.00","4,323,320.00",ETB,RDF,Truck,2/18/2026,,2/18/2026,2/19/2026,Oromia Insurance S.C,P/11/1702/25-26/1/00044,2/18/2027,215,ENTER DATE,,,,,,,,"46,221",Eyob,,,,
1162,2/18/2026,EPSA-ICB-G-0011-2017-BID (2nd Lot),4500008562,Lupin,India,Caroga Phatma ET.PVT.LTD,RHZE( Rifampcin + Isoniazid + pyrazinamide + Ethambutol) + RH (Rifampicin + Isoniazide) - (150mg + 75mg + 400mg + 275mg) of 6x28 ta blets + (150mg + 75mg) of 12x28 tablets - Tablet ,KIT,"51,000",33.01,"1,683,510.00","1,683,510.00",USD,SDG -TB,Sea,3/23/2026,3/23/2026,4/27/2026,4/28/2026,Awash Bank,AA00046355,2/28/2027,225,35,,,,Dejene,Opened,6/23/2026,9/20/2026,25,Semira,,,,
1163,2/18/2026,EPSA-ICB-G-0032-2018-BID,4500008898,Rise Global GMBH,Germany,Ema construction &trading PLC,Isonizide(INH) 100 MG Dispersable tabletof 10x10,PAC,"9,069",3.37,"30,562.53","30,562.53",USD,GF-HIV,Air,3/19/2026,3/20/2026,3/25/2026,3/26/2026,Berhan Bank S.C,BrB/AtB/191/26,3/18/2027,243,5,,,,Mulugeta,Opened,4/8/2026,7/6/2026,101,Abdulkerim,,,"Please note that due, to the global shortage of the WHO-prequalified Active Pharmaceutical Ingredient (API) required for the manufacture of Isoniazid (INH) 100 mg Dispersible Tablets, procurement of the API was significantly delayed.",
1164,2/18/2026,EPSA-ICB-G-0023-2018-BID,4500008564,Gulline Pharmaceutical CO.LTD,China,Leyan Pharmaceutical Importer,Dihydroartimesinine/peperaqune(DHA-PPQ)20mg+160mgtablet dispersable of 6,PAC,"5,363",1.62,"8,688.06","8,688.06",USD,GF-MAL,Air,2/26/2026,,3/27/2026,3/30/2026,CBE,MD2607746020,3/1/2027,226,ENTER DATE,,,,Mulugeta,Opened,4/8/2026,7/6/2026,101,Sagni,,,,
1165,2/18/2026,EPSA-ICB-G-0032-2018-BID,4500009123,Macleods pharmaceuticals Ltd,India,Liife Care pharmaceuticals trading,Isonizide(INH) 300 MG tablet of 24X28,PAC,"1,529",12.36,"18,898.44","18,898.44",USD,GF-HIV,Air,3/19/2026,3/20/2026,3/27/2026,12/31/2026,Awsah Bank,AA 00046372,1/16/2027,182,7,,,,Yordanos,Opened,4/9/2026,7/7/2026,100,Sena,,,,
1166,2/18/2026,EPSA-ICB-G-0042-2018-BID,4500009488,Reyoung Pharmaceutical,China,Dat International Trading PLC,Diclofenac sodium 25 mg /ml ampoule injection of 10x10,PAC,"5,652",1.95,"11,021.40","11,021.40",USD,GF-MH,Sea,3/23/2026,3/23/2026,4/24/2026,4/24/2026,CBE,MD2610650400,3/27/2027,252,32,,,,Yordanos,Opened,6/24/2026,9/21/2026,24,Efa,,,,
1167,2/18/2026,EPSA-ICB-G-0054-2018-BID,4500009490,Medicamen Biothech Limited,India,Droga pharma PLC,Methoclopramide 10 mg tablet of 10x10,PAC,"43,107",0.26,"11,207.82","11,207.82",USD,MOF-MH,Sea,3/24/2026,3/24/2026,,,,,,"-46,221",116,,,,Mahider,,,,"46,221",,,,EFDA hold Tablet line,
1168,2/18/2026,EPSA-ICB-G-0012-2018-BID,4500009223,Sakar health care limited,India,Medtech Ethiopia PLC,Bupvacain hydrochloride 0.5%in 4 ml ampoule spinal injection of 5,PAC,"30,386",1.99,"60,468.14","60,468.14",USD,SDG-MH,Air,3/13/2026,3/13/2026,3/19/2026,3/23/2026,Hibret Bank,HB/167/PB/7761/26,3/15/2027,240,6,,,,Mulugeta,Opened,4/21/2026,7/19/2026,88,Abdulkerim,,,,
1169,2/18/2026,EPSA-ICB-G-0012-2017-BID,4500009193,The Say Pharma Drug Stor LLC,Utd.Arab. Emir,GEZ ,Isofluraine inhalation of 250 ml,BT,"6,561",17.65,"115,801.65","115,801.65",USD,MOF-MH,Sea,3/25/2026,3/26/2026,4/20/2026,4/21/2026,Lion International Bank S.C,LIB/AHG/PPG/32/26,4/11/2027,267,25,,,,Mulugeta,Opened,5/7/2026,8/4/2026,72,Samuel ,,,,
1170,2/18/2026,EPSA-ICB-G-0012-2017-BID,4500009205,Bhrat Serum and Vacciness LTD,India,Estro import and Export PLC,Anti Rho(D) Immunne globuline 300 mcg in 2 ml vial injection of 2 ml,VI,"50,000",20.75,"1,037,500.00","1,037,500.00",USD,MOF-MH,Air,,,,,,,,"-46,221",ENTER DATE,,,,,,,,"46,221",,,,,
1171,2/18/2026,EPSA-ICB-G-0012-2017-BID,4500009191,Killich Drugs,India,Estro import and Export PLC,Hydralizine 20mg/ml in 1 ml ampoule injection of 5,PAC,"21,191",0.19,"4,026.29","4,026.29",USD,MOF-MH,Air,3/25/2026,3/26/2026,4/20/2026,4/22/2026,Berhan Bank,BrB/MB/PG/11078/26,4/14/2027,270,25,,,,Selamawit,,,,"46,221",,,,Transfer from RDF,
1172,2/18/2026,EPSA-ICB-G-0042-2017-BID,4500009554,Ciron Drugs and Pharmaceuticals PVT LTD,India,Getmaze general buziness PLC,Atropine sulfate 1mg/ml in 1 ml ampoule injection of 10x10,PAC,"1,107",9,"9,963.00","9,963.00",USD,SDG-MH,Air,3/13/2026,3/13/2026,3/18/2026,3/19/2026,Dashen Bank,010GTEE202500046,3/11/2027,236,5,,,,Dejene,Opened,3/28/2026,6/26/2026,112,Abdulkerim,,,,
1173,2/18/2026,EPSA-ICB-G-0062-2017-BID,4500009222,Rise Global GMBH,Germany,Ema construction &trading PLC,Ivermectine 3 mg tabeltof 500,TIN,146,12.48,"1,822.08","1,822.08",USD,RTI-NTD-23,Air,,,,,,,,"-46,221",ENTER DATE,,,,,,,,"46,221",,,,,
1174,2/18/2026,EPSA-ICB-G-0042-2017-BID,4500009485,Cspc Zhongonu Pharmaceutical Co;LTD,China,Liife Care pharmaceuticals trading,Amoxacilline 500 mg capsule of 50x10,BX,"31,404",8.5,"266,934.00","266,934.00",USD,SDG-MH,Sea,,,,,,,,"-46,221",ENTER DATE,,,,,,,,"46,221",,,,,
1175,2/18/2026,EPSA-ICB-G-0061-2017-BID,4500007971,Brassica Pharma pvt.ltd,India,Leyet General trading PLC,Tetracycline 1% eye ointment of 4 g,EA,"404,530",0.109,"44,093.77","44,093.77",USD,MOH-CH,Sea,3/10/2026,3/10/2026,5/22/2026,5/26/2026,Awash Bank,AA00049600,4/15/2027,271,73,,,,Mulugeta,Opened,6/17/2026,9/13/2026,31,,,,,
1176,2/18/2026,EPSA-ICB-G-0061-2017-BID,4500007979,Milan Laboratorie PVT LTD,India,,Amoxacilline 125 mg tablet (Dispersable) of 10x10,PAC,"55,100",0.94,"51,794.00","51,794.00",USD,MOH-CH,Sea,3/10/2026,,1/21/2026,1/22/2026,CBE,MD2536325020,12/22/2026,157,ENTER DATE,,,,Mulugeta,Opened,3/21/2026,6/18/2026,119,Hirkisa,Awaiting Shipment,,,
1178,2/20/2026,EPSA-ICB-G-0061-2017-BID,4500008479,Rise Global GMBH,Germany,Ema construction &trading PLC,Tetracycline 1% eye ointment of 4 g,TU,"269,686",0.109,"29,395.77","29,395.77",USD,MOH-CH,Sea,3/10/2026,3/10/2026,3/16/2026,3/17/2026,Berhan Bank,BrB/ATB/180/26,3/6/2027,231,6,,,,Selamawit,Opened,3/27/2026,6/24/2026,113,,,,,
1179,2/20/2026,EPSA-ICB-G-0061-2017-BID,4500008694,Tenama International FZ LLC,Utd.Arab. Emir,Liife Care pharmaceuticals trading,Medroxy Progestrone Acetate 150 mg/ml in 1 ml vial injection(aques suspension,PAC,"5,415,017",0.568,"3,075,729.66","3,075,729.66",USD,MOF-HP,Sea,3/23/2026,3/23/2026,,,,,,"-46,221",117,,,,Mahider,,,,"46,221",,,,The supplier requested to submit the PG after delivering the 4500004625 at end of JULY,
,,,,,,,Disposable syrange 3 parts 3 ml with 21 G Needle  of 1,EA,"5,415,017",0,0.00,,,,,,,,,,,,,,,,,,,,,,,,,,
1181,2/20/2026,EPSA-ICB-G-0061-2017-BID,4500008484,Rise Global GMBH,Germany,Ema construction &trading PLC,Gentamicin 10 mg /ml in 2 ml injection of 50,PAC,"10,419",2.5,"26,047.50","26,047.50",USD,MOH-CH,Air,3/10/2026,3/10/2026,3/16/2026,3/17/2026,Berhan Bank,BrB/ATB/182/26,3/6/2027,231,6,,,,Mahider,Opened,3/26/2026,6/23/2026,114,Abdulkerim,,,LC expired due to shifting of shipment modality from Air to Sea that took long time to get vessel,
1183,2/20/2026,EPSA-ICB-G-0061-2017-BID,4500009186,Relier Pharma FZE,Utd Arab.Emir,Melkamsew Pharmaceutical Import,Misoprostol 25mcg tablet of 4,PAC,"36,165",0.486,"17,576.19","17,576.19",USD,MOF-MH,Sea,4/22/2026,4/23/2026,4/30/2026,5/6/2026,Wegagen Bank S.c,093BGCH261200002,4/25/2027,281,7,,,,Mulugeta,,,,"46,221",,,,Tripartite Issue,
1184,2/20/2026,EPSA-ICB-G-0061-2017-BID,4500009424,Sevanto PHarma,India,Leyan Pharmaceuticals,Gentamicin 10 mg /ml in 2 ml injection of 50,PAC,"41,675",2.5,"104,187.50","104,187.50",USD,MOH-CH,Sea,3/10/2026,3/10/2026,5/11/2026,5/12/2026,CBE,MD2612071139,3/24/2027,249,62,,,,Dejene,Opened,6/2/2026,8/30/2026,46,Semira,,,,
1185,2/20/2026,EPSA-ICB-G-0012-2017-BID,4500009201,Neon Laboratory LTD,India,Micro pharma private limited,Pethidine HCL 50 MG/ML Ampoule Injection  of 10,PAC,"91,568",1.8,"164,822.40","164,822.40",EUR,MOH-RMNCH,Air,3/16/2026,3/16/2026,4/14/2026,4/15/2026,Hibret Bank,TF/GUA/0005/26,3/16/2027,241,29,,,,Yordanos,Opened,6/17/2026,9/13/2026,31,Abdulkerim,,,,
1186,2/20/2026,EPSA-ICB-G-0061-2017-BID,4500008555,Tenama International FZ LLC,Utd Arab.Emir,Liife Care pharmaceuticals trading,Manual vacum aspirator(MVA) Kit,KIT,"10,270",15.6,"160,212.00","160,212.00",USD,SDG-MH,Sea,3/10/2026,3/10/2026,4/24/2026,4/25/2026,Awash Bank,AB/IFB?CRM&OB/1263/26,4/5/2027,261,45,,,,Mahider,,,,"46,221",,,,,
1187,2/20/2026,EPSA-ICB-G-0012-2017-BID,4500009195,Rise Global GMBH,Germany,Ema construction &trading PLC,Ketamin HCL 50MG/ML Injection of 10 Ml ,AMP,"79,050",0.44,"34,782.00","34,782.00",USD,MOF-MH,Sea,3/25/2026,3/26/2026,3/31/2026,4/1/2026,Berhan Bank,BrV/ATB/209/26,3/25/2027,250,5,,,,Selamawit,Opened,4/15/2026,7/13/2026,94,,,,,
1188,2/20/2026,EPSA-ICB-G-0012-2017-BID,4500009192,VHB MED SCiences   ,India,Drojga Pharma PLC,Dopamine HCL 40 mg/ml in 5 ml ampoule injection of 5,PAC,"1,463",1.9,"2,779.70","2,779.70",USD,MOF -MH,Air,3/25/2026,3/27/2026,4/6/2026,4/7/2026,Berhan Bank,BrB/AtB/221/26,3/30/2027,255,10,,,,Mahider,,,,"46,221",,On production,,,
1189,2/20/2026,EPSA-ICB-G-0012-2017-BID,4500009516,United Pharma (K)limited,Knya,Halicare Trading One member PLC,Morphine Sulphate 10mg/ml injection of 10,PAC,"18,347",4.25,"77,974.75","77,974.75",USD,MOH-RMNCH-CMPT-26,Air,3/16/2026,3/16/2026,4/14/2026,4/16/2026,Abay Bank,101IIGE261030003,3/8/2027,233,29,,,,Yordanos,Opened,6/17/2026,9/14/2026,31,Abdulkerim,,,,
1190,2/20/2026,EPSA-ICB-G-0042-2018-BID,4500009492,PIL Pharmaceutical LTD,India,Ema construction &trading PLC,Ceftriaxione 1g powder for injection  with 10 ml diluent,PAC,"803,677",0.185,"148,680.25","148,680.25",USD,SDG-MH-23,Sea,5/26/2026,5/30/2026,6/8/2026,6/10/2026,Berhan Bank,BrB/AtB/321/26,5/31/2027,317,9,,,,Dejene,Opened,7/1/2026,9/28/2026,17,Samuel ,,,,
1191,2/23/2026,EPSA-ICB-G-0032-2018-BID,4500009528,MHL Healthcare limited,India,Riyo Pharma,Condome (Male) of 144 pices,PAC,"220,833",4.1616,"919,018.61","919,018.61",USD,GF-HIV,Sea,4/21/2026,4/23/2026,,,,,,"-46,221",86,,,,Mulugeta,,,,"46,221",,,,,
1192,2/23/2026,EPSA-ICB-G-0032-2018-BID,4500009465,MHL Healthcare limited,India,Riyo Pharma,Condome (Male) of 144 pices,PAC,"220,833",4.1616,"919,018.61","919,018.61",USD,GF-HIV,Sea,4/21/2026,4/23/2026,6/23/2026,6/24/2026,CBE,MD2616782045,6/20/2027,337,61,,,,Mulugeta,Opened,7/9/2026,10/5/2026,9,Samuel ,,,,
1195,2/20/2026,EPSA-ICB-G-0032-2018-BID,4500008897,Care Pharma FZ LLC,Utd Arab.Emir,Liife Care pharmaceuticals trading,Amitriptyline 25 mg tablet of 100,PAC,"278,270",0.308,"85,707.16","85,707.16",USD,GF-HIV-GC7,Sea,3/19/2026,3/20/2026,4/8/2026,4/8/2026,Awash Bank,AA00045918,4/5/2027,261,19,,,,Mulugeta,Opened,4/21/2026,7/19/2026,88,Efa,,,,
1196,2/20/2026,EPSA-ICB-G-0024-2018-BID,4500008548,Remedica,Cyprus,Nebidom trading PLC,Primaqune phosphate 7.5mg base tablet of 100,PAC,"481,665",2.6,"1,252,329.00","1,276,412.25",USD,GF-MAL-GC7,Air,3/3/2026,3/10/2026,3/17/2026,3/18/2026,Dashen Bank,DB/PG/006/26,3/2/2027,249,7,Released,6/26/2026,Rahael Hailu,Mulugeta,Opened,3/25/2026,6/22/2026,115,,,,,
,,,,,,,Fright charge,AU,1,24083.25,"24,083.25",,,,,,,,,,,,,,,,,,,,,,,,,,
1198,2/20/2026,EPSA-ICB-G-0032-2018-BID,4500008929,PIL Pharmaceutical LTD,India,Droga pharma PLC,Fluconazole 200 mg tablet of 100,PAC,"13,593",1.85,"25,147.05","25,147.05",USD,GF-HIV,Air,3/19/2026,3/20/2026,3/31/2026,4/1/2026,Berhan Bank S.C,BrB/ATB/197/26,3/19/2027,244,11,,,,Mahider,Opened,4/21/2026,7/19/2026,88,Abdulkerim,,,,
1199,2/24/2026,EPSA-ICB-G-0061-2017-BID,4500009790,Tenama International FZ LLC,Utd Arab.Emir,Liife Care pharmaceuticals trading,Ergometrine maleate 0.25 mg/ml in 1ml ampoule injection of 10,PAC,483,1.43,690.69,690.69,USD,SDG-FH,Air,,,,,,,,"-46,221",ENTER DATE,,,,,,,,"46,221",,,,EFDA prohibited SPIP,
1200,2/24/2026,EPSA-ICB-G-0022-2018-BID,4500009110,Guilin Pharmaceutical co;LTD,China,Leyan Pharmaceutical Importer,Dihydroartimesinine/peperaqune(DHA-PPQ) 40mg+320mg tablet of 9,PAC,"471,453",1.45,"683,606.85","683,606.85",USD,GF-MAL,Sea,2/25/2026,2/25/2026,3/27/2026,3/30/2026,CBE,MD2607848739,3/1/2027,226,30,,,,Mulugeta,Opened,4/8/2026,7/6/2026,101,Sagni,,,,
1201,2/24/2026,EPSA-ICB-G-0007-2018-BID,4500009339,Avian International,India,Sahm Importer and Exporter PLC,Catheter Ureteral 22CH,EA,"5,562",0.06,333.72,"1,251.18",USD,RDF,Sea,2/25/2026,2/25/2026,3/6/2026,3/11/2026,CBE,11513590,9/2/2026,46,9,,,,Dejene,CAD Reserved,3/28/2026,6/25/2026,112,Kaleab,,,,
,,,,,,,Catheter Ureteral 18CH,EA,"15,291",0.06,917.46,,,,,,,,,,,,,,,,,,,,,,,,,,
1203,2/24/2026,EPSA-ICB-G-0007-2018-BID,4500009459,Avian International,India,Sahm Importer and Exporter PLC,Endotrachial tube sterile cuffed 4.5 CH,EA,"3,822",0.28,"1,070.16","1,070.16",USD,RDF,Sea,2/25/2026,2/25/2026,3/6/2026,3/11/2026,CBE,11513590,9/2/2026,46,9,,,,Dejene,,,,"46,221",,,,,
1204,2/26/2026,EPSA-ICB-G-0028-2018-BID,4500009898,Vitrex Medical Group,Germany,Leyan Pharmaceutical Importer,"EDTA 75mm length, 1.1-1.2mm ID, 1.5-16mm OD, 50mcl of 100",PAC,"126,876",3.3,"418,690.80","418,690.80",EUR,GF-HIV,Sea,4/21/2026,4/23/2026,6/2/2026,6/2/2026,CBE,MD2613328901,5/13/2027,299,40,,,,Selamawit,Opened,6/26/2026,9/23/2026,22,Amanuel,,,,
1205,2/26/2026,EPSA-ICB-G-0028-2018-BID,4500009897,Vitrex Medical Group,Germany,Leyan Pharmaceutical Importer,"EDTA 75mm length, 1.1-1.2mm ID, 1.5-16mm OD, 50mcl of 100",PAC,"126,877",3.3,"418,694.10","418,694.10",EUR,GF-HIV,Sea,4/21/2026,4/23/2026,6/2/2026,6/2/2026,CBE,MD2613328901,5/13/2027,299,40,,,,Selamawit,Opened,6/22/2026,9/19/2026,26,Amanuel,,,,
1206,2/26/2026,EPSA-ICB-G-0014-2017-BID,4500008919,Healthium Medtech Limited,India,Medilab Medical Equpment Supplies Import,Polyglycolic Acid absorbable braded violet Guage2.0(3.0)75cm on 26 mm1/2 ciricle rounded bodide needle of 12 pices,DZ,"17,007",3.14,"53,401.98","110,670.40",USD,MOF-MH,Air,4/2/2026,,3/11/2026,3/12/2026,Awash Bank,AA 00046353,2/17/2027,214,ENTER DATE,,,,Selamawit,Opened,4/21/2026,7/19/2026,88,Sisay,,,,
,,,,,,,Polyglycolic Acid absorbable braded violet Guage3.0(2.0)75cm on 27 mm1/2 ciricle Cutting bodide needle of 12 pices,DZ,"17,567",3.26,"57,268.42",,,,,,,,,,,,,,,,,,,,,,,,,,
1208,2/26/2026,EPSA-ICB-G008-2017-BID,4500008909,"Hngzhou Alltest Biotech Co,LTD",China,Liife Care pharmaceuticals trading,"Serology Anti-A,B,D Monoclonal Antibody of 1x10 ml",PAC,"36,981",3.45,"127,584.45","127,584.45",USD,SDG-MH-24,Air,3/10/2026,3/10/2026,4/14/2026,4/15/2026,Awash Bank,AA00045923,4/8/2027,264,35,,,,Yordanos,Opened,6/12/2026,9/9/2026,36,,,,,
1210,2/26/2026,EPSA-ICB-G-0014-2017-BID,4500008915,Guilin HBM Health Protections Inc,China,Liife Care pharmaceuticals PLC,Glove surgical latex powder free No 7.5 of 50 pairs,PAC,"283,345",5.43,"1,538,563.35","1,538,563.35",USD,MOF-MH-24,Sea,4/2/2026,4/4/2026,,,,"The Supplier reported that Because raw material price inflation is entirely beyond their control, they have formally invoked the Force Majeure clause stipulated inthe contract.",,"-46,221",105,,,,Dejene,,,,"46,221",,,,"Transfer from RDF (Dr. Abdu, 11/6/2026)",
1211,2/26/2026,EPSA-ICB-G-0014-2017-BID,4500008914,Guilin HBM Health Protections Inc,China,Liife Care pharmaceuticals PLC,Glove surgical latex powder free No 7.5 of 50 pairs,PAC,"5,000",5.43,"27,150.00","27,150.00",USD,MOH-NCD-TREASU -RE-26,Sea,5/4/2026,5/4/2026,,,,,,"-46,221",75,,,,Mahider,,,,"46,221",,,,,
1212,2/27/2026,EPSA-ICB-G-0014-2017-BID,4500008908,Care Pharma FZ LLC,Utd.Arab Emir,Liife Care pharmaceuticals PLC,Spinal needle 8cm-24G,EA,"71,146",0.179,"12,735.13","12,735.13",USD,MOF-MH-24,Air,4/2/2026,4/3/2026,4/14/2026,4/15/2026,Awash Bank,AA00045921,4/8/2027,264,11,,,,Mahider,Opened,6/25/2026,9/22/2026,23,Yoseph,,,,
1213,2/27/2026,EPSA-ICB-G-0014-2017-BID,4500008922,Care Pharma FZ LLC,Utd.Arab Emir,Liife Care pharmaceuticals PLC,Urine collecting bag PVC Latex product 1000ml,EA,"184,279",0.099,"18,243.62","18,243.62",USD,MOF-MH-23,Sea,3/10/2026,3/10/2026,4/24/2026,4/25/2026,Awash Bank,AB/IFB/CRM&OP/1327/26,4/23/2027,279,45,,,,Mahider,Opened,5/28/2026,8/25/2026,51,Amanuel,,,,
4/28/1903,2/27/2026,EPSA-ICB-G-008-2017-BID,4500008906,Care Pharma FZ LLC,Utd.Arab Emir,Liife Care pharmaceuticals PLC,Vacutainer BLOOD collecting with  EDTA Anticoangulant purple top 4 ml plastic of 100s,PAC,"3,900",2.52,"9,828.00","23,127.00",USD,MOF-OTH 23,Air,3/25/2026,3/27/2026,4/14/2026,4/15/2026,Awash Bank,AA00045922,4/8/2027,264,18,,,,Mahider,Opened,6/24/2026,9/21/2026,24,Kaleab,,,,
,,,,,,,Laboratories Supplies vacutainer serum separator (SS) yellew top 5ml of 100s,PAC,"3,900",3.41,"13,299.00",,,,,,,,,,,,,,,,,,,,,,,,,,
4/30/1903,2/27/2026,EPSA-ICB-G-0014-2017-BID,4500008917,Gst Corporation LTD,India,ZAF Pharmaceuticals PVT LTD,Endotrachial tube sterile cuffed 6.5 CH,EA,"2,635",0.29,753.61,"2.260,83",USD,SDG-MH-23,Air,3/10/2026,3/10/2026,6/10/2026,6/12/2026,Awash Bank,AA00047407,6/8/2027,325,92,,,,Dejene,Opened,6/24/2026,9/21/2026,24,Sisay,,,,
,,,,,,,Endotrachial tube sterile cuffed 7 CH,EA,"5,270",0.29,"150,722.00",,,,,,,,,,,,,,,,,,,,,,,,,,
1218,2/27/2026,EPSA-ICB-G-0014-2017-BID,4500008913,Gst Corporation LTD,India,ZAF Pharmaceuticals PVT LTD,Spinal needle 8cm-24G,EA,"47,431",0.179,"8,490.15","8,490.15",USD,MOF-MH-24,Air,4/2/2026,4/3/2026,6/10/2026,6/11/2026,Awash Bank,AA00047406,6/8/2027,325,68,,,,Dejene,,,,"46,221",,,,,
1219,3/3/2026,EPSA-NCB-G-0012-2018-BID,4500009213,Sanshang Pharmaceutical PLC,Ethiopia,,Potasium  Chloride-150mg/ml in 10 ml ampoule injection of 5,PAC,"86,214",65,"5,603,910.00","5,603,910.00",ETB,MOF-MH-24,Truck,3/23/2026,,,,,,,"-46,221",ENTER DATE,,,,,,,,"46,221",Eyob,,,,
1224,3/4/2026,EPSA-NCB-G-0083-2018-BID,4500009906,Serum Institute of india PVT LTD,India,ZE-EL Trading PLC,Poliomyleties vaccine(oral) bivalent type 1 and 3 (2 ml-3 doses)vial(withVVM) With droppers,VI,"1,500",4.75,"7,125.00","7,125.00",USD,EPH-,Air,3/4/2026,3/4/2026,3/10/2026,3/11/2026,CBE,MD2605612113,3/31/2027,256,6,,,,Dejene,Opened,3/9/2026,6/6/2026,131,Abdulkerim,,,,
1225,3/4/2026,EPSA-NCB-G-0083-2018-BID,4500009903,Serum Institute of india PVT LTD,India,ZE-EL Trading PLC,"Meningococal (A,C,Y,W,X)Polysacharide conjugated vaccine (freez dride ) 5 doses vial (with VVM) With diluent men five",V,"6,000",43.94,"263,640.00","263,640.00",USD,EPH-EM-23,Air,3/4/2026,3/4/2026,2/26/2026,3/11/2026,CBE,MD2605613873,3/31/2027,256,-6,,,,Dejene,Opened,3/9/2026,6/6/2026,131,Abdulkerim,Awaiting Shipment,,,
1226,3/4/2026,EPSA-ICB-G-0014-2017-BID,4500008918,Shanghai yuansheng international trade ;co,China,Diasurge Medical PLC,Glove surgical latex powder free No 7.5 of 50 pairs,PAC,"192,230",5.43,"1,043,808.90","1,043,808.90",USD,MOF-MH-24,Sea,4/2/2026,5/29/2026,,,,,,"-46,221",50,,,,Gebresillassei,,,,"46,221",,,,Requested Price increament,
1227,3/4/2026,EPSA-NCB-G-0050-2018-BID,4500009853,Afrovision Pharmaceuticals,Ethiopia,Afrovision Pharmaceuticals,Chemichal acid alcool 3% solution of 1 L,BT,"4,374",441.75,"1,932,214.50","27,584,113.15",ETB,MOH-TB-TREASURE,Truck,4/3/2026,,3/3/2026,3/5/2026,Lucy Insurance,LUCY/LCM/PRB/034890/26,2/27/2027,224,ENTER DATE,,,,,,,,"46,221",Hirkisa,Awaiting Shipment,,,
,,,,,,,Carbolfuchsin 1%solution of 1L,BT,"10,934",741,"8,102,094.00",,,,,,,,,,,,,,,,,,,,,,,,,,
,,,,,,,Methyline blue 0.1% solution of 1 L,BT,"10,934",761,"8,320,774.00",,,,,,,,,,,,,,,,,,,,,,,,,,
,,,,,,,Auramino 1% Solution of 200 ML,BT,"3,645",308,"1,122,660.00",,,,,,,,,,,,,,,,,,,,,,,,,,
,,,,,,,Phenol 3% solution of 1 L,BT,"3,645",720,"2,624,400.00",,,,,,,,,,,,,,,,,,,,,,,,,,
,,,,,,,Acide alcohol 0.5% solution of 1L,BT,"3,645",739,"2,693,655.00",,,,,,,,,,,,,,,,,,,,,,,,,,
,,,,,,,Methyline blue 0.3% solution of 1 L,BT,"3,645",764.97,"2,788,315.65",,,,,,,,,,,,,,,,,,,,,,,,,,
1234,3/4/2026,EPSA-NCB-G-0050-2018-BID,4500009856,Yilmanachemichal Production,Ethiopia,Yilmanachemichal Production,Chemichal acid alcool 3% solution of 1 L,BT,"6,560",441.75,"2,897,880.00","2,897,880.00",ETB,MOH-TB-TREASURE,Truck,4/3/2026,,3/4/2026,3/6/2026,Siinque Bank,SB/WBr/146/2026,3/2/2027,227,ENTER DATE,,,,,,,,"46,221",Yordanos,,,,
1235,3/5/2026,EPSA-ICB-G-0014-2017-BID,4500008920,Tenama International FZ-LLC,Utd.Arab Emir,Halicare Trading One member PLC,Polyglycolic Acid absorbable braded violet Guage3.0(2.0)75cm on 27 mm1/2 ciricle Cutting bodide needle of 12 pices,DZ,"26,351",3.26,"85,904.26","85,904.26",USD,MOF-MH-24,Air,4/2/2026,4/4/2026,4/24/2026,4/25/2026,Awash Bank,AB/IFB/CRM&OP/1326/26,4/23/2027,279,20,,,,Yordanos,Opened,6/23/2026,9/20/2026,25,Sisay,,,,
1236,3/5/2026,EPSA-ICB-G-0014-2017-BID,4500008924,Tenama International FZ-LLC,Utd.Arab Emir,Halicare Trading One member PLC,Adihesive Plaster Zinc oxide 7.5 cmx10m,EA,"47,432",0.534,"25,328.69","25,328.69",USD,MOF-MH-24,Air,4/3/2026,4/4/2026,5/25/2026,5/26/2026,Awash Bank,AB/IFB/CRM&OP/1423/26,5/19/2027,305,51,,,,Mulugeta,,,,"46,221",,,,,
1237,3/5/2026,EPSA-ICB-G-0014-2017-BID,4500008912,Rise Global GMBH,Germany,Ema construction &trading PLC,Polyglycolic Acid absorbable braded violet Guage2.0(3.0)75cm on 27 mm1/2 ciricle Rounded bodide needle of 12 pices,DZ,"25,511",3.14,"80,104.54","80,104.54",USD,MOF-MH-24,Sea,4/2/2026,4/2/2026,4/15/2026,4/17/2026,Berhan Bank S.C,BrB/ATB/209/26,4/2/2027,258,13,,,,Gebresillassei,Opened,6/26/2026,9/23/2026,22,Sisay,,,,
1238,3/5/2026,EPSA-ICB-G-0014-2017-BID,4500008916,Rise Global GMBH,Germany,Ema construction &trading PLC,Endotracheal Tube Sterile Cuffed 6 CH,EA,"2,635",0.286,753.61,753.61,USD,MOF-MH-24,Air,3/10/2026,3/10/2026,3/16/2026,3/17/2026,Berhan Bank S.C,BrB/ATB/181/26,3/6/2027,231,6,,,,Selamawit,CAD Reserved,4/15/2026,,94,Kaleab,Awaiting Shipment,,,
1239,3/10/2026,EPSA-NCB-G-0021-2018-BID,4500010014,Sanshang Pharmaceuticals,Ethiopia,Sanshang Pharmaceuticals,ASA-81 mg tablet enteric coated of 10x10,PAC,"6,172",128,"790,016.00","790,016.00",ETB,SDG-MH,Truck,6/12/2026,,2/27/2026,,Nib Insurance,P/021/59/02/2026/02/00025,2/26/2027,223,ENTER DATE,,,,,,,,"46,221",Eyob,,,,
1240,3/10/2026,EPSA-NCB-G-0021-2018-BID,4500009221,Sanshang Pharmaceuticals,Ethiopia,Sanshang Pharmaceuticals,Nifidipine 20 mg tablet of 10x10,PAC,"28,076",107,"3,004,132.00","3,004,132.00",ETB,MOF-MH-24,Truck,,,,,,,,,,,,,,,,,,,,,,
1241,3/10/2026,EPSA-NCB-G-0026-2018-BID,4500009220,Sanshang Pharmaceuticals,Ethiopia,Sanshang Pharmaceuticals,Methoclopramide 5mg/ml in 2 ml ampoule injection of 10,PAC,"208,004",96,"19,968,384.00","19,968,384.00",ETB,MOF-MH-24,Truck,,,,,,,,,,,,,,,,,,,,,,
1242,3/10/2026,EPSA-NCB-G-0026-2018-BID,45000009511,Sanshang Pharmaceuticals,Ethiopia,Sanshang Pharmaceuticals,Paracetamol 500 mg tablet of 100x10,PAC,"2,193",1318,"2,890,374.00","2,890,374.00",ETB,MOH-RMNCH-CMPT,Truck,,,,,,,,,,,,,,,,,,,,,,
1244,3/10/2026,EPSA-NCB-G-0025-2018-BID,4500009208,Sanshang Pharmaceuticals,Ethiopia,Sanshang Pharmaceuticals,Azithromycine 500 mg tablet of 10x3,PAC,"25,692",595,"15,286,740.00","15,286,740.00",ETB,MOF-MH-24,Truck,,,,,,,,,,,,,,,,,,,,,,
1243,3/10/2026,EPSA-NCB-G-0041-2017-BID,4500010300,Kilitch Estro Biotech PLC,Ethiopia,Kilitch Estro Biotech PLC,Ceftriaxione 1g in   vial powder for injection  with 10 ml diluent,PAC,"1,500,000",38.5,"57,750,000.00","57,750,000.00",ETB,RDF,Truck,3/10/2026,,6/25/2026,6/27/2026,Ethiopia Insuraance Corporation,100002736710,6/25/2027,342,ENTER DATE,,,,,,,,"46,221",Eyob,,,,
1245,4/3/2026,EPSA-ICB-G-0085-2018-BD,4500010111,Targos Chemicals india privte limited,India,,Clothianidine 50% W/V 150G of 1 sachet,SAC,"1,002,088",5.98,"5,992,486.24","5,992,486.24",USD,MOF-MAL,Sea,4/3/2026,,3/10/2026,3/11/2026,Awash Bank,AA 00046356,3/30/2027,255,ENTER DATE,,,,Mahider,Opened,4/8/2026,7/6/2026,101,Sagni,,,,
1246,3/12/2026,EPSA-ICB-G-0014-2017-BID,4500008923,Jiangsu Kanghua Medical Equipment Co;LTD,China,GM Triangle trading PLC,Urine collecting bag PVC Latex product 1000ml,EA,"122,853",0.099,"12,162.45","12,162.45",USD,SDG-MH-23,Sea,3/13/2026,3/13/2026,6/3/2026,6/5/2026,Awash Bank,CPO-2440590,12/3/2026,138,82,,,,Mulugeta,Opened,6/18/2026,9/15/2026,30,Amanuel,,,,
1247,3/12/2026,EPSA-NCB-G-0081-2018-BD,4500010167,Z Care Pharmaceutical / Etsgenet Tekle Buta,Ethiopia,Z Care Pharmaceutical / Etsgenet Tekle Buta,Aerosole resistant pippet tips 1000mcl sterile of 10x96,PAC,111,3215,"356,865.00","356,865.00",ETB,GF-HIV,Truck,4/21/2026,,3/12/2026,3/17/2026,Zemen Insurance S.C,ZI/WH/PRB/00100/02/2026,2/27/2027,224,ENTER DATE,,,,,,,,"46,221",Yordanos,,,,
1248,3/12/2026,EPSA-NCB-G-0081-2018-BD,4500010142,Z Care Pharmaceutical / Etsgenet Tekle Buta,Ethiopia,Z Care Pharmaceutical / Etsgenet Tekle Buta,Aerosole resistant pippet tips 1000mcl sterile of 10x96,PAC,78,3215,"250,770.00","25,247,595.00",ETB,GF-HIV,Truck,3/23/2026, ,46093,,Zemen Insurance S.C,ZI/WH/PRB/00100/02/2026,2/27/2027,224,ENTER DATE,,,,,,,,"46,221",Yohannis,,,,
,,,,,,,Tourniquet latex free flat 750x18 mm 50cm 0f 25,PAC,"3,717","6,725","24,996,825",,,,,,,,,,,,,,,,,,,,,,,,,,
1249,3/12/2026,ICB/PFSA6/RDF-R/NC/MI/04/18,4500002966,Tuttnauer LTD,Israel,Etmedix General Bussiness,Steralizer steam 27 L,EA,50,5015,"250,750.00","250,750.00",USD,STBF-ME-24,Sea,4/23/2026,4/24/2026,5/14/2026,5/14/2026,CBE,MD2612631383,5/13/2027,299,20,,,,Mulugeta,Opened,6/15/2026,9/12/2026,33,Yoseph,,,,
1250,3/12/2026,EPSA-ICB-G-0028-2018-BD,4500009291,Shiv dial sud and sons,India,Kahle International PLC,Graduated sputum cup sterile plastic with screw cup 50 ml 0f 100,PAC,"36,447",4.9,"178,590.30","178,590.30",USD,GF-TB-GC7,Sea,3/13/2026,3/13/2026,5/14/2026,5/14/2026,Awash Bank,AA00046400,3/10/2027,235,62,,,,Gebresillassei,Opened,4/24/2026,7/22/2026,85,Semira,,,,
1251,3/12/2026,EPSA-ICB-G-0041-2018-BD,4500008769,Nutriset,France,,Theraputic milk F-75 75kca/100ml 400 g 0f 24canister,BX,"12,233",80,"978,640.00","1,554,820.00",EUR,MOF-NUT,Sea,3/24/2026,,2/9/2026,2/10/2026,CBE,MD2602728983,12/23/2026,158,ENTER DATE,,,,Selamawit,Opened,4/8/2026,7/6/2026,101,,,,,
,,,,,,,Theraputic milk F-100 100kca/100ml 400 g 0f 24canister,BX,"6,402",90,"576,180.00",,,,,,,,,,,,,,,,,,,,,,,,,,
1253,3/13/2026,EPSA-ICB-G-0028-2018-BD,4500008995,Shiv dial sud and sons,India,Kehale International PLC,Pasteur transfer pipet 60 mcl graduated plastic non sterile of 50,PAC,"2,310",1.45,"3,349.50","5,736.52",USD,GF-HIV-GC7,Air,3/19/2026,3/20/2026,5/14/2026,5/14/2026,Awash Bank,AA00046400,3/10/2027,235,55,,,,Gebresillassei,Opened,6/15/2026,9/12/2026,33,Amanuel,,,,
,,,,,,,Pasteur transfer pipet 40 mcl graduated plastic non sterile of 50,PAC,"1,681",1.42,"2,387.02",,,,,,,,,,,,,,,,,,,,,,,,,,
1255,3/13/2026,EPSA-ICB-G-0028-2018-BD,4500008946,Shiv dial sud and sons,India,Kehale International PL,Chemical methylen blue powder of 100gm,TN,"1,205",8.4,"10,122.00","10,122.00",USD,GF-HIV-GC7,Air,3/13/2026,3/13/2026,5/14/2026,5/14/2026,Awash Bank,AA00046400,3/10/2027,235,62,,,,Gebresillassei,Opened,6/17/2026,9/13/2026,31,Sisay,,,,
1256,3/13/2026,EPSA-ICB-G-0028-2018-BD,4500008996,Shiv dial sud and sons,India,Kehale International PL,Chemical citiric acid 50% of 10 L,JAR,650,13.4,"8,710.00","8,710.00",USD,RDF,Sea,3/13/2026,3/13/2026,5/14/2026,5/14/2026,Awash Bank,AA00046400,3/10/2027,235,62,,,,Gebresillassei,Opened,4/28/2026,7/26/2026,81,Amanuel,,,,
1257,3/13/2026,EPSA-ICB-G-0075-2017-BID,4500004709,Care Pharma FZ LLC,"Utd,Arab Emir",Life care Pharmaceutical trading,Plasma preparation tube (PPT) 50 Pcs,PAC,450,9.99,"4,495.50","5,815.28",USD,MOF-OTH,Air,4/2/2026,4/3/2026,5/25/2026,5/26/2026,AWASH BANK,AB/IFB/CRM&OP/1476/26,5/19/2027,305,52,,,,Gebresillassei,Opened,6/20/2026,9/17/2026,28,Kaleab,,,,
,,,,,,,Aerosol barier tips 1000mcl sterile of 1000,PAC,22,59.99,"1,319.78",,,,,,,,,,,,,,,,,,,,,,,,,,
1259,3/13/2026,EPSA-ICB-G-0075-2017-BID,4500004703,Care Pharma FZ LLC,"Utd,Arab Emir",Life care Pharmaceutical trading,Plasma preparation tube (PPT) 50 Pcs,PAC,248,9.99,"2,477.52","4,757.14",USD,SDG-HEP-23,Air,3/16/2026,3/16/2026,5/25/2026,5/26/2026,AWASH BANK,AB/IFB/CRM&OP/1475/26,5/19/2027,305,70,,,,Mahider,,,,7/18/2026,,,,,
,,,,,,,Aerosol barier tips 1000mcl sterile of 1000,PAC,38,59.99,"2,279.62",,,,,,,,,,,,,,,,,,,,,,,,,,
1261,3/13/2026,EPSA-ICB-G-0075-2017-BID,4500004701,Care Pharma FZ LLC,"Utd,Arab Emir",Life care Pharmaceutical trading,Plasma preparation tube (PPT) 50 Pcs,PAC,"2,817",9.99,"28,141.83","36,660.41",USD,GF-HIV-GC7,Air,3/16/2026,3/16/2026,5/25/2026,5/25/2026,awash Bank,AB/IFB/CRM&OP/1474/26,5/19/2027,305,70,,,,Mahider,Opened,6/26/2026,9/23/2026,22,Kaleab,,,Pack of 100,
,,,,,,,Aerosol barier tips 1000mcl sterile of 1000,PAC,142,59.99,"8,518.58",,,,,,,,,,,,,,,,,,,,,,,,,,
1263,3/13/2026,ICB/FRAMEWORK/EPSS6/RDF-R/PH/06/23,4500010158,Venus Remedius LTD,India,Woyn chemicals general business PLC,Dacarbazine 500 mg in vial powder for injection,VI,"3,726",6.08,"22,654.08","22,654.08",USD,RDF,Air,3/16/2026,3/16/2026,3/23/2026,3/23/2026,Berhan Bank,BRIB/MKA/1073/26,3/20/2027,245,7,,,,Yordanos,Opened,5/26/2026,8/23/2026,53,,awaiting shipment,,,
1264,3/25/2026,EPSA-NCB-G-0021-2018-BD,4500010308,Sanshang Pharmaceutical PLC,Ethiopia,Sanshang Pharmaceutical PLC,Fluconazole 200 mg tablet of 10x10,PAC,"15,984",500,"7,992,000.00","7,992,000.00",ETB,RDF,Truck,3/25/2026,,3/13/2026,3/17/2026,Nib Insurance company(S.CO),P/021/59/02/2026/03/00026,3/12/2027,353,ENTER DATE,Released,3/24/2026,Tariku ,,,,,"46,221",Eyob,,,,
1265,3/18/2026,EPSA-NCB-G-0021-2018-BD,4500009513,Humanwell Pharmaceutical Ethiopia PLC,Ethiopia,Humanwell Pharmaceutical Ethiopia PLC,Water for injection 10 ml injection of 100 vial,PAC,"20,553",800,"16,442,400.00","16,442,400.00",ETB,SDG-MH-23,Truck,,,3/13/2026,3/17/2026,Buna Insurance S.c,G/ARK/1307/001504/2026,3/4/2027,229,ENTER DATE,,,,,,,,"46,221",,,,,
1266,3/18/2026,EPSA-NCB-G-0021-2018-BD,4500009515,Humanwell Pharmaceutical Ethiopia PLC,Ethiopia,Humanwell Pharmaceutical Ethiopia PLC,Water for injection 10 ml injection of 100 vial,PAC,"65,615",800,"52,492,000.00","52,492,000.00",ETB,MOH-CH-23,Truck,,,3/13/2026,3/17/2026,Buna Insurance S.c,G/ARK/1307/001505/2026,3/4/2027,229,ENTER DATE,,,,,,,,"46,221",,,,,
1267,3/18/2026,EPSA-NCB-G-0026-2018-BD,4500009212,Humanwell Pharmaceutical Ethiopia PLC,Ethiopia,Humanwell Pharmaceutical Ethiopia PLC,Metronidazole 250 mg capsule of 100x10,PAC,"15,427",1625,"25,068,875.00","25,068,875.00",ETB,MOF-MH-24,Truck,3/23/2026,,3/13/2026,3/17/2026,Buna Insurance S.c,G/ARK/1307/001499/2026,3/4/2027,229,ENTER DATE,,,,,,,,"46,221",Eyob,,,,
1268,3/18/2026,EPSA-ICB-G-0022-2018-BD,4500008768,Humanwell Pharmaceutical Ethiopia PLC,Ethiopia,Humanwell Pharmaceutical Ethiopia PLC,Ciprofloxacine500 mg tablet of 10x10,PAC,"1,076",345,"371,220.00","4,772,760.00",ETB,GF-OTH-23,Truck,3/19/2026,,3/13/2026,3/17/2026,Buna Insurance S.c,G/ARK/1307/001500/2026,3/4/2027,229,ENTER DATE,,,,,,,,"46,221",Eyob,,,,
,,,,,,,Water for injection 10 ml injection of 100 vial,PAC,"5,643",780,"4,401,540.00",,,,,,,,,,,,,,,,,,,,,,,,,,
1269,3/16/2026,EPSA-ICB-G-0028-2018-BID,4500008888,Care Pharma FZ LLC,Utd Arab Emir,Life care Pharmaceutical trading,Bicarbonate Cartridge 650 gm,CRG,"14,448",2.18,"31,496.64","31,496.64",USD,RDF,Sea,3/17/2026,3/17/2026,4/24/2026,4/25/2026,Awash Bank,AB/IFB/CRM&OP/1329/26,4/22/2027,278,38,,,,Mahider,,,,"46,221",,,,,
1270,3/16/2026,EPSA-ICB-G-0028-2018-BID,4500008947,Care Pharma FZ LLC,Utd Arab Emir,Life care Pharmaceutical trading,Chemical microscope lence cleaning solution of 100 ml,BT,"16,401",1.02,"16,729.02","16,729.02",USD,GF-TB-GC7,Air,3/17/2026,3/17/2026,4/8/2026,4/8/2026,Awash Bank,AA00045917,4/5/2027,261,22,,,,Selamawit,,,,"46,221",,,,,
1271,3/16/2026,EPSA-NCB-G-0107-2018-BD,4500010151,Glocare Pharma Manufaturing PLC,Ethiopia,Glocare Pharma Manufaturing PLC,Diclofenac sodium 50 mg tablet of 10x10,PAC,"250,000",99,"24,750,000.00","24,750,000.00",ETB,RDF,Truck,3/16/2026,,3/9/2026,,Oromia insurance S.C,P/11/1702/25-26/1/00050,3/5/2027,230,ENTER DATE,,,,,,,,"46,221",Eyob,,,,
1272,3/16/2026,EPSA-ICB-G-0008-2017-BD,4500009173,Care Pharma FZ LLC,Utd Arab Emir,Life care Pharmaceutical trading,Chemical immersion oil refractive index of 1.515 of 100 ml,BT,"9,474",1.16,"10,989.84","10,989.84",USD,RDF,Air,3/17/2026,3/17/2026,4/8/2026,4/8/2026,Awash Bank,AA00045916,4/5/2027,261,22,,,,Mahider,Opened,5/28/2026,8/25/2026,51,Sisay,,,,
1273,3/16/2026,EPSA-ICB-G-0008-2017-BD,4500009170,Rise Global GMBH,Germany,Ema construction &trading PLC,Chemical immersion oil refractive index of 1.515 of 100 ml,BT,"6,316",1.16,"7,326.56","7,326.56",USD,RDF,Air,3/17/2026,6/3/2026,6/8/2026,6/10/2026,Berhan Bank,BrB/AtB/326/26,5/31/2027,317,5,,,,Selamawit,Opened,6/19/2026,9/16/2026,29,Sisay,,,,
6/27/1903,3/16/2026,EPSA-ICB-G-0006-2018-BID,4500009031,Care Pharma FZ LLC,Utd Arab Emir,Life care Pharmaceutical trading,Chemical barium chloride powder of 500 gm,PAC,336,2.7,907.20,"27,284.40",USD,RDF,Air,3/17/2026,3/17/2026,4/24/2026,4/25/2026,Awash Bank,AB/IFB/CRM&OP/1328/26,4/23/2027,279,38,,,,Mahider,Opened,6/18/2026,9/15/2026,1/29/1900,Kaleab,,,Paraffin wax should be Pallet form not powder(Supplier),
,,,,,,,Chemical paraffine wax 58-60^c powder of 500 gm,PAC,"10,344",2.55,"26,377.20",,,,,,,,,,,,,,,,,,,,,,,,,,
1276,3/16/2026,EPSA-ICB-G-0012-2017-BD,4500010299,Orient Int .Holding Shanghai Rongheng,China,Zaf Pharmaceutical PLC,Salbutamol(Albuterol) 0.1mg/dose aerosole(oral inhaletion)of 200methered dose ,BT,"201,319",0.78,"157,028.82","157,028.82",USD,RDF,Sea,4/21/2026,4/22/2026,5/21/2026,,Awash Bank,AA00049593,5/5/2027,291,29,,,,Dejene,Opened,6/2/2026,8/30/2026,46,Semira,,,,
1277,3/16/2026,EPSA-ICB-G-0014-2017-BD,4500008961,Ecan medical Co LTD,China,Empire Bussiness PLC,Catheter folly siliconized latex two way  30-50 mlballon 16 CH,EA,"56,853",0.19,"10,802.07","10,802.07",USD,SDG-MH-23,Sea,3/17/2026,3/17/2026,3/30/2026,3/30/2026,Awash Bank,AA00046373,12/31/2026,166,13,,,,Selamawit,Opened,4/13/2026,7/11/2026,96,Yoseph,,,,
1278,3/17/2026,EPSA-ICB-G-0014-2017-BD,4500008921,Zhejiang Bangli medical products co;LTD,China,GM Triangle trading PLC,Adhesive plaster zink oxide 7.5cmx10m,EA,"31,621",0.534,"16,885.61","16,885.61",USD,MOH-RMNCH-CMPT,Air,4/3/2026,4/6/2026,6/3/2026,6/5/2026,Awash Bank,CPO-2440589,12/3/2026,138,58,,,,Mulugeta,,,,"46,221",,,,,
1280,3/17/2026,EPSA-ICB-G-0056-2017-BD,4500010360,Remedica LTD,Cyprus,NEBIDOM TRADING PLC,Tranixamic acid 500mg tablet of 10x10,PAC,515,21.65,"11,149.75","11,149.75",USD,RDF,Air,3/18/2026,4/22/2026,5/15/2026,5/19/2026,Dashen Bank,DB/PG/009/26,4/22/2027,278,23,,,,Mulugeta,Opened,6/13/2026,9/10/2026,35,Bilisuma,,,,
1281,3/17/2026,ICB/FRAMEWORK/EPSS6/RDF-R/PH/06/23,4500010367,Tenama International FZ LLC,Utd Arab Emir,ZB Pharmaceutical PLC,Capicitabine 500 mg tablet of 10x3,PAC,"11,696",6.3,"73,684.80","73,684.80",USD,RDF,Air,3/18/2026,4/22/2026,5/15/2026,8/15/2026,Awash Bank,AA00048507,5/13/2027,299,23,,,,Mahider,Opened,6/15/2026,9/12/2026,33,Bilisuma,,,,
1282,3/18/2026,EPSA-ICB-G-0008-2017-BD,4500006839,Care Pharma FZ LLC,Utd Arab Emir,Life care Pharmaceutical trading,Chemical immersion oil refractive index of 1.515 of 100 ml,BT,"5,999",1.16,"6,958.84","6,958.84",USD,GF-TB-GC7,Air,3/19/2026,3/20/2026,4/8/2026,4/8/2026,Awash Bank,AA00045919,4/5/2027,261,19,,,,Mahider,Opened,6/6/2026,9/4/2026,42,Kaleab,,,,
1283,3/18/2026,ICB/PSA6/COVID-19/MOH/MI/08/20,4500009960,Shenzhen Mindray Bio-medical  Electronics,China,ABH Partner,"Ventilator mechanical ,ICU",EA,60,6993,"419,580.00","419,580.00",USD,RDF,Sea,5/4/2026,5/6/2026,5/29/2026,6/3/2026,Dashen Bank,444GTEE202500605,5/13/2027,299,23,,,,Gebresillassei,Opened,6/18/2026,9/15/2026,30,Yoseph,,,,
1284,4/2/2026,EPSA-NCB-G-0069-2018-BD,4500010445,Sansheng pharmacetuca PLC,Ethiopia,Sansheng pharmacetuca PLC,Folic acid 5mg tablet of 10x10,PAC,"29,797",220,"6,555,340.00","6,555,340.00",ETB,MOF-NUT-23,Truck,4/27/2026,,3/18/2026,3/23/2026,Nib Insurance,P/121/59/12/2026/03/00027,3/17/2027,242,ENTER DATE,,,,,,,,"46,221",Eyob,,,,
1285,4/2/2026,EPSA-NCB-G-0069-2018-BD,4500010446,Sansheng pharmacetuca PLC,Ethiopia,Sansheng pharmacetuca PLC,Ondasetrone 4mg/ml in 2ml IV injection,EA,"344,859",35.5,"12,242,494.50","12,242,494.50",ETB,MOH-RNMCH-CMPT,Truck,,,3/18/2026,3/23/2026,bank,P/121/59/12/2026/03/00027,3/17/2027,242,ENTER DATE,,,,,,,,"46,221",,,,,
1286,3/19/2026,EPSA-ICB-G-0012-2017-BD,4500010324,M.J Bio Pharma PVT.LTD,India,Elpis Pharmaceutical Import PLC,Insuline Isophane Biphasic(Soluble/isophane mixture)-(30+70) IU/ml in10 ml vial injection(suspension)of 10 ml,VI,"126,684",1.64,"207,761.76","207,761.76",USD,RDF,Air,4/21/2026,4/22/2026,4/20/2026,4/22/2026,Awash Bank,AA00046396,5/31/2027,317,-2,,,,Yordanos,Opened,6/25/2026,9/22/2026,23,Efa,,,,
1287,3/19/2026,ICB/Framework/EPSS6/RDF-R/PH/06/23,4500005918,Venus Remedius LTD,India,Woyn Chemicals General Business PLC,Cytrabine 1000mg lyophylized powder ,VI,"2,317",4.4,"10,194.80","14,968.94",USD,RDF,Air,3/19/2026,3/20/2026,3/23/2026,3/23/2026,,BRIB/MKA/1074/26,3/20/2027,245,3,,,,Mahider,Opened,4/9/2026,7/9/2026,100,Bilisuma,,,,
,,,,,,,Cytrabine 100mg lyophylized powder ,VI,"2,947",1.62,"4,774.14",,,,,,,,,,,,,,,,,,,,,,,,,,
1289,3/20/2026,EPSA-ICB-G-0012-2017-BD,4500010298,Beximico Pharmaceuticals LTD,Bangladesh,Bshaw General Trading PLC,Salbutamol(Albuterol) 0.1mg/dose aerosole(oral inhaletion)of 200methered dose ,BT,"301,979",0.78,"235,543.62","235,543.62",USD,RDF,Sea,4/21/2026,4/22/2026,4/29/2026,4/30/2026,Zam Zam Bank,ZZB/IBD/GI/006/2026,4/22/2027,278,7,,,,Gebresillassei,Opened,5/12/2026,8/9/2026,67,Samuel ,,,,
1290,3/24/2026,ICB/Framework/EPSS6/RDF-R/PH/06/23,4500010392,Aqvida Gmbh strabe 89,Germany,Grace trading PLC,Paclitaxel 300 mg/50 ml-injection of each,VI,"9,256",20,"185,120.00","194,376.00",USD,RDF,Air,3/25/2026,3/27/2026,4/29/2026,4/29/2026,CBE,MD2611460530,5/31/2027,317,33,,,,Mulugeta,Opened,5/26/2026,8/23/2026,53,Bilisuma,,,,
,,,,,,,Fright charge ,AU,"9,256",1,"9,256.00",,,,,,,,,,,,,,,,,,,,,,,,,,
1292,3/25/2026,EPSA-ICB-G-0061-2017-BD,4500010094,Woman Care Global LLC,USA,Leyan Pharmaceuticals Importer,Medroxyprogestrone Acetate -150mg/ml in 1 ml vial injection (aques suspension,VI,"2,147,854",0.568,"1,219,981.07","1,219,981.07",USD,SDG-FH-23,Sea,4/21/2026,4/23/2026,,,,,,"-46,221",86,,,,Dejene,,,,"46,221",,,,,
,,,,,,,Disposable syrange -3 parts 3ml with 21 G Needle of 1,EA,"2,147,854",0,,,,,,,,,,,,,,,,,,,,,,,,,,,
1294,3/25/2026,EPSA-ICB-G-0061-2017-BD,4500010097,Woman Care Global LLC,USA,Leyan Pharmaceuticals Importer,Medroxyprogestrone Acetate -150mg/ml in 1 ml vial injection (aques suspension,VI,"532,610",0.568,"302,522.48","302,522.48",USD,MOF-MH-24,Sea,4/23/2026,4/25/2026,7/2/2026,7/2/2026,CBE,MD2617506247,6/23/2027,340,68,,,,Dejene,Opened,7/17/2026,10/13/2026,1,,,,,
,,,,,,,Disposable syrange -3 parts 3ml with 21 G Needle of 1,EA,"532,610",0,,,,,,,,,,,,,,,,,,,,,,,,,,,
1296,3/25/2026,EPSA-ICB-G-0061-2017-BD,4500010096,Woman Care Global LLC,USA,Leyan Pharmaceuticals Importer,Medroxyprogestrone Acetate -150mg/ml in 1 ml vial injection (aques suspension,VI,"929,548",0.568,"527,983.26","527,983.26",USD,MOH-RMNCH-CPT,Sea,4/22/2026,4/23/2026,7/2/2026,7/2/2026,CBE,MD2617506247,6/23/2027,340,70,,,,Dejene,,,,"46,221",,,,,
,,,,,,,Disposable syrange -3 parts 3ml with 21 G Needle of 1,EA,"929,548",,,,,,,,,,,,,,,,,,,,,,,,,,,,
1298,3/25/2026,EPSA-ICB-G-0068-2018-BD,4500010287,Hangzhou Yimai Biotech,China,ABR Pharma PLC,Vitamine B Complex preparation 2 ml intravenous and intramuscular injection of 10x10,PAC,"34,486",1.98,"68,282.28","68,282.28",USD,MOF-MH-24,Sea,5/26/2026,5/30/2026,6/12/2026,6/15/2026,CBE  (CPO),11513641,12/10/2026,145,13,,,,Gebresillassei,Opened,7/14/2026,10/11/2026,4,,,,,
1299,3/25/2026,EPSA-ICB-G-0068-2018-BD,4500010239,Tenama International FZ LLC,Utd Arab Emir,ZB Pharmaceutical PLC,Diclofenac sodium 100 mg suppository of 10,PAC,"131,753",0.53,"69,829.09","69,829.09",USD,MOF-MH-24,Sea,5/28/2026,5/6/2026,6/15/2026,6/15/2026,Awash Bank,AA00048530,6/13/2027,330,40,,,,Mulugeta,Opened,6/26/2026,9/23/2026,22,Efa,,,,
1300,3/26/2026,EPSA-ICB-G-0068-2018-BD,4500010155,Skymap Pharmaceutical PVT LTD,India ,Droga Pharma PLC,Artesunate 60mg/ml in 1 ml ampoule injection with 5% sodium bicarbonate and 0.9% sodiume chloride,PAC,"984,947",0.25,"246,236.75","246,236.75",USD,SDG-MAL-23,Sea,4/3/2026,4/3/2026,4/15/2026,4/20/2026,Buna Bank,2026.PB.0016,4/8/2027,264,12,,,,Yordanos,,,,"46,221",,,,,
1301,3/26/2026,ICB/Framework/EPSS6/RDF-R/PH/06/23,4500010638,Venus Remedius LTD,India ,Woyn Chemicals General Business,Bortizomibe 3.5 mg in vial powder for injection (lyophylized),VI,"2,478",25.6,"63,436.80","63,436.80",USD,RDF,Air,3/31/2026,,6/22/2026,6/23/2026,Berhan Bank,BRIB/MEK/0000/26,6/25/2027,342,ENTER DATE,,,,Mahider,Opened,6/26/2026,9/23/2026,22,Bilisuma,,,What about The bond?,
1302,3/26/2026,ICB/Framework/EPSS6/RDF-R/PH/06/23,4500010362,Therdose Pharma PVT LTD,India ,Life care Pharmaceutical trading,Bendamustine HCL 100 mg in  vial powder for injection (lyophylized),VI,869,24,"20,856.00","20,856.00",USD,RDF,Air,3/30/2026,3/27/2026,5/15/2026,5/15/2026,Awash Bank,AA00048506,5/13/2027,299,49,,,,Selamawit,Opened,5/29/2026,8/25/2026,50,Semira,,,,
1303,3/26/2026,ICB/Framework/EPSS6/RDF-R/PH/06/23,4500007925,F.Hoffmann-La Roche LTD,Switherland,Hoffmann-La Roche LTD,Epoetine beta -4000IU injection of 6,PAC,500,24,"12,000.00","13,500.00",USD,RDF,Air,3/30/2026,3/27/2026,4/15/2026,4/16/2026,CBE,MD2609209338,11/30/2026,,19,,,,Dejene,Opened,5/4/2026,8/1/2026,75,Sena,,,Amended contrat,
,,,,,,,Fright charge ,PAC,500,3,"1,500.00",,,,,,,,,,,,"-46,221",,,,,,,,,,,,,,
1305,3/27/2026,EPSA-ICB-G-0068-2018-BD,4500010254,Rise Global GMBH,Germany,Ema construction and Trading PLC,Dextrose -40% in20 ml IV infusion of 50,PAC,"114,953",3.85,"442,569.05","442,569.05",USD,MOF-MH-24,Sea,5/26/2026,5/29/2026,6/8/2026,6/10/2026,Berhan Bank,BrB/AtB/325/26,5/31/2027,317,10,,,,Yordanos,,,,"46,221",,,,,
1306,3/27/2026,EPSA-ICB-G-0068-2018-BD,4500010255,Rise Global GMBH,Germany,Ema construction and Trading PLC,Labetalol -100mg/20 ml in 20 ml vial injection,VI,"202,611",1.89,"382,934.79","382,934.79",USD,MOF-MH-24,Sea,5/26/2026,5/29/2026,6/8/2026,6/10/2026,Berhan Bank,BrB/AtB/322/27,5/31/2027,,10,,,,Selamawit,Opened,6/24/2026,9/21/2026,24,Efa,,,,
1307,3/27/2026,EPSA-ICB-G-0068-2018-BD,4500010249,Rise Global GMBH,Germany,Ema construction and Trading PLC,Lidocaine HCL +Adrenaline (2%+1:200000IU)in 20 ml vial injection of 25,PAC,"3,162",3.33,"10,529.46","10,529.46",USD,MOF-MH-24,Sea,5/26/2026,5/29/2026,6/8/2026,6/10/2026,Berhan Bank,BrB/AtB/324/26,5/31/2027,317,10,,,,Selamawit,,,,"46,221",,,,Transfer from RDF (DG),
1308,3/31/2026,EPSA-NCB-G-0102-2018-BD,4500010293,Hregewein Biniyam & Friends Metal work,Ethiopia,Hregewein Biniyam & Friends Metal work,Couch Delivery,EA,"1,682",73900,"124,299,800.00","136,419,800.00",ETB,SDG-ME-23,Truck,,,3/30/2026,4/1/2026,Berhan Bank,BRB/FGB189/1654/26,3/19/2027,244,ENTER DATE,,,,,,,,"46,221",,,,,
,,,,,,,"Strecher Patient,trolley",EA,202,60000,"12,120,000.00",,,,,,,,,,,,,,,,,,,,,,,,,,
1310,3/31/2026,EPSA-NCB-G-0102-2018-BD,4500010265,Hregewein Biniyam & Friends Metal work,Ethiopia,Hregewein Biniyam & Friends Metal work,Couch Delivery,EA,54,73900,"3,990,600.00","3,990,600.00",ETB,MOF-ME-23,Truck,4/29/2026,,3/30/2026,4/1/2026,Berhan Bank,BRB/FGB189/1654/26,3/19/2027,244,ENTER DATE,,,,,,,,"46,221",Yohannis,,,,
1311,3/31/2026,ICB/EPSS6/MOH-IA4DC/PH/MS/12/25,4500010464,Tenama International FZ LLC,Utd Arab Emir,Life care Pharmaceutical trading,Cat gut chromic -guage 4.0(0)75cm on 27 mm 1/2 CRB needle of 12 pieces,DZ,"1,000",5.1,"5,100.00","26,940.00",USD,MOH-IA4DC-,Sea,,,,,,,,"-46,221",ENTER DATE,,,,,,,,"46,221",,,,,
,,,,,,,Cat gut chromic -guage 5.0(1)75cm on 48 mm 1/2 CRB needle of 12 pieces,DZ,"1,000",5.1,"5,100.00",,,,,,,,,,,,,,,,,,,,,,,,,,
,,,,,,,Mersilk bradede black guage 4.0(1) 75cm on 30 mm 1/2 CRB needle of 12 pieces,DZ,"1,000",2.53,"2,530.00",,,,,,,,,,,,,,,,,,,,,,,,,,
,,,,,,,Polyglycolic acid absorbable braded violet guage 4.0(1) 75cm on 45 mm 1/2 CRB needle of 12 pieces,DZ,"1,000",6.91,"6,910.00",,,,,,,,,,,,,,,,,,,,,,,,,,
,,,,,,,Polyglycolic acid absorbable braded violet guage 5.0(2) 75cm on 40 mm 1/2 CRB needle of 12 pieces,DZ,"1,000",7.3,"7,300.00",,,,,,,,,,,,,,,,,,,,,,,,,,
1316,3/31/2026,EPSA-ICB-G-0012-2017-BD,4500010440,The Say Pharma Drug store LLC,Utd Arab Emir,GEZ Chemicals and pharmaceuticals PLC,Enoxaparine 60 mg/0.6 ml injection,VI,"6,852",2.8,"19,185.60","19,185.60",USD,RDF,Air,4/21/2026,4/22/2026,4/30/2026,5/6/2026,Lion Int Bank S.c,LIB/AHG/PPG/35/26,4/28/2027,284,8,,,,Yordanos,Opened,5/29/2026,8/26/2026,50,Sena,,,,
1317,4/1/2026,ICB/Framework/EPSS6/RDF-R/PH/06/23,4500010354,Mission Pharma,Denmark,"MT international, AA",Tacrolimus 1 mg capsule of 60,PAC,"14,600",13.5,"197,100.00","245,100.00",USD,RDF,Air,4/2/2026,4/1/2026,5/26/2026,5/28/2026,CBE,MD2610697749,4/23/2027,279,55,,,,Gebresillassei,Opened,6/13/2026,9/10/2026,35,Sagni,,,,
,,,,,,,Tacrolimus 0.5 mg capsule of 60,PAC,"4,800",10,"48,000.00",,,,,,,,,,,,,,,,,,,,,,,,,,
1319,4/2/2026,EPSA-ICB-G-0068-2018-BD,4500010150,Pregna International,India,BBF Trading PLC,PPIUCDPost partum CU 380A IUD,EA,"55,959",2,"111,918.00","111,918.00",USD,SDG-FH-23,Sea,4/3/2026,4/4/2026,4/16/2026,4/17/2026,Awash Bank,AA00049555,4/16/2027,272,12,,,,Mahider,Opened,4/24/2026,7/22/2026,85,Hirkisa,,,,
1320,4/2/2026,EPSA-ICB-G-0068-2018-BD,4500010157,Naari Pte Limited,India,Life care Pharmaceutical trading,Mifeprostone+Misoprostol (200 mg 1  tab+200mcg 4 tab) tablets,PAC,"1,167,922",1.63,"1,903,712.86","1,903,712.86",USD,SDG-FH-23,Sea,4/3/2026,4/4/2026,4/16/2026,4/17/2026,Awash Bank,AA00045925,4/13/2027,269,12,,,,Gebresillassei,Opened,4/24/2026,7/22/2026,85,Hirkisa,,,,
1321,4/2/2026,EPSA-ICB-G-0068-2018-BD,4500010153,United Pharma,Kenya,Life care Pharmaceutical trading,caffeine citrate 10mg/ml in 1 ml ampoule injection,EA,"38,708",2.5,"96,770.00","96,770.00",USD,SDG-FH-23,Sea,4/3/2026,4/4/2026,4/14/2026,4/16/2026,Abay Bank,101IIGE261030002,3/8/2027,233,10,,,,Selamawit,Opened,4/24/2026,7/22/2026,85,Hirkisa,,,,
1322,4/2/2026,ICB/Framework/EPSS6/RDF-R/PH/06/23,4500010349,F.Hoffmann-La Roche LTD,Switherland,Hoffmann-La Roche LTD,Epoetine beta -4000IU injection of 6,PAC,"4,500",24,"108,000.00","121,500.00",USD,RDF,Air,4/3/2026,4/4/2026,4/16/2026,4/17/2026,CBE,MD2609857401,7/31/2027,378,12,,,,Dejene,Opened,5/15/2026,8/12/2026,64,Bilisuma,,,,
,,,,,,,Fright charge ,PAC,"4,500",3,"13,500.00",,,,,,,,,,,,,,,,,,,,,,,,,,
1324,4/3/2026,EPSA-ICB-G-0068-2018-BD,4500010248,Rise Global GMBH,Germany,Ema construction and Trading PLC,Naloxone HCL0.02mg/mlin 2ml ampoule injection,AM,"1,157",0.63,728.91,728.91,USD,MOF-MH-24,Sea,5/26/2026,5/29/2026,6/8/2026,6/10/2026,Berhan Bank,BrB/AtB/323/26,5/31/2027,317,10,,,,Yordanos,,,,"46,221",,,,,
1325,4/3/2026,EPSA-ICB-G-0068-2018-BD,4500010240,Ciron Drugs and Pharmaceguticals,India,Getmaz General Business,Adenosine 3mg/ml in2ml ampoule injection,AM,"1,581",6.64,"10,497.84","10,497.84",USD,MOF-MH-24,Sea,5/26/2026,5/30/2026,6/10/2026,6/12/2026,Dashen Bank,010GTEE202500049,6/4/2027,321,11,,,,Mahider,,,,"46,221",,,,,
1326,4/6/2026,EPSA-ICB-G-0068-2018-BD,4500010168,Scott Edil Pharmacia LTD,India,Kare Pharmaceuticals PLC,LIdcaine HCL 2% in 50ml injection without preservatives of 25,PAC,"17,748",6.21,"110,215.08","110,215.08",USD,MOF-MH-24,Sea,,,5/4/2026,5/6/2026,Awash Bank,AA00049556,4/6/2027,262,ENTER DATE,,,,,,,,"46,221",,,,,
1327,4/6/2026,EPSA-ICB-G-0108-2018-BD,4500010269,Mission Pharma A/S,Denmark,MT International pvt.ltd,Syringe disposable 5ml with needle 21G of 100 pices,PAC,"5,805",2.15,"12,480.75","12,480.75",USD,GF-HIV-GC7,Sea,4/21/2026,4/22/2026,5/13/2026,,CBE,MD2611852158,5/7/2027,293,21,,,,Mulugeta,Opened,6/6/2026,9/4/2026,42,,,,,
1328,4/6/2026,EPSA-ICB-G-0078-2018-BD,4500010159,Abbott Rapid Dx International LTD,Ireland,sub saharan biomedical plc,CD4 Cartridge of 100 test,KIT,247,792,"195,624.00","261,505.00",USD,GF-HIV-GC7,Air,7/13/2026,,,,,,,"-46,221",ENTER DATE,,,,,,,,"46,221",,,,,
,,,,,,,CD4 Bead standard (1 low.1normal),KIT,438,54,"23,652.00",,,,,,,,,,,,,,,,,,,,,,,,,,
,,,,,,,PRinter paper 1 of 10,PAC,25,32,800.00,,,,,,,,,,,,,,,,,,,,,,,,,,
,,,,,,,Sample collection kit of 100 test,KIT,247,107,"26,429.00",,,,,,,,,,,,,,,,,,,,,,,,,,
,,,,,,,Total fright cost,AU,1,15000,"15,000.00",,,,,,,,,,,,,,,,,,,,,,,,,,
1335,4/6/2026,ICB/Framework/EPSS6/RDF-R/PH/06/23,4500010452,F.Hoffmann-La Roche LTD,Switherland,Hoffmann-La Roche LTD,Epoetine beta -4000IU injection of 6,PAC,"2,500",24,"60,000.00","67,500.00",USD,RDF,Air,4/7/2026,4/8/2026,,,,,,"-46,221",101,,,,Dejene,,,,"46,221",,,,Supplier requested to be placed on hold untill Q2 2026,
,,,,,,,Fright charge ,AU,"2,500",3,"7,500.00",,,,,,,,,,,,,,,,,,,,,,,,,,
1337,,,4500010303,Humanwell Pharmaceuticals Ethiopia PLC,Ethiopia,,,,,,0.00,0.00,,,,,,4/7/2026,4/8/2026,Buna Insurance S.C,G/ARK/1307/001579/2026,4/3/2027,259,ENTER DATE,,,,,,,,"46,221",,,,,
1338,4/8/2026,EPSA-ICB-G-0051-2017-BD,4500009682,Abbott GMBH Wisbadan,Germany,Sub Saharan BIomedical,Abbott VL/EID m2000,KIT,,,"1,523,900.10","1,523,900.10",USD,MOH-HIV-TREASURE- RE-26,Air,4/14/2026,,,,,,,"-46,221",ENTER DATE,,,,Mulugeta,,,,"46,221",,,,October to be delivered (Letter from DMD),
1339,4/8/2026,EPSA-ICB-G-0051-2017-BD,4500009664,Abbott GMBH Wisbadan,Germany,Sub Saharan BIomedical,Abbott VL/EID m2000,KIT,,,"828,995.87","828,995.87",USD,GF-HIV-GC7,Air,4/21/2026,,,,,,,"-46,221",ENTER DATE,,,,Mulugeta,,,,"46,221",,,,"To be delivered to Warehouse at February, 2027",
1340,4/14/2026,EPSA-ICB-G-0068-2018-BD,4500010152,Lupin Limited,I ndia,Caroga Pharma Ethiopia PLC,Refampetine +Isoniazide (300mg+300mg) tablet of 3x12,PAC,"50,000",8.19,"409,500.00","409,500.00",USD,SDG-TB-23,Sea,4/14/2026,4/15/2026,5/18/2026,5/19/2026,Awash Bank,AA 00049579,3/30/2027,255,33,,,,Mulugeta,Opened,6/19/2026,9/16/2026,29,Semira,,,,
1341,4/14/2026,EPSA-ICB-G-0068-2018-BD,4500010169,Scott Edil Pharmacia Ltd,india,Kare Pharmaceuticals PLC,Adrenaline/Epinipherine) 0.1% in 1ml ampoule injection of 10,PAC,"5,987",0.69,"4,131.03","185,889.16",USD,MOF-MH,Sea,,,6/4/2026,6/5/2026,Awash Bank,AA00046397,4/6/2027,262,ENTER DATE,,,,,,,,"46,221",,,,,
,,,,,,,Metoprolol tartarate 1mg/mlin 1mlampoule injection,AM,"79,052",0.25,"19,763.00",,,,,,,,,,,,,,,,,,,,,,,,,,
,,,,,,,Calcium Crbonate 600 mg tablet of 100,TIN,"182,017",0.89,"161,995.13",,,,,,,,,,,,,,,,,,,,,,,,,,
1344,4/14/2026,ICB/Framework/EPSS6/RDF-R/PH/06/23,4500010588,Intas Pharmaceutical LTD,India,Gopani Brothers Private limited,Mycophenolate mofetil 500mg tablet of 10x5,PAC,"17,520",8.25,"144,540.00","144,540.00",USD,RDF,Air,4/15/2026,4/15/2026,4/30/2026,4/30/2026,CBE,MD2610735463,4/21/2027,277,15,,,,Mulugeta,Opened,5/25/2026,8/22/2026,54,Bilisuma,,,,
1345,4/14/2026,EPSA-ICB-G-0068-2018-BD,4500010202,"Scott Edil Pharmacia Ltd

",India,Kare Pharmaceuticals PLC,Permethrine 0.05 cream of 30g,TU,"399,592",0.195,"77,920.44","150,443.64",USD,RTI-NTD,Sea,4/15/2026,4/15/2026,6/8/2026,6/8/2026,Awashbank,AA 00049626,4/7/2027,263,54,,,,Mahider,Opened,6/17/2026,9/13/2026,31,Efa,,,The Supplier delayed the PG due to Unopened LC ,
,,,,,,,Sodium stibogluconate 100mg/mlinjection of 30ml,BT,"15,109",4.8,"72,523.20",,,,,,,,,,,,,,,,,,,,,,,,,,
1347,4/15/2026,EPSA-ICB-G-0043-2016-BD,4500010356,Mission Pharma,Denmark,"MT International, AA",Thymoglobuline(Anti-thymocyte globuline rabbite) 25mg in vial injection of each,EA,150,335,"50,250.00","50,250.00",USD,RDF,Air,4/16/2026,4/15/2026,5/6/2026,5/7/2026,CBE,MD2611077110,4/23/2027,279,21,,,,Dejene,,,,"46,221",,,,,
1348,,ICB/EPSA6/RDF-ROUTINE/MI/21/21,4500007543,Beeveejay Limited,,,,,,,0.00,0.00,,,,,,4/16/2026,4/17/2026,CBE,MD2609040218,3/31/2027,256,ENTER DATE,,,,,,,,"46,221",,,,,
1349,,ICB/EPSA6/RDF-ROUTINE/MI/21/21,4500008389,Beeveejay Limited,,,,,,,0.00,0.00,,,,,,4/16/2026,4/17/2026,CBE,MD2609040218,3/31/2027,256,ENTER DATE,,,,,,,,"46,221",,,,,
1350,4/17/2026,EPSA-ICB-G-0006-2018-BD,4500009080,Silverline chemicals,India,GM triangle trading plc,potasium iodinate FCC grade for salt iodinization package in 25 kg UN certified drum .each kg in the drum shouled be packed with aluminium foil,TN,"2,727",1354.5,"3,693,721.50","3,693,721.50",USD,MOH-Yellow,Sea,5/11/2026,5/11/2026,,,,,,,68,,,,Mahider,,,,"46,221",,,,"The supplier could not submit PG, reported to PPA",
1351,4/17/2026,EPSA-ICB-G-0008-2017 and ICB-014-2017/call,4500008907,Rise Global GMBH,Germany,Ema construction and Trading PLC,"Vacutainer Blood Collection with EDTA 
anticoagulant purple top 4ml plastic of 100 s",PAC,"2,600",2.52,"6,552.00","6,552.00",USD,MOF-OTH,Sea,4/21/2026,4/22/2026,4/27/2026,4/29/2026,Berhan Bank,BrB/AtB/259/26,4/18/2027,"-46,221",5,,,,Mahider,,,,"46,221",,,,tripartite Issue,
,,,,,,,"Laboratory Supplies - Vacutainer Serum
Separator (SS) yellow top 5ml of 100",PAC,"2,600",3.41,"8,866.00",,,,,,,,,,,,,,,,,,,,,,,,,,
1353,4/21/2026,EPSA-ICB-G-0068-2018-BD,4500010164,Scott Edil Pharmacia LTD,India,Kare Pharmaceuticals PLC,Sodium Stibogluconate - 100mg/ml Injection of 30ml,BT,"20,000",4.8,"96,000.00","96,000.00",USD,MOF-OTH,Sea,4/22/2026,,5/4/2026,5/6/2026,Awash Bank,AA 00049552,4/7/2027,263,ENTER DATE,,,,Mahider,,,,"46,221",,,,,
1354,4/21/2026,EPSA-ICB-G-0068-2018-BD,4500010201,Scott Edil Pharmacia LTD,India,Kare Pharmaceuticals PLC,Noradrenaline -4mg/ml in 2ml IV injection unit 5,PAC,"4,743",0.985,"4,671.86","4,671.86",USD,MOF-OTH,Sea,,,,,,,,"-46,221",ENTER DATE,,,,,,,,"46,221",,,,,
1355,4/21/2026,EPSA-ICB-G-0068-2018-BD,4500010166,Scott Edil Pharmacia LTD,India,Kare Pharmaceuticals PLC,Predinsolone 5mg tablet of 1000,TIN,"3,024",3.96,"11,975.04","11,975.04",USD,MOF-OTH,Sea,4/22/2026,4/23/2026,5/4/2026,5/6/2026,Awash Bank,AA 00046398,4/6/2027,262,11,,,,Mahider,,,,"46,221",,,,,
1356,4/22/2026,ICB/PSA6/RDF/CT&MRI/MI/25/19,4500009893,Elsmed Healthcare solution,Isreal,Elsmed Bussiness PLC,CT Scan  machine-64 slice,EA,1,510000,"510,000.00","510,000.00",USD,RDF,Sea,5/4/2026,5/6/2026,5/21/2026,5/23/2026,CBE,MD261383819,5/30/2027,316,15,,,,Dejene,Opened,6/18/2026,9/15/2026,30,Nebiyu,,,,
1357,4/22/2026,EPSA-ICB-G-0108-2018-BD,4500010268,Mission Pharma,Denmark,"MT International, AA",Doxycycline 100mg tablet of 10x10,PAC,471,2.45,"1,153.95","1,153.95",USD,GF-HIV,Sea,4/22/2026,4/23/2026,5/20/2026,,CBE,MD2611860867,5/7/2027,293,27,,,,Mulugeta,CAD Reserved,6/17/2026,9/15/2026,31,Samuel ,,,,
1358,4/24/2026,EPSA-NCB-G-0026-2018-BD,4500010850,Sanshang Pharmaceutical PLC,Ethiopia,Sanshang Pharmaceutical PLC,Methyledopa 250mg tablet of 100x10,PAC,"6,095",6412.97,"39,087,052.15","39,087,052.15",ETB,MOF-MH,Truck,6/12/2026,,4/22/2026,4/24/2026,Nib Insurance S.Co.,P/021/59/02/2026/04/00029,4/19/2027,275,ENTER DATE,,,,,,,,"46,221",Eyob,,,,
1359,4/24/2026,EPSA-NCB-G-0021-2018-BD,4500010855,Sanshang Pharmaceutical PLC,Ethiopia,Sanshang Pharmaceutical PLC,Ringers lactate Na-130meq +K 4meq+ca 3meIN with giving set of 1000ml,BAG,"1,454,816",160,"232,770,560.00","232,770,560.00",ETB,SDG-MH,Truck,,,4/22/2026,4/24/2026,Nib Insurance S.Co.,P/021/59/02/2026/04/00028,4/19/2027,275,ENTER DATE,,,,,,,,"46,221",,,,,
1360,4/24/2026,EPSA-NCB-G-0047-2017-BD,4500010881,Afrovision Pharmaceuticals & Chemicals PLC,Ethiopia,Afrovision Pharmaceuticals & Chemicals PLC,Chlorhexidine digluconate 7.1%(which contain 4% chlorhexidine) gel of 21g,PAC,"540,996",87,"47,066,652.00","47,066,652.00",ETB,SDG-FH,Truck,6/29/2026,,4/21/2026,,Lucy INsurance S.C,Lucy/LCM/PRB/037618/26,4/15/2027,271,ENTER DATE,,,,,,,,"46,221",,,,,
1361,4/23/2026,EPSA-ICB-G-0097-2018-BD,4500010546,Jiangying jinfenng medical equipment Co.L,China,Leyan Pharmaceuticals Importer,Syirange disposable 5ml with needle 23G of 100 pieces,PAC,"17,388",1.42,"24,690.96","24,690.96",USD,MOH-CH,Sea,,,,,,,,"-46,221",ENTER DATE,,,,,,,,"46,221",,,,,
1362,4/23/2026,EPSA-ICB-G-0097-2018-BD,4500010453,Jiangying jinfenng medical equipment Co.L,China,Leyan Pharmaceuticals Importer,Syirange disposable 10ml with needle 21G of 100 pieces,PAC,"81,602",2.15,"175,444.30","318,121.60",USD,MOH-RMNCH,Sea,4/23/2026,4/25/2026,5/25/2026,5/25/2026,Awash Bank,AA00049610,5/15/2027,301,30,,,,Mulugeta,Opened,6/15/2026,9/12/2026,33,Efa,,,,
,,,,,,,Syirange disposable 3ml with needle 21G of 100 pieces,PAC,"37,749",1.36,"51,338.64",,,,,,,,,,,,,,,,,,,,,,,,,,
,,,,,,,Syirange disposable 5ml with needle 21G of 100 pieces,PAC,"64,323",1.42,"91,338.66",,,,,,,,,,,,,,,,,,,,,,,,,,
1365,4/23/2026,EPSA-ICB-G-0097-2018-BD,4500010439,Jiangxi hongda medical equipment group L,China,Curapharma Consultancy and trading plc,Glove surgical latex powder free No 7 of 50 pairs,PAC,"28,700",5.69,"163,303.00","163,303.00",USD,MOF-MH,Sea,,,,,,,,"-46,221",ENTER DATE,,,,,,,,"46,221",,,,,
1366,4/24/2026,EPSA-NCB-G-0101-2018-BD,4500010750,Haregweiin Biniyam and Frends Metalwork parteneship ,Ethiopia,Haregweiin Biniyam and Frends Metalwork parteneship ,Cuch Examination  Adult,EA,81,25000,"2,025,000.00","14,175,000.00",ETB,MOF-ME,Truck,5/22/2026,,4/24/2026,4/28/2026,Zemen Insurance,ZI/MF/PRB/0003/04/2026,4/20/2027,276,ENTER DATE,,,,,,,,"46,221",Yohannis,,,,
,,,,,,,Bed Petient fowler adult,EA,162,75000,"12,150,000.00",,,,,,,,,,,,,,,,,,,,,,,,,,
1367,4/24/2026,EPSA-NCB-G-0101-2018-BD,4500010759,Haregweiin Biniyam and Frends Metalwork parteneship ,Ethiopia,Haregweiin Biniyam and Frends Metalwork parteneship ,Cuch Examination  Adult,EA,202,25000,"5,050,000.00","27,775,000.00",ETB,SDG-ME,Truck,,,4/24/2026,4/28/2026,Zemen Insurance,ZI/MF/PRB/0003/04/2026,4/20/2027,276,ENTER DATE,,,,,,,,"46,221",,,,,
,,,,,,,Bed Petient fowler adult,EA,303,75000,"22,725,000.00",,,,,,,,,,,,,,,,,,,,,,,,,,
1368,4/24/2026,EPSA-NCB-G-0101-2018-BD,4500010763,Haregweiin Biniyam and Frends Metalwork parteneship ,Ethiopia,Haregweiin Biniyam and Frends Metalwork parteneship ,Bed Petient fowler adult,EA,160,75000,"12,000,000.00","12,000,000.00",ETB,SDG-ME,Truck,6/23/2026,,4/24/2026,4/28/2026,Zemen Insurance,ZI/MF/PRB/0003/04/2026,4/20/2027,276,ENTER DATE,,,,,,,,"46,221",Yohannis,,,,
1369,4/24/2026,EPSA-NCB-G-0101-2018-BD,4500010764,Haregweiin Biniyam and Frends Metalwork parteneship ,Ethiopia,Haregweiin Biniyam and Frends Metalwork parteneship ,Bed Petient fowler adult,EA,150,75000,"11,250,000.00","11,250,000.00",ETB,MOF-ME,Truck,6/23/2026,,4/24/2026,4/28/2026,Zemen Insurance,ZI/MF/PRB/0003/04/2026,4/20/2027,276,ENTER DATE,,,,,,,,"46,221",Yohannis,,,,
1370,4/24/2026,EPSA-ICB-G-0106-2017-BD,4500010219,Abbott GMBH Wisbadan,Germany,Sub Saharan BIomedical,m2000 High risk HPV,KIT,,,0.00,"447,838.72",USD,SDG-LAB,Air,5/26/2026,5/30/2026,7/2/2026,7/2/2026,CBE,MD2616755638,6/1/2027,318,33,,,,Mahider,Opened,7/14/2026,10/11/2026,4,Amanuel,,,,
1371,4/24/2026,EPSA-NCB-G-0019-2017-BD,4500004912,Sansheng Pharmaceutical plc,Ethiopia,Sansheng Pharmaceutical plc,Tinidazole 500mg tablet of 10x10,PAC,"78,659",332.08,"26,121,080.72","26,121,080.72",ETB,RDF,Truck,4/24/2026,,6/11/2025,6/12/2025,Nib Insurance,P/021/59/02/2025/06/00011,6/10/2027,327,ENTER DATE,,,,,,,,"46,221",Eyob,,,,
1372,4/27/2026,EPSA-ICB-G-0007-2017-BD,4500010416,Rise Global GMBH,Germany,Ema construction and Trading PLC,Mersilk Braided Black Gauge 3.0(2/0) 75 cm on 33 mm 1/2 circle Rounded boded  Needle of 12 pcs,DZ,"11,673",1.19,"13,890.87","13,890.87",USD,RDF,Sea,4/27/2026,5/22/2026,5/26/2026,5/26/2026,Berhan Bank,BrB/ATB/302/26,5/17/2027,303,4,,,,Selamawit,Opened,6/5/2026,9/2/2026,43,,,,,
1373,4/27/2026,EPSA-ICB-G-0008-2017-BD,4500010515,"Hangzhou Alltest Biotech CO., LTD",CHINA,Life Care Pharmaceutical Trading,SEROLOGY - SALMONELLA TYPHI ''H'' + SALMONELLA TYPHI ''O'' ANTIGEN TEST CASSETTE of 25,PAC,"24,810",8.4,"208,404.00","208,404.00",USD,RDF,Sea,4/27/2026,4/30/2026,6/8/2026,6/10/2026,Awash Bank,AA 00048529,6/7/2027,324,39,,,,Yordanos,Opened,6/24/2026,9/21/2026,24,Amanuel,,,,
1374,4/29/2026,EPSA-NCB-G-0069-2018-BD,4500010471,Glocare Pharma Manufacturing,Ethiopia,Glocare Pharma Manufacturing,Folic acid 5mg tablet of 10x10,PAC,"19,865",220,"4,370,300.00","4,370,300.00",ETB,MOF-NUT,Truck,4/29/2026,,4/28/2026,4/29/2026,Oromia insurance,P/11/1702/25-26/1/00061,4/24/2027,280,ENTER DATE,,,,,,,,"46,221",Eyob,,,,
1375,4/29/2026,EPSA-NCB-G-0069-2018-BD,4500010436,Glocare Pharma Manufacturing,Ethiopia,Glocare Pharma Manufacturing,Ciprofloxacine 250mg tablet of 10x10,PAC,"64,809",210,"13,609,890.00","13,609,890.00",ETB,MOH-CH,Truck,4/29/2026,,4/28/2026,4/29/2026,Oromia insurance,P/11/1702/25-26/1/00061,4/24/2027,280,ENTER DATE,,,,,,,,"46,221",Eyob,,,,
1376,4/29/2026,EPSA-NCB-G-0097-2018-BD,4500010450,Z  Care pharma PLC,Ethiopia,Z  Care pharma PLC,Needle multi sample blood collection 21G 1.25in luer attached tube holder 100 needle,PAC,"4,237",1171,"4,961,527.00","4,961,527.00",ETB,GF-HIV-GC7,Truck,5/28/2026,,4/30/2026,5/5/2026,Zemen  Insurance,ZI/WH/PRB/0101/03/2026,3/23/2027,248,ENTER DATE,,,,,,,,"46,221",Yohannis,,,,
1377,4/29/2026,EPSA-NCB-G-0097-2018-BD,4500010451,Z  Care pharma PLC,Ethiopia,Z  Care pharma PLC,Needle multi sample blood collection 21G 1.25in luer attached tube holder 100 needle,PAC,"18,019",1171,"21,100,249.00","21,100,249.00",ETB,MOH-HIV,Truck,5/6/2026,,4/30/2026,5/5/2026,Zemen  Insurance,ZI/WH/PRB/0101/03/2026,3/23/2027,248,ENTER DATE,,,,,,,,"46,221",Yohannis,,,,
1378,4/30/2026,EPSA-ICB-G-0028-2018-BD,4500008991,Shiv dial sud and sons,India,Kehale International PL,Serology cryptococal antigen lateral flow assay of 50 test,PAC,"1,681",154,"258,874.00","258,874.00",USD,GF-HIV-GC7,Sea,5/4/2026,5/4/2026,6/2/2026,6/3/2026,Awash Bank,AA 00049592,5/9/2027,295,29,,,,Gebresillassei,Opened,6/18/2026,9/15/2026,30,Amanuel,,,,
1379,,,4500009550,Delta Instrument technology PLC,,,,,,,0.00,0.00,,,,,,4/29/2026,4/30/2026,GOH Betoch Bank,GBB/BB/PBG/037/2026,4/21/2027,277,ENTER DATE,,,,,,,,"46,221",,,,,
1380,5/6/2026,EPSA-NCB-G-0019-2017-BD,4500007398,Ethiopia Pharmaceutical Mnufacturing S.C,Ethiopia,Ethiopia Pharmaceutical Mnufacturing S.C,Amitriptyline 25mg tablet of 25x10,PAC,"120,516",469,"56,522,004.00","60,459,729.00",ETB,RDF,Truck,5/6/2026,,5/4/2026,5/4/2026,Nile insurance company S.C,P/28/1702/25-26/1/00008,4/28/2027,284,ENTER DATE,,,,,,,,"46,221",Eyob,,,,
,,,,,,,Chlorpheniramine maleate 4mg tablet of 10x10,PAC,"39,775",99,"3,937,725.00",,,,,,,,,,,,,,,,,,,,,,,,,,
1381,5/4/2026,ICB/EPSS6/MOH-SDG/MD/29/23,4500009569,Life root trading FZE,UAE,Liferoot Business Group,Steam sterilizer 25L,EA,51,4200,"214,200.00","214,200.00",USD,SDG-ME,Sea,5/6/2026,5/6/2026,6/2/2026,6/2/2026,CBE,MD2614519760,5/8/2027,294,27,,,,Gebresillassei,Opened,6/19/2026,9/16/2026,29,,,,,
1382,5/4/2026,ICB/EPSS6/MOH-SDG/MD/29/23,4500009556,"Jiangsu Saikang Medical Co,ltd",China,Target Pharma PLC,Resuscitator adult,EA,117,35,"4,095.00","8,190.00",USD,SDG-ME,Sea,5/6/2026,5/6/2026,6/5/2026,6/8/2026,Awash Bank,AA 00049624,5/7/2027,293,30,,,,Gebresillassei,Opened,6/23/2026,9/20/2026,25,Yoseph,,,,
,,,,,,,Resuscitator Pediatric,EA,117,35,"4,095.00",,,,,,,,,,,,,,,,,,,,,,,,,,
1384,5/4/2026,ICB/EPSS6/MOH-SDG/MD/29/23,4500009558,"Jiangsu Saikang Medical Co,ltd",China,Target Pharma PLC,Resuscitator Pediatric,EA,93,35,"3,255.00","3,255.00",USD,MOF-ME,Sea,5/6/2026,5/6/2026,6/5/2026,6/8/2026,Awash Bank,AA00049603,5/7/2027,293,30,,,,Gebresillassei,Opened,6/25/2026,9/21/2026,23,,,,,
1385,5/7/2026,EPSS/DT/EPHI-VACCINE/PH/28/25,4500010385,Sanofi Pasteur,France,,Yellow fever Vaccine vial of 10 doses,VI,"2,500",36,"90,000.00","90,000.00",EUR,EPH-EM,Air,5/7/2026,5/7/2026,,,,,,"-46,221",72,,,,,,,,"46,221",,,,"No email Response from the supplier, no local agent",
1386,5/7/2026,ICB/EPSA6/RDF-R/MI/21/21,4500009053,Zaman Project Management,UAE,Abechrist Trading,Table operating electro-Hydroulic,EA,13,8690.07,"112,970.91","112,970.91",USD,SDG-ME,Sea,5/7/2026,5/7/2026,,,,,,"-46,221",72,,,,Mahider,,,,"46,221",,,,,
1387,5/8/2026,EPSA-NCB-G-00121-2018-BD,4500010908,Gilando Biomedical Solution PLC,Ethiopia,Gilando Biomedical Solution PLC,Dialysis Machine,EA,4,3145020,"12,580,080.00","16,706,465.00",ETB,MOF-ME,Truck,5/8/2026,,,,,,,"-46,221",ENTER DATE,,,,,,,,"46,221",Yohannis,,,"Transfered to Local team ,fully deliverd PG not requer ",
,,,,,,,Analyzer clinical hematology 5 differential,EA,1,1926385,"1,926,385.00",,,,,,,,,,,,,,,,,,,,,,,,,,
,,,,,,,Analyzer clinical Chemistry fully automated,EA,1,2200000,"2,200,000.00",,,,,,,,,,,,,,,,,,,,,,,,,,
1390,5/11/2026,EPSA-ICB-G-0105-2018-BD,4500011045,Berlinger Special Ag,Switherland,,Blood KIT For whole blood analysis,EA,700,12.3,"8,610.00","29,635.00",CHF,RDF,Air,5/11/2026,5/13/2026,,,Deposit to EPSS's  Bank account,,,"-46,221",66,,,,Mulugeta,Opened,5/18/2026,8/15/2026,61,Kaleab,,,,
,,,,,,,Blood seruem testing accessories,EA,100,5.2,520.00,,,,,,,,,,,,,,,,,,,,,,,,,,
,,,,,,,Reusable data logger,EA,20,50.5,"1,010.00",,,,,,,,,,,,,,,,,,,,,,,,,,
,,,,,,,Urine Dipstick 10 parameter test kit (100test),EA,50,10.7,535.00,,,,,,,,,,,,,,,,,,,,,,,,,,
,,,,,,,Urine sample collection kit,EA,"1,000",13.64,"13,640.00",,,,,,,,,,,,,,,,,,,,,,,,,,
,,,,,,,Whole blood testing accessories,EA,700,5.2,"3,640.00",,,,,,,,,,,,,,,,,,,,,,,,,,
,,,,,,,Partial urean sample Sealer,EA,300,1.5,450.00,,,,,,,,,,,,,,,,,,,,,,,,,,
,,,,,,,Blood kit for serume testing GH/GHRF,EA,100,12.3,"1,230.00",,,,,,,,,,,,,,,,,,,,,,,,,,
1398,5/18/2026,EPSA-ICB-G-0069-2018,4500010430,Aafrovision pharmaceuticals and chemicals plc,Ethiopia,Aafrovision pharmaceuticals and chemicals plc,Chlorhexidine digluconate 7.1%(which contain 4% chlorhexidine) gel of 21g,PAC,"383,164",94.5,"36,208,998.00","36,208,998.00",ETB,MOH-CH,Truck,5/18/2026,,5/18/2026,5/18/2026,Lucy Insurance,Lucy/LCM/PRB/038934/26,,"-46,221",ENTER DATE,,,,,,,,"46,221",Hirkisa,,,,
1399,5/20/2026,EPSA-ICB-G-0061-2017,4500004626,Guangzhou Double One Latex Products CO,China,Empire Bussiness PLC,condome male 144 pices,PAC,,4.1616,0.00,0.00,USD,SDG-FH,Sea,5/21/2026,5/22/2026,,,,,,"-46,221",57,,,,Mulugeta,,,,"46,221",,,,,
1400,5/21/2026,"ICB/EPSS6/Routine,SRHB&SG/MD/26/23",4500008894,Rise Global GMBH,Germany,Ema construction &trading PLC,Centrifuge general purpose electrical,EA,131,975,"127,725.00","127,725.00",USD,SDG-ME,Sea,5/21/2026,5/22/2026,5/26/2026,5/26/2026,Berhan Bank,BrB/AtB/303/26,5/17/2027,303,4,,,,Selamawit,Opened,6/17/2026,9/14/2026,31,Nebiyu,,,,
1401,5/21/2026,"ICB/EPSS6/Routine,SRHB&SG/MD/26/23",4500008895,Rise Global GMBH,Germany,Ema construction &trading PLC,Centrifuge general purpose electrical,EA,27,975,"26,325.00","26,325.00",USD,MOF-ME,Sea,5/21/2026,5/22/2026,5/26/2026,5/26/2026,Berhan Bank,BrB/AtB/301.26,5/17/2027,303,4,,,,Selamawit,Opened,6/19/2026,9/16/2026,29,Yoseph,,,,
1402,5/21/2026,ICB/EPSS6/MOH-SDG/MD/29/23,4500009529,Fenway Trading Co ltd,Taiwan,Starchain medical plc,Light examination mobile,EA,81,800,"64,800.00","64,800.00",USD,MOF-ME,Sea,5/21/2026,5/22/2026,5/28/2026,,Lion international Bank,LIB/AHG/PPG/56/26  LIB/AHB/PPG/55/26,5/22/2027,308,6,,,,Yordanos,Opened,6/24/2026,9/21/2026,24,Yoseph,,,,
1403,5/21/2026,ICB/EPSS6/MOH-SDG/MD/29/23,4500009548,Fenway Trading Co ltd,Taiwan,Starchain medical plc,Light examination mobile,EA,93,800,"74,400.00","74,400.00",USD,SDG-ME,Sea,5/21/2026,5/22/2026,5/28/2026,,Lion international Bank,LIB/AHG/PPG/53/26  LIB/AHB/PPG/5426,5/22/2027,308,6,,,,Yordanos,Opened,7/7/2026,10/4/2026,11,Yoseph,,,,
1404,5/25/2026,ICB/EPSA6/RDF-Routine/MD/10/22,4500009631,Shenzhen Comen Medical Instruments Co.Ltd,China,Target pharma PLC, Monitor - patient,Each,42,2130,"89,460.00","89,460.00",USD,SDG-ME,Sea,5/25/2026,5/25/2026,6/29/2026,6/30/2026,Awash Bank,AA00049641,6/25/2027,342,35,,,,Yordanos,,,,"46,221",,,,,
1405,5/25/2026,ICB/EPSS6/SDG AND RDF/MD/19/24,4500009552,Shenzhen Comen Medical Instruments Co.Ltd,China,Target pharma PLC, Anesthesia machine with patient Monitor ,Each,5,13480,"67,400.00","67,400.00",USD,SDG-ME,Sea,5/25/2026,5/25/2026,6/29/2026,6/30/2026,Awash Bank,AA00049642,6/25/2027,342,35,,,,Yordanos,Opened,7/15/2026,10/12/2026,3,Yoseph,,,,
1406,5/25/2026,EPSA-ICB-G-0096-2018,4500010864,PNW International FZ-LLC,UAE,Orbit Health solution PLC,Pump spray,EA,"4,418",242.75,"1,072,469.50","1,072,469.50",USD,MOF-ME,Sea,5/25/2026,5/25/2026,5/28/2026,,Abay Bank,CCRM/GU/065/26,5/27/2027,313,3,,,,Yordanos,Opened,6/9/2026,9/6/2026,39,,,,,
1407,5/25/2026,EPSA-ICB-G-0061-2017-Bid,4500009788,Tenama International FZ-LLC,Utd.Arab Emir,Life Care Pharmaceuticals Trading,Gentamicin - 10mg/ml 2ml - Injection of 50,PAC,"17,365",2.5,"43,412.50","43,412.50",USD,SDG-FH,Sea,5/26/2026,5/30/2026,6/5/2026,6/8/2026,Awash Bank,AA00048526,6/4/2027,321,6,,,,Dejene,Opened,6/17/2026,9/13/2026,31,,,,,
1409,6/3/2026,EPSA-NCB-G-0119-2018-BID,4500011021,Bahita Hailu G/yohanise / Lemamat Trading and Insustry ,Ethiopia,Bahita Hailu G/yohanise / Lemamat Trading and Insustry ,Glove examination latex non powderd medium of 100 pieces,PAC,"542,005",898,"486,720,490.00","486,720,490.00",ETB,MOH-RMNCH-CMPT,Truck,7/7/2026,,5/25/2026,5/25/2026,Hibret Insurance,GU/07/7512/2026/00004,5/22/2027,308,ENTER DATE,,,,,,,,"46,221",Yohannis,,,,
1410,6/3/2026,EPSA-NCB-G-0119-2018-BID,4500011022,Bahita Hailu G/yohanise / Lemamat Trading and Insustry ,Ethiopia,Bahita Hailu G/yohanise / Lemamat Trading and Insustry ,Glove examination latex non powderd medium of 100 pieces,PAC,"16,754",898,"15,045,092.00","15,045,092.00",ETB,MOH-HIV-TREASURE,Truck,6/12/2026,,5/25/2026,5/25/2026,Hibret Insurance,GU/07/7512/2026/00004,5/22/2027,308,ENTER DATE,,,,,,,,"46,221",Yohannis,,,,
1411,5/26/2026,ICB/PSA6/COVID-19/MOH/MI/08/20,4500010333,"Guangdong Biolight Meditech Co., Ltd",China,WMG Biomedical Engineering PLC,Pulse Oximeter - Handheld.,EA,154,121.3,"18,680.20","18,680.20",USD,SDG-ME,Sea,6/25/2026,,,,,,,"-46,221",ENTER DATE,,,,,,,,"46,221",,,,,
1412,5/26/2026,ICB/PSA6/COVID-19/MOH/MI/08/20,4500010335,"Guangdong Biolight Meditech Co., Ltd",China,WMG Biomedical Engineering PLC,Pulse Oximeter - Handheld.,EA,42,121.3,"5,094.60","5,094.60",USD,MOF-ME,Sea,6/25/2026,,,,,,,"-46,221",ENTER DATE,,,,,,,,"46,221",,,,,
1413,5/26/2026,ICB/EPSS6/RDF-R/PH/27/23,4500010849,Sakar Healthcare Limited,India,Medtech Ethiopia PLC,Vecuronium Bromide - 10mg - powder for injection with Diluent,EA,"9,882",0.64,"6,324.48","6,324.48",USD,MOH-RMNCH,Sea,5/26/2026,5/30/2026,6/5/2026,6/8/2026,Berhan Bank (CPO),4167827,12/2/2026,137,6,,,,Gebresillassei,,,,"46,221",,,,,
1415,6/3/2026,EPSA-ICB-G-0012-2017-Bid,4500010295,Brawn Laboratories Ltd,New Delhi India,Moplaco Trading PLC,meropenem - 1gm in vial powder for IV Injection of with 10ml diluent,EA,"66,103",1.455,"96,179.87","96,179.87",USD,RDF,Sea,6/5/2026,6/6/2026,7/3/2026,7/4/2026,aWASH bANK,AA00048655,7/19/2027,366,27,,,,Yordanos,,,,"46,221",,,,,
1416,6/4/2026,EPSA-ICB-G-0007-2018-BID,4500010400,Care Pharma FZ LLC,Utd. Arab emir,Life care pharmaceuticals trading,Apron plastic aganst most chemicals 80x120cm,EA,"11,880",0.59,"7,009.20","7,009.20",USD,RDF,Sea,6/4/2026,6/4/2026,,,,,,"-46,221",44,,,,Selamawit,,,,"46,221",,,,,
1417,6/4/2026,EPSA-ICB-G-0012-2017-BID,4500010296,"Cspc Ouyi Pharmaceutical Co.,Ltd",shijiazhuang China,Life Care Pharmaceuticals Trading,meropenem - 1gm in vial powder for IV Injection of with 10ml diluent,EA,"44,069",1.455,"64,120.40","64,120.40",USD,RDF,Sea,6/5/2026,6/6/2026,6/22/2026,6/23/2026,CBE,MD2616302406,6/10/2027,327,16,,,,Yordanos,,,,"46,221",,,,,
1418,6/5/2026,EPSA-ICB-G-0061-2017-BID,4500010289,Ida Foundation,Netherlands,Life care Pharmaceutical Trading,Etonogestrel 68mg Capsule (Subdermal Implant) with full insertion accessory kit of 20,PAC,"29,572",226.9,"6,709,886.80","6,709,886.80",USD,MOH - RMNCH,Sea,6/9/2026,6/9/2026,,,,,,"-46,221",39,,,,Yordanos,,,,"46,221",,,,,
,,,,,,,POVI Chemical - povidone lodine - 10% - - Solution of 500ml,BT,"29,572",0,0.00,,,,,,,,,,,,,,,,,,,,,,,,,,
,,,,,,,COAB Cotton Absorbent Wool - 500mg,ROL,"29,572",0,0.00,,,,,,,,,,,,,,,,,,,,,,,,,,
,,,,,,,GLSU Glove Surgical Latex powder - Free Sterile - No.7.5 of 20 Pairs,PAC,"29,572",0,0.00,,,,,,,,,,,,,,,,,,,,,,,,,,
,,,,,,,"SYDI Syringe (Disposable) - (sterile) 3 parts, 5ml Luer fitting with 23G Needle of 20pcs",PAC,"29,572",0,0.00,,,,,,,,,,,,,,,,,,,,,,,,,,
,,,,,,,"ADWP Adhesive Wound Plaster - 19mm x 72mm, water proof pack of 20",PAC,"29,572",0,0.00,,,,,,,,,,,,,,,,,,,,,,,,,,
,,,,,,,SUSB Surgical Scalpel Blade-No 10 of 20,PAC,"29,572",0,0.00,,,,,,,,,,,,,,,,,,,,,,,,,,
,,,,,,,ADPL Adhesive Plaster Zinc Oxide-2.5cm x 5cm,EA,"29,572",0,0.00,,,,,,,,,,,,,,,,,,,,,,,,,,
,,,,,,,LIDO Lidocaine HCL-1% in 20ml  vial-injection of 3,PAC,"29,572",0,0.00,,,,,,,,,,,,,,,,,,,,,,,,,,
,,,,,,,GAAC Gauze Absorbent Cotton-8cm x4m of 4,EA,"29,572",0,0.00,,,,,,,,,,,,,,,,,,,,,,,,,,
1428,6/5/2026,EPSA-ICB-G-0061-2017-BID,4500010288,Ida Foundation,Netherlands,Life care Pharmaceutical Trading,Etonogestrel 68mg Capsule (Subdermal Implant) with full insertion accessory kit of 20,PAC,"10,685",226.9,"2,424,426.50","2,424,426.50",USD,SDG-FH,Sea,6/9/2026,6/9/2026,,,,,,"-46,221",39,,,,Yordanos,,,,"46,221",,,,,
,,,,,,,POVI Chemical - povidone lodine - 10% - - Solution of 500ml,BT,"10,685",0,0.00,,,,,,,,,,,,,,,,,,,,,,,,,,
,,,,,,,COAB Cotton Absorbent Wool - 500mg,ROL,"10,685",0,0.00,,,,,,,,,,,,,,,,,,,,,,,,,,
,,,,,,,GLSU Glove Surgical Latex powder - Free Sterile - No.7.5 of 20 Pairs,PAC,"10,685",0,0.00,,,,,,,,,,,,,,,,,,,,,,,,,,
,,,,,,,"SYDI Syringe (Disposable) - (sterile) 3 parts, 5ml Luer fitting with 23G Needle of 20pcs",PAC,"10,685",0,0.00,,,,,,,,,,,,,,,,,,,,,,,,,,
,,,,,,,"ADWP Adhesive Wound Plaster - 19mm x 72mm, water proof pack of 20",PAC,"10,685",0,0.00,,,,,,,,,,,,,,,,,,,,,,,,,,
,,,,,,,SUSB Surgical Scalpel Blade-No 10 of 20,PAC,"10,685",0,0.00,,,,,,,,,,,,,,,,,,,,,,,,,,
,,,,,,,ADPL Adhesive Plaster Zinc Oxide-2.5cm x 5cm,EA,"10,685",0,0.00,,,,,,,,,,,,,,,,,,,,,,,,,,
,,,,,,,LIDO Lidocaine HCL-1% in 20ml  vial-injection of 3,PAC,"10,685",0,0.00,,,,,,,,,,,,,,,,,,,,,,,,,,
,,,,,,,GAAC Gauze Absorbent Cotton-8cm x4m of 4,EA,"10,685",0,0.00,,,,,,,,,,,,,,,,,,,,,,,,,,
1438,6/8/2026,EPSA-ICB-G-0097-2018-BID,4500011316,"Beijing Beilu Pharmaceutical Co, ltd",China,BBF Trading PLC,Chemical gadolinium chelate 1mmol/ml solution for injection of 7.5ml,VI,"7,032",16.5,"116,028.00","116,028.00",USD,RDF,Sea,6/22/2026,7/6/2026,,,,,,"-46,221",12,,,,Dejene,,,,"46,221",,,,,
,6/8/2026,EPSA-ICB-G-0012-2017-BD,4500011646,The Say Pharma Drug store LLC,Utd Arab Emir,GEZ Chemicals and pharmaceuticals PLC,Enoxaparine 60 mg/0.6 ml injection,VI,"9,136",2.8,"25,580.80","25,580.80",USD,RDF,Sea,6/22/2026,7/6/2026,,,,,,"-46,221",12,,,,Dejene,,,,"46,221",,,,,
,6/8/2026,EPSA-ICB-G-0012-2018-BID,4500011622,Galentic Pharma,India,Medtech Ethiopia PLC,Tetracycline 3% skin ointment of 15 gm,TU,"200,988",0.195,"39,192.66","39,192.66",USD,RDF,Sea,6/22/2026,7/6/2026,,,,,,"-46,221",12,,,,Dejene,,,,"46,221",,,,,
,6/8/2026,ICB/EPSS6/RDF-R/PH/27/23,4500011619,Leben Laboratories Pvt.Ltd,India,DAT International Trading P.L.C, Hydrocortisone Acetate 1% Topical cream of 15gm,TU,"155,576",0.18,"28,003.68","28,003.68",USD,RDF,Sea,6/22/2026,7/6/2026,,,,,,"-46,221",12,,,,Dejene,,,,"46,221",,,,,
,6/8/2026,EPSA-ICB-G-0054-2018-BID,4500011617,Scott Edill Pharmacia LTD,India,Kare Pharmaceuticals PLC,Haloperidol 1.5mg tablet of 10x10,PAC,"34,080",0.45,"15,336.00","15,336.00",USD,RDF,Sea,6/22/2026,7/6/2026,,,,,,"-46,221",12,,,,Mahider,,,,"46,221",,,,,
,6/8/2026,EPSA-ICB-G-0012-2017-BID,4500011636,Medicamen Biotech Limited,India,Droga Pharma PLC,Rispiridone 2mg tablet of 10x10,PAC,"105,064",0.35,"36,772.40","36,772.40",USD,RDF,Sea,6/22/2026,,,,,,,"-46,221",,,,,Mahider,,,,"46,221",,,,,
,6/8/2026,EPSA-NCB-G-0079-2018-BID,4500010387,Afrovision pharmaceuticals,Ethiopia,Afrovision pharmaceuticals,chemical chlorhexidine gluconate + cetrmide 1.5% +15+ w/v solution of 1L,BT,"4,216",383.82,"1,618,185.12","1,618,185.12",ETB,SDG,Truck,6/8/2026,,4/25/2026,4/28/2026,Lucy Insurance S.C,Lucy/LCM/038127/26,4/24/2027,280,ENTER DATE,,,,,,,,"46,221",Yohannis,,,,
,6/8/2026,EPSA-NCB-G-0079-2018-BID,4500011726,Afrovision pharmaceuticals,Ethiopia,Afrovision pharmaceuticals,chemical chlorhexidine gluconate + cetrmide 1.5% +15+ w/v solution of 1L,BT,"9,524",383.82,"3,655,501.68","3,655,501.68",ETB,RDF,Truck,6/8/2026,,4/25/2026,4/28/2026,Lucy Insurance S.C,Lucy/LCM/038127/26,4/24/2027,280,ENTER DATE,,,,,,,,"46,221",Yohannis,,,,
,6/8/2026,EPSA-NCB-G-0079-2018-BID,4500011647,Pharmaget health care,Ethiopia,Pharmaget health care,chemical chlorhexidine gluconate + cetrmide 1.5% +15+ w/v solution of 1L,BT,"14,286",383.82,"5,483,252.52","5,483,252.52",ETB,RDF,Truck,6/11/2026,,6/9/2026,6/10/2026,Ethiopian Insurance COrporation,100002710651,5/18/2027,304,ENTER DATE,,,,,,,,"46,221",Yohannis,,,,
,6/8/2026,EPSA-NCB-G-0079-2018-BID,4500010386,Pharmaget health care,Ethiopia,Pharmaget health care,chemical chlorhexidine gluconate + cetrmide 1.5% +15+ w/v solution of 1L,BT,"6,324",383.82,"2,427,277.68","2,427,277.68",ETB,SDG-MH,Truck,6/11/2026,,6/9/2026,6/10/2026,Ethiopian Insurance COrporation,100002710651,5/18/2027,304,ENTER DATE,,,,,,,,"46,221",Yohannis,,,,
,6/8/2026,EPSA-NCB-G-0079-2018-BID,4500010382,Pharmaget health care,Ethiopia,Pharmaget health care,Chemical ethanol 96% RL Solution of 1L,BT,"17,865",338,"6,038,370.00","6,038,370.00",ETB,MOH TB-TREASURE,Truck,6/11/2026,,6/9/2026,6/10/2026,Ethiopian Insurance COrporation,100002710651,5/18/2027,304,ENTER DATE,,,,,,,,"46,221",Yohannis,,,,
,6/9/2026,EPSA-NCB-G-0122-2018-BID,4500010936,Z Care pharma trading,Ethiopia,Z Care pharma trading,Plasma preparation tube (PPT) of 590 pices,PAC,"8,457",547,"4,625,979.00","4,984,110.00",ETB,GF-HIV,Truck,6/25/2026,,6/9/2026,6/9/2026,Zemen Insurance,ZI/LG/PRB/0005/04/2026,4/27/2027,283,ENTER DATE,,,,,,,,7/18/2026,Yohannis,,,,
,,,,,,,Centrifuge secondary tube 5ml 13x75mm of 500,PAD,183,1957,"358,131.00",,,,,,,,,,,,,,,,,,,,,,,,,,
,6/9/2026,EPSA-NCB-G-0122-2018-BID,4500010937,Z Care pharma trading,Ethiopia,Z Care pharma trading,Plasma preparation tube (PPT) of 590 pices,PAC,"1,265",547,"691,955.00","18,659,813.00",ETB,MOH-HIV,Truck,6/12/2026,,6/9/2026,6/9/2026,Zemen Bank S.C,ZI/LG/PRB/0005/04/2026,4/27/2027,283,ENTER DATE,,,,,,,,"46,221",Yohannis,,,,
,,,,,,,Blood collection needle holder of 1000,PAC,"2,999",5727,"17,175,273.00",,,,,,,,,,,,,,,,,,,,,,,,,,
,,,,,,,Centrifuge secondary tube 5ml 13x75mm of 500,PAD,405,1957,"792,585.00",,,,,,,,,,,,,,,,,,,,,,,,,,
,6/12/2026,EPSA-NCB-G-0025-2018-BID,4500010873,Sansheng Pharmaceuticals,Ethiopia,Sansheng Pharmaceuticals,azithromycine 500mg 10x3,PAC,"36,112",595,"21,486,640.00","21,486,640.00",ETB,GF-CBHIV,Truck,6/12/2026,,6/9/2026,6/10/2026,Nib Insurance S.Co,P/021/59/02/2026/06/00031,6/5/2027,322,ENTER DATE,,,,,,,,"46,221",Eyob,,,,
,6/12/2026,EPSA-NCB-G-0055-2017,4500011655,Sansheng Pharmaceuticals,Ethiopia,Sansheng Pharmaceuticals,metformine 500mg tablet of 10x10,PAC,"134,310",141,"18,937,710.00","18,937,710.00",ETB,RDF,Truck,6/12/2026,,6/9/2026,6/10/2026,Nib Insurance S.Co,P/021/59/02/2026/06/00032,6/5/2027,322,ENTER DATE,,,,,,,,"46,221",Eyob,,,,
,6/12/2026,EPSA-NCB-G-0025-2018-BID,4500011631,Sansheng Pharmaceuticals,Ethiopia,Sansheng Pharmaceuticals,ClarIithromycine 500mg tablet of 10x10,PAC,"7,918",2400,"19,003,200.00","19,003,200.00",ETB,RDF,Truck,6/12/2026,,6/9/2026,6/10/2026,Nib Insurance S.Co,P/021/59/02/2026/06/00034,6/5/2027,322,ENTER DATE,,,,,,,,"46,221",Eyob,,,,
,6/12/2026,EPSA-NCB-G-0021-2018-BID,4500011606,Sansheng Pharmaceuticals,Ethiopia,Sansheng Pharmaceuticals,Spironolactone 25mg tablet of 10x10,PAC,"85,890",317.1,"27,235,719.00","31,320,709.00",ETB,RDF,Truck,6/12/2026,,6/9/2026,6/10/2026,Nib Insurance S.Co,P/021/59/02/2026/06/00033,6/5/2027,322,ENTER DATE,,,,,,,,"46,221",Eyob,,,,
,,,,,,,Acyclovir 200mg capsule of 10x10,PAC,"12,194",335,"4,084,990.00",,,,,,,,,,,,,,,,,,,,,,,,,,
,6/11/2026,EPSA-NCB-G-0054-2018-BID,4500011618,Sansheng Pharmaceuticals,Ethiopia,Sansheng Pharmaceuticals,ferrous sulfate 325mg tablet of 10x10,PAC,"93,834",210,"19,705,140.00","19,705,140.00",ETB,RDF,Truck,6/12/2026,,6/9/2026,6/10/2026,Nib Insurance S.Co,P/021/59/02/2026/06/00030,6/5/2027,322,ENTER DATE,,,,,,,,"46,221",Eyob,,,,
,6/15/2026,EPSA-NCB-G-0097-2018-BID,4500010491,Leyan Pharmceuticls importer ,Ethiopia,Leyan Pharmceuticls importer ,Glove gynecological examination (elbow glove)  medium,Pair,"41,281",9360,"386,390,160.00","399,269,800.80",ETB,MOH RMNCH-CMPT,Truck,6/17/2026,,6/12/2026,6/17/2026,Global Bank Ethiopia,GB/ST/1245/26,6/11/2027,328,ENTER DATE,,,,,,,,"46,221",Yohannis,,,,
,,,,,,,Glove gynecological examination (elbow glove)  Large,Pair,"137,603",93.6,"12,879,640.80",,,,,,,,,,,,,,,,,,,,,,,,,,
,6/15/2026,EPSA-ICB-G-0068-2018-BD,4500011986,United Pharma,Kenya,Life care Pharmaceutical trading,caffeine citrate 10mg/ml in 1 ml ampoule injection,EA,"7,800",2.5,"19,500.00","19,500.00",USD,MOF-OTH,Sea,,,,,,,,"-46,221",ENTER DATE,,,,,,,,"46,221",,,,,
,6/15/2026,EPSA-ICB-G-0097-2018-BD,4500010972,RISE GLOBAL GMBH,Germany,EMA Construction & Trading PLC,Spinal needle 8cm-25G with guider needle trochay,EA,"31,086",0.23,"7,149.78","7,149.78",USD,RDF,Sea,6/16/2026,6/17/2026,6/22/2026,6/23/2026,Berhan Bank,BrB/AtB/342/26,6/13/2027,330,5,,,,Selamawit,,,,"46,221",,,,,
,6/15/2026,EPSA-ICB-G-0097-2018-BD,4500011753,Avian International,India,PHARMAKON TRADING  PLC,calibrated drape,EA,"678,818",0.9,"610,936.20","610,936.20",USD,SDG-MH,Sea,6/16/2026,6/17/2026,,,,,,"-46,221",31,,,,Yordanos,,,,"46,221",,,,Budget from 4500010449,
,6/15/2026,EPSA-ICB-G-0097-2018-BD,4500010449,Avian International,India,PHARMAKON TRADING  PLC,calibrated drape,EA,"678,818",0.9,"610,936.20","610,936.20",USD,SDG-MH,Sea,6/16/2026,6/17/2026,,,,,,"-46,221",31,,,,Yordanos,,,,"46,221",,,,,
,6/15/2026,EPSA-ICB-G-0097-2018-BD,4500010448,Avian International,India,PHARMAKON TRADING  PLC,Oropharengial airway(guedel)sterile-90mm,EA,"3,380",0.1,338.00,"26,688.50",USD,MOH-RMNCH,Sea,6/16/2026,6/17/2026,,,,,,"-46,221",31,,,,Yordanos,,,,"46,221",,,,,
,,,,,,,Oropharengial airway(guedel)sterile-120mm,EA,"263,505",0.1,"26,350.50",,,,,,,,,,,,,,,,,,,,,,,,,,
,6/15/2026,EPSA-ICB-G-0057-2018-BID,4500010860,Reyoung Pharmaceuticals,China,Dat International PLC,"Penicillin G , Benzanthine 2.4MIU Injection in vial of 100",PAC,154,16.87,"2,597.98","2,597.98",USD,GF-HIV,Sea,6/16/2026,6/17/2026,,,,,,"-46,221",31,,,,Yordanos,,,,"46,221",,,,,
,6/16/2026,EPSA-NCB-G-0119-2018-BID,4500012043,Bahita Hailu G/yohanise / Lemamat Trading and Insustry ,Ethiopia,Bahita Hailu G/yohanise / Lemamat Trading and Insustry ,Glove examination latex non powderd medium of 100 pieces,PAC,"510,197",898,"458,156,906.00","458,156,906.00",ETB,RDF,Truck,6/17/2026,,6/16/2026,,Hibret Insurance,GU/07/7512/2026/00005,6/15/2027,332,ENTER DATE,,,,,,,,"46,221",Yohannis,,,,
,6/17/2026,EPSA-ICB-G-0038-2018-BID,4500012038,"Shenzhen lanmage medical techno co., ltd",Ethiopia,BWB Trading PLC,Ultrasound general purpose color doppler mobile 4D,EA,3,20299,"60,897.00","60,897.00",USD,RDF,Sea,6/25/2026,,7/6/2026,7/6/2026,Awash Bank,AA00048664,6/30/2027,347,ENTER DATE,,,,Gebresillassei,,,,"46,221",,,,,
,6/17/2026,EPSA-ICB-G-0012-2017-BID,4500011610,Ciron Drugs And Pharmaceuticals  Pvt Ltd.,India,Getmaz General Business PLC,Vancomycine 1 g ingection of vials,VI,"194,405",0.8,"155,524.00","155,524.00",USD,RDF,Sea,6/22/2026,7/6/2026,,,,,,"-46,221",12,,,,Dejene,,,,"46,221",,,,,
,6/17/2026,EPSA-ICB-G-0012-2017-BID,4500010391,REMEDICA LTD,Cyprus,REMEDICA LTD, Levodopa + Carbidpa - (250 mg + 25mg) - Tablet of 10x3,PAC,"73,782",2.3,"169,698.60","169,698.60",USD,RDF,Sea,6/17/2026,7/6/2026,,,,,,"-46,221",12,,,,,,,,"46,221",,,,,
,6/17/2026,EPSA-ICB-G-0012-2017-BID,4500011611,VHB Medi Sciences Limited,India,Droga pharma plc,Vancomycine - 1mg - Injection of Vial,VI,"291,607",0.8,"233,285.60","233,285.60",USD,RDF,Sea,6/22/2026,,,,,,,"-46,221",ENTER DATE,,,,Dejene,,,,"46,221",,,,,
,6/17/2026,EPSA-NCB-G-0122-2018-BID,4500010907,Haneva trading,Ethiopia,Haneva trading,head cover of 100/pack,PAC,13,320,"4,160.00","1,626,619.24",ETB,SDG-LAB,Truck,,,6/17/2026,6/17/2026,Awash Isuranc,AIC/AGA/PFBD/0841096/26,4/26/2027,282,ENTER DATE,,,,,,,,"46,221",,,,,
,,,,,,,Lint free cloth of 50,PAC,39,794.16,"30,972.24",,,,,,,,,,,,,,,,,,,,,,,,,,
,,,,,,,Shoe covers non-skid of 100 pair,PAC,53,739,"39,167.00",,,,,,,,,,,,,,,,,,,,,,,,,,
,,,,,,,Lab coat blue large disposable of 30 pices,PAC,88,8820,"776,160.00",,,,,,,,,,,,,,,,,,,,,,,,,,
,,,,,,,lab coat white  large disposable of 30 pices,PAC,88,8820,"776,160.00",,,,,,,,,,,,,,,,,,,,,,,,,,
,6/17/2026,EPSA-NCB-G-0122-2018-BID,4500010934,Haneva trading,Ethiopia,Haneva trading,Lint free cloth of 50,PAC,227,794.16,"180,274.32","269,693.32",ETB,MOH-HIV,Truck,6/17/2026,,6/17/2026,6/17/2026,Awash Insuranc,AIC/AGA/PFBD/0841096/26,4/26/2027,282,ENTER DATE,,,,,,,,"46,221",Yohannis,,,,
,,,,,,,Shoe covers non-skid of 100 pair,PAC,121,739,"89,419.00",,,,,,,,,,,,,,,,,,,,,,,,,,
,6/17/2026,EPSA-NCB-G-0122-2018-BID,4500010933,Haneva trading,Ethiopia,Haneva trading,Lint free cloth of 50,PAC,880,794.16,"698,860.80","894,695.80",ETB,GF-HIV,Truck,6/25/2026,,6/17/2026,6/17/2026,Awash Insuranc,AIC/AGA/PFBD/0841096/26,4/26/2027,282,ENTER DATE,,,,,,,,"46,221",Yohannis,,,,
,,,,,,,Shoe covers non-skid of 100 pair,PAC,265,739,"195,835.00",,,,,,,,,,,,,,,,,,,,,,,,,,
,6/17/2026,EPSA-ICB-G-0097-2018-BID,4500012069,Care pharma FZ LLC,Utd Arab Emir,life care,Serology alfa feto protine (AFP) Cassette of 40 test,BX,840,18.2,"15,288.00","15,288.00",USD,RDF,Sea,6/22/2026,,,,,,,"-46,221",ENTER DATE,,,,Selamawit,,,,"46,221",,,,,
,6/17/2026,ICB/PFSA6/RDF/FW/PLACEMENT/LR/2018,4500011202,Sysmex Europe SE,Norderstedt Germany ,Pyramid pharma PLC Ethiopia,SNCL Sysmex XN-550 - Cell Clean of 50ml,BT,233,51.5,"11,999.50","17,361.70",EUR,RDF,Air,6/22/2026,,7/14/2026,7/14/2026,CBE,MD2619134232,7/7/2027,354,ENTER DATE,,,,Dejene,,,,"46,221",,,,,
,,,,,,,SNCK Sysmex XN-550 - check Level 1 of 1*3ml,VI,60,29.79,"1,787.40",,,,,,,,,,,,,,,,,,,,,,,,,,
,,,,,,,SUCK Sysmex XN-550 - check Level 2 of 1*3ml,VI,60,29.79,"1,787.40",,,,,,,,,,,,,,,,,,,,,,,,,,
,,,,,,,SNCK Sysmex XN-550 - check Level 3 of 1*3ml,VI,60,29.79,"1,787.40",,,,,,,,,,,,,,,,,,,,,,,,,,
,,,,,,,SNCA Sysmex XN-550 - Calibrator of 3*3ml,PAC,10,0,0.00,,,,,,,,,,,,,,,,,,,,,,,,,,
,6/17/2026,ICB/EPSA6/RDF/FW/PLACEMENT/LR/2018,4500011201,Sysmex Europe SE,Norderstedt Germany,Pyramid pharma PLC Ethiopia,SNCP Sysmex XN-550 - Cell Pack of 10L,JAR,"2,624",34.5,"90,528.00","398,125.70",USD,RDF,Sea,6/22/2026,7/6/2026,7/14/2026,7/14/2026,CBE,MD261900053,7/7/2027,354,8,,,,Dejene,,,,"46,221",,,,,
,,,,,,,SNSL Sysmex XN-550 - Sulfolyser of 3*500ml,PAC,360,79.03,"28,450.80",,,,,,,,,,,,,,,,,,,,,,,,,,
,,,,,,,SNLY Sysmex XN-550 Lyser cell WDF of 2L,JAR,770,132.97,"102,386.90",,,,,,,,,,,,,,,,,,,,,,,,,,
,,,,,,,SUFL Sysmex XN-550 - Fluoro cell WDF of 2*22ml,PAC,360,491,"176,760.00",,,,,,,,,,,,,,,,,,,,,,,,,,
,6/18/2026,EPSA-ICB-G-0012-BID,4500011616,UNITED PHARMA (K) Limited,Kenya,Halicare Trading One Member PLC,Morphine Sulphate - 10mg/ml - Injection of 10,PAC,"22,614",4.25,"96,109.50","96,109.50",USD,RDF,Sea,6/22/2026,,,,,,,"-46,221",ENTER DATE,,,,,,,,"46,221",,,,,
,6/18/2026,EPSA-ICB-G-0068-2018-BID,4500010217,Mission pharma,Denmark,MT International PVT,Postpartum intra utrine device(PPIUCD) Insertion set,SET,"10,000",49.5,"495,000.00","1,115,000.00",USD,SDG-FH,Sea,6/19/2026,6/20/2026,,,,,,"-46,221",28,,,,Selamawit,,,,"46,221",,,,,
,,,,,,,IUCD Insertion set,SET,"10,000",62,"620,000.00",,,,,,,,,,,,,,,,,,,,,,,,,,
,6/18/2026,EPSA-ICB-G-0061-2017-BID,4500011042,Ida Foundation,Netherlands,Life care Pharmaceutical Trading,Etonogestrel 68mg Capsule (Subdermal Implant) with full insertion accessory kit of 20 and others,PAC,"10,897",226.9,"2,472,529.30","2,472,529.30",USD,SDG-FH,Sea,,,,,,,,"-46,221",ENTER DATE,,,,,,,,"46,221",,,,,
,6/18/2026,EPSA-ICB-G-0061-2017-BID,4500011039,Ida Foundation,Netherlands,Life care Pharmaceutical Trading,Etonogestrel 68mg Capsule (Subdermal Implant) with full insertion accessory kit of 20 and others,PAC,"17,647",226.9,"4,004,104.30","4,004,104.30",USD,MOF-MH,Sea,,,,,,,,"-46,221",ENTER DATE,,,,,,,,"46,221",,,,,
,6/23/2026,EPSA-NCB-G-0122-2018-BID,4500012210,Wise Team PLC,Ethiopia,Wise Team PLC,Absorbent pad with plastic backing(blue diapers) 17x24 inches 250/cases/5/pack of pack/250,PAC,11,58697,"645,667.00","645,667.00",ETB,SDG-LAB,Truck,,,6/22/2026,6/24/2026,Hibret Bank,HB/111/PB/8489/26,5/30/2027,316,ENTER DATE,,,,,,,,"46,221",,,,,
,6/23/2026,EPSA-NCB-G-0122-2018-BID,4500012212,Wise Team PLC,Ethiopia,Wise Team PLC,Cryptogenic viral of 450 pcs,PAC,"1,039",2348,"2,439,572.00","14,120,275.00",ETB,GF-HIV,Truck,,,6/22/2026,6/24/2026,Hibret Bank,HB/111/PB/8489/26,5/30/2027,316,ENTER DATE,,,,,,,,"46,221",,,,,
,,,,,,,Absorbent pad with plastic backing(blue diapers) 17x24 inches 250/cases/5/pack of pack/250,PAC,199,58697,"11,680,703.00",,,,,,,,,,,,,,,,,,,,,,,,,,
,6/23/2026,EPSA-NCB-G-0122-2018-BID,4500012214,Wise Team PLC,Ethiopia,Wise Team PLC,Cryptogenic viral of 450 pcs,PAC,812,2348,"1,906,576.00","11,415,490.00",ETB,MOH-HIV,Truck,,,6/22/2026,6/24/2026,Hibret Bank,HB/111/PB/8489/26,5/30/2027,316,ENTER DATE,,,,,,,,"46,221",,,,,
,,,,,,,Absorbent pad with plastic backing(blue diapers) 17x24 inches 250/cases/5/pack of pack/250,PAC,162,58697,"9,508,914.00",,,,,,,,,,,,,,,,,,,,,,,,,,
,6/24/2026,EPSA-NCB-G-0021-2018-BID,4500011605,Humanwell Pharmaceuical Ethiopia PLC,Ethiopia,Humanwell Pharmaceuical Ethiopia PLC,Metoclorpramide 5mg/5ml syrup of 60ml,BT,"159,198",64,"10,188,672.00","16,316,492.00",ETB,RDF,Truck,,,6/22/2026,6/26/2026,Bunna Insurance S.C,G/ARK/1307/001812/2026,6/15/2027,332,ENTER DATE,,,,,,,,"46,221",Eyob,,,,
,,,,,,,Acyclovir 200mg capsule of 10x10,PAC,"18,292",335,"6,127,820.00",,,,,,,,,,,,,,,,,,,,,,,,,,
,6/24/2026,EPSA-NCB-G-0026-2018-BID,4500011844,Humanwell Pharmaceuical Ethiopia PLC,Ethiopia,Humanwell Pharmaceuical Ethiopia PLC,Metformin 500mg tablet of 10x10,PAC,"24,919",158,"3,937,202.00","3,937,202.00",ETB,RDF,Truck,,,6/22/2026,6/26/2026,Bunna Insurance S.C,G/ARK/1307/001825/2026,6/18/2027,335,ENTER DATE,,,,,,,,"46,221",Eyob,,,,
,6/24/2026,EPSA-NCB-G-0025-2018-BID,4500011624,Humanwell Pharmaceuical Ethiopia PLC,Ethiopia,Humanwell Pharmaceuical Ethiopia PLC,ClarIithromycine 500mg tablet of 10x10,PAC,"11,876",2400,"28,502,400.00","28,502,400.00",ETB,RDF,Truck,,,6/22/2026,6/26/2026,Bunna Insurance S.C,G/ARK/1307/001826/2026,6/18/2027,335,ENTER DATE,,,,,,,,"46,221",Eyob,,,,
,6/25/2026,EPSA-NCB-G-0040-2017-BID,4500012067,Sansheng Pharmaceutical PLC,Ethiopia,Sansheng Pharmaceutical PLC,Sodium Valproate - 200mg -Tablet (enteric coated) of 10x10,PAC,"102,546",540,"55,374,840.00","55,374,840.00",ETB,RDF,Truck,,,6/23/2026,6/26/2026,Nib Insurance Company S.Co,P/021/59/02/2026/06/00035,6/17/2027,334,ENTER DATE,,,,,,,,"46,221",Eyob,,,,
,6/24/2026,EPSA-NCB-G-0025-2018-BID,4500011623,Glocare Pharma Manufacturing PLC,Ethiopia,Glocare Pharma Manufacturing PLC,ClarIithromycine 500mg tablet of 10x10,PAC,"19,794",2400,"47,505,600.00","47,505,600.00",ETB,RDF,Truck,6/24/2026,,6/23/2026,,Oromia insurnce S.C,P/11/1702/25-26/1/00080,6/22/2027,339,ENTER DATE,,,,,,,,"46,221",Eyob,,,,
,6/23/2026,EPSA-NCB-G-0119-2018,4500011290,Folliumm Trading PLC,Ethiopia,Folliumm Trading PLC,Chemical povidone iodine 10%  solution of 130ml,BT,"45,607",108,"4,925,556.00","4,925,556.00",ETB,SDG,Truck,,,6/23/2026,6/25/2026,"Lion Insurance Company S,C",P/103/7001/2026/00010,5/24/2027,310,ENTER DATE,,,,,,,,"46,221",,,,,
,6/24/2026,EPSA-NCB-G-0119-2019,4500011967,Folliumm Trading PLC,Ethiopia,Folliumm Trading PLC,Chemical methanol absolute scetone free 99.90% solution of 1L,BT,"6,317",1104.95,"6,979,969.15","6,979,969.15",ETB,RDF,Truck,6/25/2026,,6/23/2026,6/25/2026,"Lion Insurance Company S,C",P/103/7001/2026/00010,5/24/2027,310,ENTER DATE,,,,,,,,"46,221",Yohannis,,,,
,6/25/2026,EPSA-NCB-G-0119-2020,4500012131,Folliumm Trading PLC,Ethiopia,Folliumm Trading PLC,Chemical povidone iodine 10%  solution of 130ml,BT,"44,419",108,"4,797,252.00","4,797,252.00",ETB,RDF,Truck,6/25/2026,,6/23/2026,6/25/2026,"Lion Insurance Company S,C",P/103/7001/2026/00010,5/24/2027,310,ENTER DATE,,,,,,,,"46,221",Yohannis,,,,
,6/23/2026,EPSA-NCB-G-0119-2021,4500012135,Folliumm Trading PLC,Ethiopia,Folliumm Trading PLC,Chemical povidone iodine 10%  solution of 130ml,BT,"44,418",108,"4,797,144.00","11,777,113.15",ETB,RDF,Truck,6/25/2026,,6/23/2026,6/25/2026,"Lion Insurance Company S,C",P/103/7001/2026/00010,5/24/2027,310,ENTER DATE,,,,,,,,"46,221",Yohannis,,,,
,,,,,,,Chemical methanol absolute scetone free 99.90% solution of 1L,BT,"6,317",1104.95,"6,979,969.15",,,,,,,,,,,,,,,,,,,,,,,,,,
,6/28/2026,EPSA-NCB-G-0119-2023,4500012137,Folliumm Trading PLC,Ethiopia,Folliumm Trading PLC,Chemical potasium hydroxide 10% solution of 1L,BT,"1,190",599,"712,810.00","712,810.00",ETB,RDF,Truck,6/25/2026,,6/23/2026,6/25/2026,"Lion Insurance Company S,C",P/103/7001/2026/00010,5/24/2027,310,ENTER DATE,,,,,,,,"46,221",Yohannis,,,,
,6/29/2026,EPSA-NCB-G-0119-2024,4500012139,Folliumm Trading PLC,Ethiopia,Folliumm Trading PLC,Chemical potasium hydroxide 10% solution of 1L,BT,"2,378",599,"1,424,422.00","1,424,422.00",ETB,RDF,Truck,6/25/2026,,6/23/2026,6/25/2026,"Lion Insurance Company S,C",P/103/7001/2026/00010,5/24/2027,310,ENTER DATE,,,,,,,,"46,221",Yohannis,,,,
,6/23/2026,EPSA-ICB-G-0074-2018-BID,4500010148,Rochy kenya,Kenya,Retina Pharmaceuticals PLC,COBAS 4800-HXV Control CE-IVD of 10 test,KIT,7,250,"1,750.00","1,750.00",USD,SDG-HIV,Air,6/25/2026,6/30/2026,7/10/2026,7/14/2026,CBE,MD2618448832,1/2/2027,168,10,,,,Mulugeta,,,,"46,221",,,,Allowed by akinaw  b/s air,
,6/23/2026,EPSA-ICB-G-0074-2018-BID,4500010144,Rochy kenya,Kenya,Retina Pharmaceuticals PLC,COBAS 5800/6800/8800 HBV.......& Other,PAC,,,0.00,"334,173.00",USD,GF-HIV,Air,6/25/2026,6/30/2026,7/10/2026,7/14/2026,CBE,MD2618467698,1/2/2027,168,10,,,,Mulugeta,,,,"46,221",,,,,
,6/23/2026,EPSA-ICB-G-0074-2018-BID,4500010146,Rochy kenya,Kenya,Retina Pharmaceuticals PLC,COBAS 5800/6800/8800 HBV.......& Other,PAC,,,0.00,"594,152.24",USD,MOH-HIV,Air,6/25/2026,6/30/2026,7/10/2026,7/14/2026,CBE,MD2618408543,1/2/2027,168,10,,,,Mulugeta,,,,"46,221",,,,,
,6/23/2026,EPSA-ICB-G-0084-2018-BID,4500011729,Jianixi hongda megdical equpment,China,Curapharma consultancy and trading plc,AV fistula needle 15G Of pair,PAA,"4,325",0.28,"1,211.00","22,420.50",USD,RDF,Sea,6/25/2026,7/9/2026,,,,,,"-46,221",9,,,,Dejene,,,,"46,221",,,,,
,,,,,,,AV fistula needle 16G Of pair,PAA,"7,225",0.28,"2,023.00",,,,,,,,,,,,,,,,,,,,,,,,,,
,,,,,,,AV fistula needle 17G Of pair,PAA,"2,325",0.28,651.00,,,,,,,,,,,,,,,,,,,,,,,,,,
,,,,,,,Blood line with recerculating bag,PAC,"13,730",1.35,"18,535.50",,,,,,,,,,,,,,,,,,,,,,,,,,
,6/23/2026,EPSA-ICB-G-0084-2018-BID,4500011728,Jianixi hongda megdical equpment,China,Curapharma consultancy and trading plc,Polysulfonate fliter surface area 1.8m2 low flux gamma steralization,EA,"11,355",3.4,"38,607.00","52,517.00",USD,RDF,Sea,6/25/2026,7/9/2026,,,,,,"-46,221",9,,,,Dejene,,,,"46,221",,,,,
,,,,,,,Polysulfonate fliter surface area 1.6m2 low flux gamma steralization,EA,"3,700",3.3,"12,210.00",,,,,,,,,,,,,,,,,,,,,,,,,,
,,,,,,,Polysulfonate fliter surface area 1.0m2 low flux gamma steralization,EA,500,3.4,"1,700.00",,,,,,,,,,,,,,,,,,,,,,,,,,
,6/24/2026,EPSA-ICB-G-0012-2017-BID,4500012009,Pil pharmaceutical Ltd,India,Vinay Kumar,Amoxicillin + Clavulaic acid (200mg + 28.5mg ) 5ml Oral suspension of 100ml,BT,"349,088",0.6,"209,452.80","209,452.80",USD,RDF,Sea,6/25/2026,,,,,,,"-46,221",ENTER DATE,,,,Selamawit,,,,"46,221",,,,,
,6/24/2026,ICB/FW/EPSS6/MOH-GF/Malaria/PH/14/23,4500011763,Macleods Pharmaceutical LTD,India,Life care Pharmaceutical  Trading,Artemether +Lumefanthrine 20 mg+120 mg(6x2)tablet (dispersable) 0f 30,PAC,"22,707",11.1,"252,047.70","558,678.30",USD,SDG-MAL,Sea,,,,,,,,"-46,221",ENTER DATE,,,,,,,,"46,221",,,,,
,,,,,,,Artemether +Lumefanthrine 20 mg+120 mg(6X4) tablet  0f 30,PAC,"19,407",15.8,"306,630.60",,,,,,,,,,,,,,,,,,,,,,,,,,
,6/24/2026,EPSA-ICB-G-0014-2017-BID,4500011601,Rise Global GMBH,Germany,Ema construction and Trading PLC,Nasogastric tube sterile infant  4CH,EA,"90,353",0.04,"3,614.12","3,614.12",USD,-,Sea,,,,,,,,"-46,221",ENTER DATE,,,,,,,,"46,221",,,,,
,6/24/2026,EPSA-ICB-G-0061-2017-BID,4500009434,Ida Foundation,Netherlands,Life care Pharmaceutical Trading,Etonogestrel 68mg Capsule (Subdermal Implant) with full insertion accessory kit of 20 and others,PAC,"11,171",226.9,"2,534,699.90","2,534,699.90",USD,SDG-FH,Sea,Tripartite issue,7/2/2026,,,,,,"-46,221",16,,,,,,,,"46,221",,,,,
,6/24/2026,EPSA-ICB-G-0061-2017-BID,4500009430,Ida Foundation,Netherlands,Life care Pharmaceutical Trading,Etonogestrel 68mg Capsule (Subdermal Implant) with full insertion accessory kit of 20 and others,PAC,"15,666",226.9,"3,554,615.40","3,554,615.40",USD,MOF-MH,Sea,Tripartite issue,7/2/2026,,,,,,"-46,221",16,,,,,,,,"46,221",,,,,
,6/24/2026,EPSA-ICB-G-0097-2017-BID,4500010492,Gst Corporation LTD,India,ZAF Pharmaceuticals PVT LTD, Cannula IV set 16G of 100 pecies,PAC,"4,364",4.97,"21,689.08","21,689.08",USD,SDG-MH,Sea,6/25/2026,6/25/2026,6/29/2026,7/1/2026,Awash Bank,AB/CO/1779/2026,6/25/2027,342,4,,,,Dejene,Opened,7/9/2026,10/5/2026,9,Yoseph,,,,
,6/24/2026,ICB/FW/EPSS6/MOH-GF/ARV/PH/20/23,4500011745,Macleods pharmaceuticals Ltd,India,Life Care pharmaceuticals trading,Zidovudine - 10mg/ml - Oral Solution of 100ml,BT,"25,216",2.01,"50,684.16","50,684.16",USD,GF-HIV,Sea,7/13/2026,,,,,,,"-46,221",ENTER DATE,,,,,,,,"46,221",,,,,
,6/24/2026,EPSA-ICB-G-0042-2018-BID,4500011670,Pil Pharmaceutical LTD,India,Ema construction and Trading PLC,Metformine 500mg tablet of 10x10,PAC,"257,127",0.48,"123,420.96","123,420.96",USD,RDF,Sea,6/25/2026,,,,,,,"-46,221",ENTER DATE,,,,Selamawit,,,,"46,221",,,,,
,6/24/2026,EPSA-ICB-G-0042-2018-BID,4500011842,Pil Pharmaceutical LTD,India,Ema construction and Trading PLC,Metformine 500mg tablet of 10x10,PAC,"77,138",0.48,"37,026.24","37,026.24",USD,RDF,Sea,6/25/2026,,,,,,,"-46,221",ENTER DATE,,,,Selamawit,,,,"46,221",,,,,
,6/24/2026,ICB/EPSS6//MOH-SDG/SPARE-PART/MD/05/24,4500003996,Fuji film middle east FZE,Utd arab emir,Hshary Trading plc,X-ray machine spare parts chest power supply board FDR smart FGXR685,EA,1,924,924.00,"12,762.50",USD,SDG-ME,Air,6/25/2026,,,,,,,"-46,221",ENTER DATE,,,,,,,,"46,221",,,,Signed by akinaw b/s air ship,
,,,,,,,X-ray machine spare parts  cassette cable FGXR-685,EA,1,1765.5,"1,765.50",,,,,,,,,,,,,,,,,,,,,,,,,,
,,,,,,,X-ray machine spare parts  detector cable PBT4,EA,1,1765.5,"1,765.50",,,,,,,,,,,,,,,,,,,,,,,,,,
,,,,,,,X-ray machine spare parts control pannel R-109,EA,1,8307.5,"8,307.50",,,,,,,,,,,,,,,,,,,,,,,,,,
,6/24/2026,EPSA-ICB-G-0014-2017-BID,4500011600,Gst Corporation Ltd,New Delhi India,ZAF Pharmaceuiticals pvt ltd C.o,Nasogastric tube sterile infant  4CH,EA,"135,529",0.04,"5,421.16","5,421.16",USD,RDF,Sea,,,,,,,,"-46,221",ENTER DATE,,,,Dejene,,,,"46,221",,,,,
,6/24/2026,ICB/EPSS6/SDG &RDF/MD/19/24,4500008899,Rey International FZC,Utd Arab Emir,Delta Instrument Technology PLC,Haemoglobinometer,EA,50,208.33,"10,416.50","10,416.50",USD,SDG-ME,Air,Tripartite issue (have Budget),,,,,,,"-46,221",ENTER DATE,,,,,,,,"46,221",,,,Signed by akinaw b/s air ship,
,6/24/2026,EPSA-NCB-G-0026-2018-BID,4500011843,Glocare Pharma Manufacturing PLC,Ethiopia,Glocare Pharma Manufacturing PLC,Metformine -500mg tablet of 10x10,PAC,"37,378",158,"5,905,724.00","5,905,724.00",ETB,RDF,Truck,6/25/2026,,6/24/2026,6/25/2026,Oromia Insurance S.C,P/11/1702/25-26/1/00083,6/24/2027,341,ENTER DATE,,,,,,,,"46,221",Eyob,,,,
,6/29/2026,EPSA-NCB-G-0133-2018-BID,4500011772,M/S Hilina Enriched food PLC,Ethiopia,M/S Hilina Enriched food PLC,RUTF 92g sachet pastes pack of 150,PAC,"100,000",8857.94,"885,794,000.00","885,794,000.00",ETB,MOF-NUT,Truck,6/30/2026,,6/24/2026,6/27/2026,Zemen Bank,ZB/CB/GUR/042/26,12/13/2027,513,ENTER DATE,,,,,,,,"46,221",,,,,
,6/25/2026,EPSA-ICB-G-0016-2018-BID,4500010406,BostonMedical FZE),Utd Arab Emir,Infinity Advanced Technology Solution PLC,"Anesthesia machine spare part -APL valv (ASSY-WXC,UPSIDE APL Assembly spar part make)9100c",EA,4,545.96,"2,183.84","4,746.62",USD,SDG-ME,Air,Tripartite,,6/24/2026,6/26/2026,Lion International Bank S.C,LIB/LG/0101/01/26,1/17/2027,183,ENTER DATE,,,,,,,,"46,221",,,,Signed by akinaw b/s air ship,
,,,,,,,Anesthesia machine spare part galvanic oxygene sensor 9100c NXT,EA,5,127.22,636.10,,,,,,,,,,,,,,,,,,,,,,,,,,
,,,,,,,Anesthesia machine spare part galvanic oxygene sensor 9100c NXT,EA,7,127.22,890.54,,,,,,,,,,,,,,,,,,,,,,,,,,
,,,,,,,"Anesthesia machine spare part (ASS-WXC,sensor differential peresure and ASSY-WXC ELBOW CONN 1/8 3.2MM ID CPC PN PM C2302) 9100C",EA,7,148.02,"1,036.14",,,,,,,,,,,,,,,,,,,,,,,,,,
,,,4500011769,Laurus Labs Limited,,,,,,,0.00,0.00,,,,,,6/25/2026,6/26/2026,Bunna Bank,2026PB.0028,6/30/2027,347,ENTER DATE,,,,,,,,"46,221",,,,,
,6/26/2026,EPSA-NCB-G-0101-2018-BID,4500012152,Axial Importer and manufacturing,Ethiopia,Axial Importer and manufacturing,Bed petient fowler adult,EA,372,75000,"27,900,000.00","27,900,000.00",ETB,RDF,Truck,6/30/2026,,6/26/2026,6/29/2026,Addis Bank S.C,AdB/EALD/284/2018,6/12/2027,329,ENTER DATE,,,,,,,,"46,221",,,,,
,6/26/2026,EPSA-NCB-G-0101-2018-BID,4500012150,Axial Importer and manufacturing,Ethiopia,Axial Importer and manufacturing,Bed petient fowler adult,EA,144,75000,"10,800,000.00","10,800,000.00",ETB,MOH-ME,Truck,,,,,,,,"-46,221",ENTER DATE,,,,,,,,"46,221",,,,,
,6/26/2026,EPSA-ICB-G-0109-2017-BID,4500011681,Syngenta crop  protection,Switherland,Abyssinia agro vet Import and distributer,Pirimiphos-methyle 300g/L of 833 ml capsule suspension(CS) of 12 bottle,PAC,"12,672",199.08,"2,522,741.76","2,522,741.76",USD,MOH-MAL,Sea,,6/29/2026,,,,,,"-46,221",19,,,,,,,,"46,221",,,,,
,6/29/2026,EPSA-NCB-G-0119-2018-BID,4500011286,Afrovision Pharmaceuticals,Ethiopia,Afrovision Pharmaceuticals,Acetic acid glacial(99.58%-99.9%) of 500ml,BT,83,828,"68,724.00","134,924.00",ETB,GF-NFM2,Truck,7/1/2026,,6/29/2026,6/30/2026,Lucy Insurance,Lucy/LCM/PRB/041391/26,6/26/2027,343,ENTER DATE,,,,,,,,"46,221",,,,,
,,,,,,,Denatured alcohol solution spray bottle 500ml,BT,60,395,"23,700.00",,,,,,,,,,,,,,,,,,,,,,,,,,
,,,,,,,Bleached (10 times dilution of 5%-0.5% NAHOCL) of 500ml,BT,100,425,"42,500.00",,,,,,,,,,,,,,,,,,,,,,,,,,
,6/29/2026,EPSA-NCB-G-0119-2018-BID,4500012129,Afrovision Pharmaceuticals,Ethiopia,Afrovision Pharmaceuticals,Chemical povidone iodine 10% solution of 130ml,BT,"29,613",108,"3,198,204.00","6,481,029.00",ETB,RDF,Truck,7/1/2026,,6/29/2026,6/30/2026,Lucy Insurance,Lucy/LCM/PRB/041391/26,6/26/2027,343,ENTER DATE,,,,,,,,"46,221",,,,,
,,,,,,,Chemical glycerine pure 98% of 1L,BT,"3,885",845,"3,282,825.00",,,,,,,,,,,,,,,,,,,,,,,,,,
,6/29/2026,EPSA-NCB-G-0119-2018-BID,4500011957,Afrovision Pharmaceuticals,Ethiopia,Afrovision Pharmaceuticals,Chemical potasium hydroxide 10% solution of 1L,BT,"1,585",599,"949,415.00","11,419,921.20",ETB,RDF,Truck,7/1/2026,,6/29/2026,6/30/2026,Lucy Insurance,Lucy/LCM/PRB/041391/26,6/26/2027,343,ENTER DATE,,,,,,,,7/18/2026,,,,,
,,,,,,,Chemical methanol absolut acetone free 99.90% solution of 1L,BT,"9,476",1104.95,"10,470,506.20",,,,,,,,,,,,,,,,,,,,,,,,,,
,6/29/2026,EPSA-NCB-G-0119-2018-BID,4500011902,Afrovision Pharmaceuticals,Ethiopia,Afrovision Pharmaceuticals,Denatured alcohol solution spray bottle 500ml,BT,685,395,"270,575.00","288,425.00",ETB,MOH-HIV,Truck,,,6/29/2026,6/30/2026,Lucy Insurance,Lucy/LCM/PRB/041391/26,6/26/2027,343,ENTER DATE,,,,,,,,7/18/2026,,,,,
,,,,,,,Bleached (10 times dilution of 5%-0.5% NAHOCL) of 500ml,BT,42,425,"17,850.00",,,,,,,,,,,,,,,,,,,,,,,,,,
,6/29/2026,EPSA-NCB-G-0119-2018-BID,4500012130,Afrovision Pharmaceuticals,Ethiopia,Afrovision Pharmaceuticals,Chemical povidone iodine 10% solution of 130ml,BT,"29,613",108,"3,198,204.00","17,425,437.25",ETB,RDF,Truck,7/1/2026,,6/29/2026,6/30/2026,Lucy Insurance,Lucy/LCM/PRB/041391/26,6/26/2027,343,ENTER DATE,,,,,,,,"46,221",,,,,
,,,,,,,Chemical glycerine pure 98% of 1L,BT,"3,885",845,"3,282,825.00",,,,,,,,,,,,"-46,221",,,,,,,,,,,,,,
,,,,,,,Chemical potasium hydroxide 10% solution of 1L,BT,793,599,"475,007.00",,,,,,,,,,,,"-46,221",,,,,,,,,,,,,,
,,,,,,,Chemical methanol absolut acetone free 99.90% solution of 1L,BT,"9,475",1104.95,"10,469,401.25",,,,,,,,,,,,"-46,221",,,,,,,,,,,,,,
,6/29/2026,EPSA-NCB-G-0119-2018-BID,4500011295,Afrovision Pharmaceuticals,Ethiopia,Berlinger Special Ag,Acetic acid glacial(99.58%-99.9%) of 500ml,BT,687,828,"568,836.00","857,261.00",ETB,MOH-NCD,Truck,,,6/29/2026,6/30/2026,Lucy Insurance,Lucy/LCM/PRB/041391/26,6/26/2027,343,ENTER DATE,,,,,,,,"46,221",,,,,
,,,,,,,Denatured alcohol solution spray bottle 500ml,BT,685,395,"270,575.00",,,,,,,,,,,,,,,,,,,,,,,,,,
,,,,,,,Bleached (10 times dilution of 5%-0.5% NAHOCL) of 500ml,BT,42,425,"17,850.00",,,,,,,,,,,,,,,,,,,,,,,,,,
,6/29/2026,EPSA-NCB-G-0119-2018-BID,4500011308,Afrovision Pharmaceuticals,Ethiopia,Afrovision Pharmaceuticals,Chemical povidone iodine 10% solution of 130ml,BT,"30,404",108,"3,283,632.00","3,283,632.00",ETB,SDG-MH,Truck,,,6/29/2026,6/30/2026,Lucy Insurance,Lucy/LCM/PRB/041391/26,6/26/2027,,ENTER DATE,,,,,,,,"46,221",,,,,
,6/29/2026,EPSA-ICB-G-0134-2018-BID,4500011685,Leben laboratories,India,DAT International Trading PLC,Albendazole 400mg tablet of 10x10,PAC,"439,577",1.79,"786,842.83","786,842.83",USD,MOF-NUT,Sea,6/30/2026,6/30/2026,7/10/2026,7/11/2026,Ahadu bank,AHB-IPER26031,1/5/2027,171,10,,,,Mulugeta,,,,"46,221",,,,,
,6/30/2026,ICB/EPSA6/MOH/GF/NFMIII/ARV/OI/PH/20/23,4500011741,Mylan Laboratory Ltd,India,ZE-EL Trading private limited company,ATRI Atazanavir (ATV)+ Ritonavir (RTV) (300MG+100MG) Tablet of 30,PAC,"71,996",8.22,"591,807.12","591,807.12",USD,GF-HIV,Sea,7/13/2026,,,,,,,"-46,221",ENTER DATE,,,,,,,,"46,221",,,,,
,6/30/2026,ICB/FW/EPSA6/MOH-GF/ARV/PH/01/23,4500011751,Mylan Laboratories,India,ZE-EL Trading private limited company,Lamuvudine (3TC) +Dolutugravir(DTG) +Tenofovir (TDF) (300MG+50MG+300MG)Tablet of 90,PAC,"144,369",8.4,"1,212,699.60","1,212,699.60",USD,GF-HIV,Sea,7/13/2026,,,,,,,"-46,221",ENTER DATE,,,,,,,,"46,221",,,,,
,7/1/2026,EPSA-NCB-G-0122-2018-BID,4500010939,Life care pharmaceutical tradiing,Ethiopia,Life care pharmaceutical tradiing,Biohazard bags disposable 37x48cm of 100 bags,PAC,108,5179.01,"559,333.08","559,333.08",ETB,GF-HIV,Truck,7/1/2026,,6/29/2026,6/30/2026,Tsehay Insurance S.C,TISC/TLB/PRB/060124/05-26,5/29/2027,315,ENTER DATE,,,,,,,,"46,221",,,,,
,7/1/2026,EPSA-NCB-G-0122-2018-BID,4500010938,Life care pharmaceutical tradiing,Ethiopia,Life care pharmaceutical tradiing,Sharp container paper bord 5L Yellow of 25 pcs,PAC,"12,892",2150,"27,717,800.00","43,632,897.73",ETB,MOH-HIV,Truck,7/1/2026,,6/29/2026,6/30/2026,Tsehay Insurance S.C,TISC/TLB/PRB/060124/05-26,5/29/2027,315,ENTER DATE,,,,,,,,"46,221",,,,,
,,,,,,,Biohazard bags disposable 37x48cm of 100 bags,PAC,"3,073",5179.01,"15,915,097.73",,,,,,,,,,,,"-46,221",ENTER DATE,,,,,,,,"46,221",,,,,
,7/1/2026,EPSA-ICB-G-0152-2018-BID,4500011420,Hexagone Nutrition,China,Riyo pharma,RUTF 92g sachet paste pack of 150,PAC,"68,269",45.98,"3,139,008.62","3,139,008.62",USD,MOF-NUT,Sea,,7/2/2026,,,,,,"-46,221",16,,,,,,,,"46,221",,,,,
,7/1/2026,EPSA-ICB-G-0152-2018-BID,4500011421,Hexagone Nutrition,China,Riyo pharma,RUTF 92g sachet paste pack of 150,PAC,"8,268",45.98,"380,162.64","380,162.64",USD,MOH-TB,Sea,,,,,,,,"-46,221",ENTER DATE,,,,,,,,"46,221",,,,,
,7/1/2026,EPSA-ICB-G-0152-2018-BID,4500011423,Hexagone Nutrition,China,Riyo pharma,RUSF 100g sachet paste pack of 150,PAC,"14,197",46.45,"659,450.65","659,450.65",USD,SDG-HIV,Sea,,,,,,,,"-46,221",ENTER DATE,,,,,,,,"46,221",,,,,
,7/1/2026,EPSA-ICB-G-0152-2018-BID,4500011425,Hexagone Nutrition,China,Riyo pharma,RUSF 100g sachet paste pack of 150,PAC,"13,076",46.45,"607,380.20","607,380.20",USD,MOH-TB,Sea,,,,,,,,"-46,221",ENTER DATE,,,,,,,,"46,221",,,,,
,7/1/2026,EPSA-ICB-G-0152-2018-BID,4500011418,Hexagone Nutrition,China,Riyo pharma,RUTF 92g sachet paste pack of 150,PAC,"16,045",45.98,"737,749.10","737,749.10",USD,SDG-HIV,Sea,,,,,,,,"-46,221",ENTER DATE,,,,,,,,"46,221",,,,,
,,,4500011747,Hetro Labs Limited,,,,,,,0.00,0.00,,,,,,7/2/2026,7/2/2026,CBE,MD2616980177,6/30/2027,347,ENTER DATE,,,,,,,,"46,221",,,,,
,7/3/2026,EPSA-ICB-G-0152-2018-BID,4500011436,Tenama International,UAE,Life care Pharmaceutical Trading ,RUTF 92g sachet paste pack of 150,PAC,"8,641",45.98,"397,313.18","397,313.18",USD,MOH-HIV,Sea,7/14/2026,7/14/2026,,,,,,"-46,221",4,,,,,,,,"46,221",,,,,
,7/3/2026,EPSA-ICB-G-0152-2018-BID,4500011440,Tenama International,UAE,Life care Pharmaceutical Trading ,RUTF 92g sachet paste pack of 150,PAC,"102,403",45.98,"4,708,489.94","4,708,489.94",USD,MOF-NUT,Sea,7/14/2026,7/14/2026,,,,,,"-46,221",4,,,,,,,,"46,221",,,,,
,7/3/2026,EPSA-ICB-G-0152-2018-BID,4500011438,Tenama International,UAE,Life care Pharmaceutical Trading ,RUTF 92g sachet paste pack of 150,PAC,"80,374",45.98,"3,695,596.52","3,695,596.52",USD,SDG-NUT,Sea,Tripartite,7/14/2026,,,,,,"-46,221",4,,,,,,,,"46,221",,,,,
,7/3/2026,EPSA-ICB-G-0152-2018-BID,4500011434,Tenama International,UAE,Life care Pharmaceutical Trading ,RUTF 92g sachet paste pack of 150,PAC,"24,068",45.98,"1,106,646.64","1,106,646.64",USD,SDG-HIV,Sea,Tripartite,7/14/2026,,,,,,"-46,221",4,,,,,,,,"46,221",,,,,
,7/3/2026,EPSA-ICB-G-0152-2018-BID,4500011433,Tenama International,UAE,Life care Pharmaceutical Trading ,RUSF 100g sachet paste pack of 150,PAC,"5,092",46.45,"236,523.40","236,523.40",USD,MOH-HIV,Sea,7/14/2026,7/14/2026,,,,,,"-46,221",4,,,,,,,,"46,221",,,,,
,7/3/2026,EPSA-ICB-G-0152-2018-BID,4500011427,Tenama International,UAE,Life care Pharmaceutical Trading ,RUSF 100g sachet paste pack of 150,PAC,"9,465",46.45,"439,649.25","439,649.25",USD,SDG-HIV,Sea,Tripartite,7/14/2026,,,,,,"-46,221",4,,,,,,,,"46,221",,,,,
,7/3/2026,ICB/EPSS6/SDG and RDF/MD/19/24,4500012302,Medoglobal Group FZC,UAE,Aanaa BA Trading PLC,Sterilizer steam 80L,EA,100,23880,"2,388,000.00","2,388,000.00",USD,RDF,Sea,Tripartite,,,,,,,"-46,221",ENTER DATE,,,,,,,,"46,221",,,,,
,7/3/2026,EPSA-NCB-G-0153-2018-BID,4500011969,sanaheng Pharmaceutical  PLC,Ethiopia,sanaheng Pharmaceutical  PLC,Normal saline 0.009 IV infision with giving set of 1000ml,BAG,"4,255,280",180,"765,950,400.00","765,950,400.00",ETB,SDG-MH,Truck,,,7/3/2026,7/4/2026,Nib Insurance Company S.Co,P/021/59/02/2026/07/000366,7/2/2027,349,ENTER DATE,,,,,,,,"46,221",,,,,
,7/3/2026,EPSA-NCB-G-0081-2018-BID,4500010127,Life Cre Pharmceuticals trading,Ethiopia,Life Cre Pharmceuticals trading,Sample collection tube round bottom gradguates screw top 50ml of 50,PAC,"6,870",558.61,"3,837,650.70","3,837,650.70",ETB,GF-HIV,Truck,6/30/2027,,7/3/2026,7/6/2026,Awash Bank,AB/IFB/CRM&OP/1621/26,7/2/2027,349,ENTER DATE,,,,,,,,"46,221",,,,,
,7/6/2026,EPSS6/RT2/RDF-R/PLACMENT /LR/20/18,4500011203,High Technology Inc,USA,Labtrace, Micro CC 20 Plus-Lyse of 1 L,BT,321,151,"48,471.00","118,677.58",USD,RDF,Sea,7/6/2026,,,,,,,"-46,221",ENTER DATE,,,,,,,,"46,221",,,,,
,,,,,,, Micro CC 20 Plus Diluent of 20 L,JAR,369,90,"33,210.00",,,,,,,,,,,,,,,,,,,,,"46,221",,,,,
,,,,,,, Micro CC-20 Plus Cleaner of 1 L,BT,589,47.22,"27,812.58",,,,,,,,,,,,,,,,,,,,,"46,221",,,,,
,,,,,,," Micro CC 20 Plus -Enzymatic Cleaner 
Concentrate of 50 ml",BT,224,41,"9,184.00",,,,,,,,,,,,,,,,,,,,,"46,221",,,,,
,7/6/2026,EPSA-NCB-G-0119-2018-BID,4500012044,Bahita Hailu G/yohanise / Lemamat Trading and Insustry ,Ethiopia,Bahita Hailu G/yohanise / Lemamat Trading and Insustry ,Glove examination latex non powderd medium of 100 pieces,PAC,"765,296",898,"687,235,808.00","687,235,808.00",ETB,RDF,Truck,7/8/2026,,7/6/2026,7/7/2026,Hibret Insurance,GU/07/7512/2026/00006,7/3/2027,350,ENTER DATE,,,,,,,,"46,221",,,,,
,,,,,,,,,,,0.00,0.00,,,,,,,,,,,"-46,221",,,,,,,,,"46,221",,,,,
,,,,,,,,,,,0.00,0.00,,,,,,,,,,,"-46,221",,,,,,,,,"46,221",,,,,
,,,,,,,,,,,0.00,0.00,,,,,,,,,,,"-46,221",,,,,,,,,"46,221",,,,,
,,,,,,,,,,,0.00,0.00,,,,,,,,,,,"-46,221",,,,,,,,,"46,221",,,,,
,,,,,,,,,,,0.00,0.00,,,,,,,,,,,"-46,221",,,,,,,,,"46,221",,,,,
,,,,,,,,,,,0.00,0.00,,,,,,,,,,,,,,,,,,,,"46,221",,,,,
,,,,,,,,,,,0.00,0.00,,,,,,,,,,,,,,,,,,,,"46,221",,,,,
,,,,,,,,,,,0.00,0.00,,,,,,,,,,,,,,,,,,,,"46,221",,,,,
,,,,,,,,,,,0.00,0.00,,,,,,,,,,,,,,,,,,,,"46,221",,,,,
,,,,,,,,,,,0.00,0.00,,,,,,,,,,,,,,,,,,,,"46,221",,,,,
,,,,,,,,,,,0.00,0.00,,,,,,,,,,,,,,,,,,,,"46,221",,,,,
,,,,,,,,,,,0.00,0.00,,,,,,,,,,,,,,,,,,,,"46,221",,,,,
,,,,,,,,,,,0.00,0.00,,,,,,,,,,,,,,,,,,,,"46,221",,,,,
,,,,,,,,,,,0.00,0.00,,,,,,,,,,,,,,,,,,,,"46,221",,,,,
,,,,,,,,,,,0.00,0.00,,,,,,,,,,,,,,,,,,,,"46,221",,,,,
,,,,,,,,,,,0.00,0.00,,,,,,,,,,,,,,,,,,,,"46,221",,,,,
,,,,,,,,,,,0.00,0.00,,,,,,,,,,,,,,,,,,,,"46,221",,,,,
,,,,,,,,,,,0.00,0.00,,,,,,,,,,,,,,,,,,,,"46,221",,,,,
,,,,,,,,,,,0.00,0.00,,,,,,,,,,,,,,,,,,,,"46,221",,,,,
,,,,,,,,,,,0.00,0.00,,,,,,,,,,,,,,,,,,,,"46,221",,,,,
,,,,,,,,,,,0.00,0.00,,,,,,,,,,,,,,,,,,,,"46,221",,,,,
,,,,,,,,,,,0.00,0.00,,,,,,,,,,,,,,,,,,,,"46,221",,,,,
,,,,,,,,,,,0.00,0.00,,,,,,,,,,,,,,,,,,,,"46,221",,,,,
,,,,,,,,,,,0.00,0.00,,,,,,,,,,,,,,,,,,,,"46,221",,,,,
,,,,,,,,,,,0.00,0.00,,,,,,,,,,,,,,,,,,,,"46,221",,,,,
,,,,,,,,,,,0.00,0.00,,,,,,,,,,,,,,,,,,,,"46,221",,,,,
,,,,,,,,,,,0.00,0.00,,,,,,,,,,,,,,,,,,,,"46,221",,,,,
,,,,,,,,,,,0.00,0.00,,,,,,,,,,,,,,,,,,,,"46,221",,,,,
,,,,,,,,,,,0.00,0.00,,,,,,,,,,,,,,,,,,,,"46,221",,,,,
,,,,,,,,,,,0.00,0.00,,,,,,,,,,,,,,,,,,,,"46,221",,,,,
,,,,,,,,,,,0.00,0.00,,,,,,,,,,,,,,,,,,,,"46,221",,,,,
,,,,,,,,,,,0.00,0.00,,,,,,,,,,,,,,,,,,,,"46,221",,,,,
,,,,,,,,,,,0.00,0.00,,,,,,,,,,,,,,,,,,,,"46,221",,,,,
,,,,,,,,,,,0.00,0.00,,,,,,,,,,,,,,,,,,,,"46,221",,,,,
,,,,,,,,,,,0.00,0.00,,,,,,,,,,,,,,,,,,,,"46,221",,,,,
,,,,,,,,,,,0.00,0.00,,,,,,,,,,,,,,,,,,,,"46,221",,,,,
,,,,,,,,,,,0.00,0.00,,,,,,,,,,,,,,,,,,,,"46,221",,,,,
,,,,,,,,,,,0.00,0.00,,,,,,,,,,,,,,,,,,,,"46,221",,,,,
,,,,,,,,,,,0.00,0.00,,,,,,,,,,,,,,,,,,,,"46,221",,,,,
,,,,,,,,,,,0.00,0.00,,,,,,,,,,,,,,,,,,,,"46,221",,,,,
,,,,,,,,,,,0.00,0.00,,,,,,,,,,,,,,,,,,,,"46,221",,,,,
,,,,,,,,,,,0.00,0.00,,,,,,,,,,,,,,,,,,,,"46,221",,,,,
,,,,,,,,,,,0.00,0.00,,,,,,,,,,,,,,,,,,,,"46,221",,,,,
,,,,,,,,,,,0.00,0.00,,,,,,,,,,,,,,,,,,,,"46,221",,,,,
,,,,,,,,,,,0.00,0.00,,,,,,,,,,,,,,,,,,,,"46,221",,,,,
,,,,,,,,,,,0.00,0.00,,,,,,,,,,,,,,,,,,,,"46,221",,,,,
,,,,,,,,,,,0.00,0.00,,,,,,,,,,,,,,,,,,,,"46,221",,,,,
,,,,,,,,,,,0.00,0.00,,,,,,,,,,,,,,,,,,,,"46,221",,,,,
,,,,,,,,,,,0.00,0.00,,,,,,,,,,,,,,,,,,,,"46,221",,,,,
,,,,,,,,,,,0.00,0.00,,,,,,,,,,,,,,,,,,,,"46,221",,,,,
,,,,,,,,,,,0.00,0.00,,,,,,,,,,,,,,,,,,,,"46,221",,,,,
,,,,,,,,,,,0.00,0.00,,,,,,,,,,,,,,,,,,,,"46,221",,,,,
,,,,,,,,,,,0.00,0.00,,,,,,,,,,,,,,,,,,,,"46,221",,,,,
,,,,,,,,,,,0.00,0.00,,,,,,,,,,,,,,,,,,,,"46,221",,,,,
,,,,,,,,,,,0.00,0.00,,,,,,,,,,,,,,,,,,,,"46,221",,,,,
,,,,,,,,,,,0.00,0.00,,,,,,,,,,,,,,,,,,,,"46,221",,,,,
,,,,,,,,,,,0.00,0.00,,,,,,,,,,,,,,,,,,,,"46,221",,,,,
,,,,,,,,,,,0.00,0.00,,,,,,,,,,,,,,,,,,,,"46,221",,,,,
,,,,,,,,,,,0.00,0.00,,,,,,,,,,,,,,,,,,,,"46,221",,,,,
,,,,,,,,,,,0.00,0.00,,,,,,,,,,,,,,,,,,,,"46,221",,,,,
,,,,,,,,,,,0.00,0.00,,,,,,,,,,,,,,,,,,,,"46,221",,,,,
,,,,,,,,,,,0.00,0.00,,,,,,,,,,,,,,,,,,,,"46,221",,,,,
,,,,,,,,,,,0.00,0.00,,,,,,,,,,,,,,,,,,,,"46,221",,,,,
,,,,,,,,,,,0.00,0.00,,,,,,,,,,,,,,,,,,,,"46,221",,,,,
,,,,,,,,,,,0.00,0.00,,,,,,,,,,,,,,,,,,,,"46,221",,,,,
,,,,,,,,,,,0.00,0.00,,,,,,,,,,,,,,,,,,,,"46,221",,,,,
,,,,,,,,,,,0.00,0.00,,,,,,,,,,,,,,,,,,,,"46,221",,,,,
,,,,,,,,,,,0.00,0.00,,,,,,,,,,,,,,,,,,,,"46,221",,,,,
,,,,,,,,,,,0.00,0.00,,,,,,,,,,,,,,,,,,,,"46,221",,,,,
,,,,,,,,,,,0.00,0.00,,,,,,,,,,,,,,,,,,,,"46,221",,,,,
,,,,,,,,,,,0.00,0.00,,,,,,,,,,,,,,,,,,,,"46,221",,,,,
,,,,,,,,,,,0.00,0.00,,,,,,,,,,,,,,,,,,,,"46,221",,,,,
,,,,,,,,,,,0.00,0.00,,,,,,,,,,,,,,,,,,,,"46,221",,,,,
,,,,,,,,,,,0.00,0.00,,,,,,,,,,,,,,,,,,,,"46,221",,,,,
,,,,,,,,,,,0.00,0.00,,,,,,,,,,,,,,,,,,,,"46,221",,,,,
,,,,,,,,,,,0.00,0.00,,,,,,,,,,,,,,,,,,,,"46,221",,,,,
,,,,,,,,,,,0.00,0.00,,,,,,,,,,,,,,,,,,,,"46,221",,,,,
,,,,,,,,,,,0.00,0.00,,,,,,,,,,,,,,,,,,,,"46,221",,,,,
,,,,,,,,,,,0.00,0.00,,,,,,,,,,,,,,,,,,,,"46,221",,,,,
,,,,,,,,,,,0.00,0.00,,,,,,,,,,,,,,,,,,,,"46,221",,,,,
,,,,,,,,,,,0.00,0.00,,,,,,,,,,,,,,,,,,,,"46,221",,,,,
,,,,,,,,,,,0.00,0.00,,,,,,,,,,,,,,,,,,,,"46,221",,,,,
,,,,,,,,,,,0.00,0.00,,,,,,,,,,,,,,,,,,,,"46,221",,,,,
,,,,,,,,,,,0.00,0.00,,,,,,,,,,,,,,,,,,,,"46,221",,,,,
,,,,,,,,,,,0.00,0.00,,,,,,,,,,,,,,,,,,,,"46,221",,,,,
,,,,,,,,,,,0.00,0.00,,,,,,,,,,,,,,,,,,,,"46,221",,,,,
,,,,,,,,,,,0.00,0.00,,,,,,,,,,,,,,,,,,,,"46,221",,,,,
,,,,,,,,,,,0.00,0.00,,,,,,,,,,,,,,,,,,,,"46,221",,,,,
,,,,,,,,,,,0.00,0.00,,,,,,,,,,,,,,,,,,,,"46,221",,,,,
,,,,,,,,,,,0.00,0.00,,,,,,,,,,,,,,,,,,,,,,,,,
,,,,,,,,,,,0.00,0.00,,,,,,,,,,,,,,,,,,,,,,,,,
,,,,,,,,,,,0.00,0.00,,,,,,,,,,,,,,,,,,,,,,,,,
,,,,,,,,,,,0.00,0.00,,,,,,,,,,,,,,,,,,,,,,,,,
,,,,,,,,,,,0.00,0.00,,,,,,,,,,,,,,,,,,,,,,,,,
,,,,,,,,,,,0.00,0.00,,,,,,,,,,,,,,,,,,,,,,,,,
,,,,,,,,,,,0.00,0.00,,,,,,,,,,,,,,,,,,,,,,,,,
,,,,,,,,,,,0.00,0.00,,,,,,,,,,,,,,,,,,,,,,,,,
,,,,,,,,,,,0.00,0.00,,,,,,,,,,,,,,,,,,,,,,,,,
,,,,,,,,,,,0.00,0.00,,,,,,,,,,,,,,,,,,,,,,,,,
,,,,,,,,,,,0.00,0.00,,,,,,,,,,,,,,,,,,,,,,,,,
,,,,,,,,,,,0.00,0.00,,,,,,,,,,,,,,,,,,,,,,,,,
,,,,,,,,,,,0.00,0.00,,,,,,,,,,,,,,,,,,,,,,,,,
,,,,,,,,,,,0.00,0.00,,,,,,,,,,,,,,,,,,,,,,,,,
,,,,,,,,,,,0.00,0.00,,,,,,,,,,,,,,,,,,,,,,,,,
,,,,,,,,,,,0.00,0.00,,,,,,,,,,,,,,,,,,,,,,,,,
,,,,,,,,,,,0.00,0.00,,,,,,,,,,,,,,,,,,,,,,,,,
,,,,,,,,,,,0.00,0.00,,,,,,,,,,,,,,,,,,,,,,,,,
,,,,,,,,,,,0.00,0.00,,,,,,,,,,,,,,,,,,,,,,,,,
,,,,,,,,,,,0.00,0.00,,,,,,,,,,,,,,,,,,,,,,,,,
,,,,,,,,,,,0.00,0.00,,,,,,,,,,,,,,,,,,,,,,,,,
,,,,,,,,,,,0.00,0.00,,,,,,,,,,,,,,,,,,,,,,,,,
,,,,,,,,,,,0.00,0.00,,,,,,,,,,,,,,,,,,,,,,,,,
,,,,,,,,,,,0.00,0.00,,,,,,,,,,,,,,,,,,,,,,,,,
,,,,,,,,,,,0.00,0.00,,,,,,,,,,,,,,,,,,,,,,,,,
,,,,,,,,,,,0.00,0.00,,,,,,,,,,,,,,,,,,,,,,,,,
,,,,,,,,,,,0.00,0.00,,,,,,,,,,,,,,,,,,,,,,,,,
,,,,,,,,,,,0.00,0.00,,,,,,,,,,,,,,,,,,,,,,,,,
,,,,,,,,,,,0.00,0.00,,,,,,,,,,,,,,,,,,,,,,,,,
,,,,,,,,,,,0.00,0.00,,,,,,,,,,,,,,,,,,,,,,,,,
,,,,,,,,,,,0.00,0.00,,,,,,,,,,,,,,,,,,,,,,,,,
,,,,,,,,,,,0.00,0.00,,,,,,,,,,,,,,,,,,,,,,,,,
,,,,,,,,,,,0.00,0.00,,,,,,,,,,,,,,,,,,,,,,,,,
,,,,,,,,,,,0.00,0.00,,,,,,,,,,,,,,,,,,,,,,,,,
,,,,,,,,,,,0.00,0.00,,,,,,,,,,,,,,,,,,,,,,,,,
,,,,,,,,,,,0.00,0.00,,,,,,,,,,,,,,,,,,,,,,,,,
,,,,,,,,,,,0.00,0.00,,,,,,,,,,,,,,,,,,,,,,,,,
,,,,,,,,,,,0.00,0.00,,,,,,,,,,,,,,,,,,,,,,,,,
,,,,,,,,,,,0.00,0.00,,,,,,,,,,,,,,,,,,,,,,,,,
,,,,,,,,,,,0.00,0.00,,,,,,,,,,,,,,,,,,,,,,,,,
,,,,,,,,,,,0.00,,,,,,,,,,,,,,,,,,,,,,,,,,